skill_a,skill_b,month,pair_postings,postings_a,postings_b,postings_that_month,confidence_a_to_b,lift
airflow,aws,2024-01-01,82,585,586,2880,0.14017094017094017,0.6888947230244159
airflow,azure,2024-01-01,82,585,586,2880,0.14017094017094017,0.6888947230244159
airflow,databricks,2024-01-01,78,585,400,2880,0.13333333333333333,0.96
airflow,dbt,2024-01-01,16,585,260,2880,0.02735042735042735,0.3029585798816568
airflow,docker,2024-01-01,81,585,570,2880,0.13846153846153847,0.6995951417004048
airflow,gcp,2024-01-01,82,585,581,2880,0.14017094017094017,0.6948232490401165
airflow,hadoop,2024-01-01,114,585,860,2880,0.19487179487179487,0.6525939177101968
airflow,hive,2024-01-01,82,585,586,2880,0.14017094017094017,0.6888947230244159
airflow,java,2024-01-01,51,585,329,2880,0.08717948717948718,0.7631517418751461
airflow,kafka,2024-01-01,82,585,586,2880,0.14017094017094017,0.6888947230244159
airflow,kubernetes,2024-01-01,75,585,476,2880,0.1282051282051282,0.7756948933419522
airflow,powerbi,2024-01-01,51,585,329,2880,0.08717948717948718,0.7631517418751461
airflow,python,2024-01-01,585,585,2880,2880,1.0,1.0
airflow,scala,2024-01-01,51,585,329,2880,0.08717948717948718,0.7631517418751461
airflow,snowflake,2024-01-01,63,585,520,2880,0.1076923076923077,0.5964497041420118
airflow,spark,2024-01-01,82,585,585,2880,0.14017094017094017,0.6900723208415516
airflow,sql,2024-01-01,82,585,585,2880,0.14017094017094017,0.6900723208415516
airflow,tableau,2024-01-01,51,585,329,2880,0.08717948717948718,0.7631517418751461
airflow,terraform,2024-01-01,76,585,499,2880,0.12991452991452992,0.7498073069215354
aws,airflow,2024-01-01,82,586,585,2880,0.13993174061433447,0.6888947230244159
aws,azure,2024-01-01,82,586,586,2880,0.13993174061433447,0.6877191347598691
aws,databricks,2024-01-01,55,586,400,2880,0.09385665529010238,0.6757679180887372
aws,dbt,2024-01-01,47,586,260,2880,0.08020477815699659,0.8884221580467314
aws,docker,2024-01-01,81,586,570,2880,0.13822525597269625,0.6984012933357284
aws,gcp,2024-01-01,82,586,581,2880,0.13993174061433447,0.6936375438369764
aws,hadoop,2024-01-01,102,586,860,2880,0.17406143344709898,0.5829034050321454
aws,hive,2024-01-01,82,586,586,2880,0.13993174061433447,0.6877191347598691
aws,java,2024-01-01,51,586,329,2880,0.08703071672354949,0.7618494351483968
aws,kafka,2024-01-01,82,586,586,2880,0.13993174061433447,0.6877191347598691
aws,kubernetes,2024-01-01,75,586,476,2880,0.12798634812286688,0.7743711819198669
aws,powerbi,2024-01-01,51,586,329,2880,0.08703071672354949,0.7618494351483968
aws,python,2024-01-01,586,586,2880,2880,1.0,1.0
aws,scala,2024-01-01,51,586,329,2880,0.08703071672354949,0.7618494351483968
aws,snowflake,2024-01-01,63,586,520,2880,0.1075085324232082,0.5954318718823838
aws,spark,2024-01-01,82,586,585,2880,0.13993174061433447,0.6888947230244159
aws,sql,2024-01-01,82,586,585,2880,0.13993174061433447,0.6888947230244159
aws,tableau,2024-01-01,51,586,329,2880,0.08703071672354949,0.7618494351483968
aws,terraform,2024-01-01,77,586,499,2880,0.13139931740614336,0.758376821903192
azure,airflow,2024-01-01,82,586,585,2880,0.13993174061433447,0.6888947230244159
azure,aws,2024-01-01,82,586,586,2880,0.13993174061433447,0.6877191347598691
azure,databricks,2024-01-01,47,586,400,2880,0.08020477815699659,0.5774744027303754
azure,dbt,2024-01-01,16,586,260,2880,0.027303754266211604,0.30244158571803625
azure,docker,2024-01-01,81,586,570,2880,0.13822525597269625,0.6984012933357284
azure,gcp,2024-01-01,82,586,581,2880,0.13993174061433447,0.6936375438369764
azure,hadoop,2024-01-01,316,586,860,2880,0.5392491467576792,1.8058576077466466
azure,hive,2024-01-01,82,586,586,2880,0.13993174061433447,0.6877191347598691
azure,java,2024-01-01,51,586,329,2880,0.08703071672354949,0.7618494351483968
azure,kafka,2024-01-01,82,586,586,2880,0.13993174061433447,0.6877191347598691
azure,kubernetes,2024-01-01,75,586,476,2880,0.12798634812286688,0.7743711819198669
azure,powerbi,2024-01-01,51,586,329,2880,0.08703071672354949,0.7618494351483968
azure,python,2024-01-01,586,586,2880,2880,1.0,1.0
azure,scala,2024-01-01,51,586,329,2880,0.08703071672354949,0.7618494351483968
azure,snowflake,2024-01-01,63,586,520,2880,0.1075085324232082,0.5954318718823838
azure,spark,2024-01-01,82,586,585,2880,0.13993174061433447,0.6888947230244159
azure,sql,2024-01-01,82,586,585,2880,0.13993174061433447,0.6888947230244159
azure,tableau,2024-01-01,51,586,329,2880,0.08703071672354949,0.7618494351483968
azure,terraform,2024-01-01,77,586,499,2880,0.13139931740614336,0.758376821903192
databricks,airflow,2024-01-01,78,400,585,2880,0.195,0.96
databricks,aws,2024-01-01,55,400,586,2880,0.1375,0.6757679180887372
databricks,azure,2024-01-01,47,400,586,2880,0.1175,0.5774744027303754
databricks,docker,2024-01-01,40,400,570,2880,0.1,0.5052631578947369
databricks,gcp,2024-01-01,40,400,581,2880,0.1,0.49569707401032703
databricks,hive,2024-01-01,152,400,586,2880,0.38,1.8675767918088737
databricks,java,2024-01-01,40,400,329,2880,0.1,0.8753799392097265
databricks,kafka,2024-01-01,280,400,586,2880,0.7,3.4402730375426622
databricks,kubernetes,2024-01-01,40,400,476,2880,0.1,0.6050420168067226
databricks,powerbi,2024-01-01,47,400,329,2880,0.1175,1.0285714285714285
databricks,python,2024-01-01,400,400,2880,2880,1.0,1.0
databricks,scala,2024-01-01,40,400,329,2880,0.1,0.8753799392097265
databricks,spark,2024-01-01,55,400,585,2880,0.1375,0.676923076923077
databricks,sql,2024-01-01,55,400,585,2880,0.1375,0.676923076923077
databricks,tableau,2024-01-01,55,400,329,2880,0.1375,1.203647416413374
databricks,terraform,2024-01-01,40,400,499,2880,0.1,0.5771543086172345
dbt,airflow,2024-01-01,16,260,585,2880,0.06153846153846154,0.3029585798816568
dbt,aws,2024-01-01,47,260,586,2880,0.18076923076923077,0.8884221580467314
dbt,azure,2024-01-01,16,260,586,2880,0.06153846153846154,0.30244158571803625
dbt,docker,2024-01-01,16,260,570,2880,0.06153846153846154,0.31093117408906884
dbt,gcp,2024-01-01,46,260,581,2880,0.17692307692307693,0.8770025155567325
dbt,hive,2024-01-01,16,260,586,2880,0.06153846153846154,0.30244158571803625
dbt,java,2024-01-01,16,260,329,2880,0.06153846153846154,0.5386953472059856
dbt,kafka,2024-01-01,47,260,586,2880,0.18076923076923077,0.8884221580467314
dbt,kubernetes,2024-01-01,46,260,476,2880,0.17692307692307693,1.070458952811894
dbt,powerbi,2024-01-01,46,260,329,2880,0.17692307692307693,1.5487491232172084
dbt,python,2024-01-01,260,260,2880,2880,1.0,1.0
dbt,scala,2024-01-01,46,260,329,2880,0.17692307692307693,1.5487491232172084
dbt,snowflake,2024-01-01,260,260,520,2880,1.0,5.538461538461538
dbt,spark,2024-01-01,50,260,585,2880,0.19230769230769232,0.9467455621301775
dbt,sql,2024-01-01,136,260,585,2880,0.5230769230769231,2.575147928994083
dbt,tableau,2024-01-01,16,260,329,2880,0.06153846153846154,0.5386953472059856
dbt,terraform,2024-01-01,16,260,499,2880,0.06153846153846154,0.35517188222599044
docker,airflow,2024-01-01,81,570,585,2880,0.14210526315789473,0.6995951417004048
docker,aws,2024-01-01,81,570,586,2880,0.14210526315789473,0.6984012933357284
docker,azure,2024-01-01,81,570,586,2880,0.14210526315789473,0.6984012933357284
docker,databricks,2024-01-01,40,570,400,2880,0.07017543859649122,0.5052631578947369
docker,dbt,2024-01-01,16,570,260,2880,0.028070175438596492,0.31093117408906884
docker,gcp,2024-01-01,81,570,581,2880,0.14210526315789473,0.7044116314883595
docker,hadoop,2024-01-01,324,570,860,2880,0.5684210526315789,1.9035495716034272
docker,hive,2024-01-01,81,570,586,2880,0.14210526315789473,0.6984012933357284
docker,java,2024-01-01,50,570,329,2880,0.08771929824561403,0.7678771396576548
docker,kafka,2024-01-01,81,570,586,2880,0.14210526315789473,0.6984012933357284
docker,kubernetes,2024-01-01,60,570,476,2880,0.10526315789473684,0.6368863334807607
docker,powerbi,2024-01-01,50,570,329,2880,0.08771929824561403,0.7678771396576548
docker,python,2024-01-01,570,570,2880,2880,1.0,1.0
docker,scala,2024-01-01,50,570,329,2880,0.08771929824561403,0.7678771396576548
docker,snowflake,2024-01-01,62,570,520,2880,0.10877192982456141,0.6024291497975709
docker,spark,2024-01-01,81,570,585,2880,0.14210526315789473,0.6995951417004048
docker,sql,2024-01-01,81,570,585,2880,0.14210526315789473,0.6995951417004048
docker,tableau,2024-01-01,50,570,329,2880,0.08771929824561403,0.7678771396576548
docker,terraform,2024-01-01,75,570,499,2880,0.13157894736842105,0.7594135639700453
gcp,airflow,2024-01-01,82,581,585,2880,0.14113597246127366,0.6948232490401165
gcp,aws,2024-01-01,82,581,586,2880,0.14113597246127366,0.6936375438369764
gcp,azure,2024-01-01,82,581,586,2880,0.14113597246127366,0.6936375438369764
gcp,databricks,2024-01-01,40,581,400,2880,0.06884681583476764,0.49569707401032703
gcp,dbt,2024-01-01,46,581,260,2880,0.07917383820998279,0.8770025155567325
gcp,docker,2024-01-01,81,581,570,2880,0.13941480206540446,0.7044116314883595
gcp,hadoop,2024-01-01,324,581,860,2880,0.5576592082616179,1.8675099067365808
gcp,hive,2024-01-01,82,581,586,2880,0.14113597246127366,0.6936375438369764
gcp,java,2024-01-01,50,581,329,2880,0.08605851979345955,0.7533390182527766
gcp,kafka,2024-01-01,82,581,586,2880,0.14113597246127366,0.6936375438369764
gcp,kubernetes,2024-01-01,71,581,476,2880,0.12220309810671257,0.7393800893851517
gcp,powerbi,2024-01-01,50,581,329,2880,0.08605851979345955,0.7533390182527766
gcp,python,2024-01-01,581,581,2880,2880,1.0,1.0
gcp,scala,2024-01-01,50,581,329,2880,0.08605851979345955,0.7533390182527766
gcp,snowflake,2024-01-01,62,581,520,2880,0.10671256454388985,0.5910234343969284
gcp,spark,2024-01-01,82,581,585,2880,0.14113597246127366,0.6948232490401165
gcp,sql,2024-01-01,82,581,585,2880,0.14113597246127366,0.6948232490401165
gcp,tableau,2024-01-01,50,581,329,2880,0.08605851979345955,0.7533390182527766
gcp,terraform,2024-01-01,76,581,499,2880,0.13080895008605853,0.7549694914786543
hadoop,airflow,2024-01-01,114,860,585,2880,0.1325581395348837,0.6525939177101968
hadoop,aws,2024-01-01,102,860,586,2880,0.1186046511627907,0.5829034050321454
hadoop,azure,2024-01-01,316,860,586,2880,0.3674418604651163,1.8058576077466466
hadoop,docker,2024-01-01,324,860,570,2880,0.3767441860465116,1.9035495716034272
hadoop,gcp,2024-01-01,324,860,581,2880,0.3767441860465116,1.8675099067365808
hadoop,hive,2024-01-01,113,860,586,2880,0.1313953488372093,0.6457655369473768
hadoop,java,2024-01-01,99,860,329,2880,0.11511627906976744,1.0077048137414293
hadoop,kafka,2024-01-01,113,860,586,2880,0.1313953488372093,0.6457655369473768
hadoop,kubernetes,2024-01-01,193,860,476,2880,0.22441860465116278,1.357826851670901
hadoop,powerbi,2024-01-01,99,860,329,2880,0.11511627906976744,1.0077048137414293
hadoop,python,2024-01-01,860,860,2880,2880,1.0,1.0
hadoop,scala,2024-01-01,99,860,329,2880,0.11511627906976744,1.0077048137414293
hadoop,spark,2024-01-01,114,860,585,2880,0.1325581395348837,0.6525939177101968
hadoop,sql,2024-01-01,114,860,585,2880,0.1325581395348837,0.6525939177101968
hadoop,tableau,2024-01-01,99,860,329,2880,0.11511627906976744,1.0077048137414293
hadoop,terraform,2024-01-01,99,860,499,2880,0.11511627906976744,0.6643985645710024
hive,airflow,2024-01-01,82,586,585,2880,0.13993174061433447,0.6888947230244159
hive,aws,2024-01-01,82,586,586,2880,0.13993174061433447,0.6877191347598691
hive,azure,2024-01-01,82,586,586,2880,0.13993174061433447,0.6877191347598691
hive,databricks,2024-01-01,152,586,400,2880,0.2593856655290102,1.8675767918088737
hive,dbt,2024-01-01,16,586,260,2880,0.027303754266211604,0.30244158571803625
hive,docker,2024-01-01,81,586,570,2880,0.13822525597269625,0.6984012933357284
hive,gcp,2024-01-01,82,586,581,2880,0.13993174061433447,0.6936375438369764
hive,hadoop,2024-01-01,113,586,860,2880,0.19283276450511946,0.6457655369473768
hive,java,2024-01-01,51,586,329,2880,0.08703071672354949,0.7618494351483968
hive,kafka,2024-01-01,82,586,586,2880,0.13993174061433447,0.6877191347598691
hive,kubernetes,2024-01-01,75,586,476,2880,0.12798634812286688,0.7743711819198669
hive,powerbi,2024-01-01,51,586,329,2880,0.08703071672354949,0.7618494351483968
hive,python,2024-01-01,586,586,2880,2880,1.0,1.0
hive,scala,2024-01-01,51,586,329,2880,0.08703071672354949,0.7618494351483968
hive,snowflake,2024-01-01,63,586,520,2880,0.1075085324232082,0.5954318718823838
hive,spark,2024-01-01,82,586,585,2880,0.13993174061433447,0.6888947230244159
hive,sql,2024-01-01,82,586,585,2880,0.13993174061433447,0.6888947230244159
hive,tableau,2024-01-01,51,586,329,2880,0.08703071672354949,0.7618494351483968
hive,terraform,2024-01-01,77,586,499,2880,0.13139931740614336,0.758376821903192
java,airflow,2024-01-01,51,329,585,2880,0.15501519756838905,0.7631517418751461
java,aws,2024-01-01,51,329,586,2880,0.15501519756838905,0.7618494351483968
java,azure,2024-01-01,51,329,586,2880,0.15501519756838905,0.7618494351483968
java,databricks,2024-01-01,40,329,400,2880,0.12158054711246201,0.8753799392097265
java,dbt,2024-01-01,16,329,260,2880,0.0486322188449848,0.5386953472059856
java,docker,2024-01-01,50,329,570,2880,0.1519756838905775,0.7678771396576548
java,gcp,2024-01-01,50,329,581,2880,0.1519756838905775,0.7533390182527766
java,hadoop,2024-01-01,99,329,860,2880,0.3009118541033435,1.0077048137414293
java,hive,2024-01-01,51,329,586,2880,0.15501519756838905,0.7618494351483968
java,kafka,2024-01-01,51,329,586,2880,0.15501519756838905,0.7618494351483968
java,kubernetes,2024-01-01,29,329,476,2880,0.08814589665653495,0.5333197108630686
java,powerbi,2024-01-01,20,329,329,2880,0.060790273556231005,0.5321458597019614
java,python,2024-01-01,329,329,2880,2880,1.0,1.0
java,scala,2024-01-01,20,329,329,2880,0.060790273556231005,0.5321458597019614
java,snowflake,2024-01-01,62,329,520,2880,0.1884498480243161,1.043722235211597
java,spark,2024-01-01,51,329,585,2880,0.15501519756838905,0.7631517418751461
java,sql,2024-01-01,51,329,585,2880,0.15501519756838905,0.7631517418751461
java,tableau,2024-01-01,20,329,329,2880,0.060790273556231005,0.5321458597019614
java,terraform,2024-01-01,31,329,499,2880,0.09422492401215805,0.5438232087274854
kafka,airflow,2024-01-01,82,586,585,2880,0.13993174061433447,0.6888947230244159
kafka,aws,2024-01-01,82,586,586,2880,0.13993174061433447,0.6877191347598691
kafka,azure,2024-01-01,82,586,586,2880,0.13993174061433447,0.6877191347598691
kafka,databricks,2024-01-01,280,586,400,2880,0.4778156996587031,3.4402730375426622
kafka,dbt,2024-01-01,47,586,260,2880,0.08020477815699659,0.8884221580467314
kafka,docker,2024-01-01,81,586,570,2880,0.13822525597269625,0.6984012933357284
kafka,gcp,2024-01-01,82,586,581,2880,0.13993174061433447,0.6936375438369764
kafka,hadoop,2024-01-01,113,586,860,2880,0.19283276450511946,0.6457655369473768
kafka,hive,2024-01-01,82,586,586,2880,0.13993174061433447,0.6877191347598691
kafka,java,2024-01-01,51,586,329,2880,0.08703071672354949,0.7618494351483968
kafka,kubernetes,2024-01-01,75,586,476,2880,0.12798634812286688,0.7743711819198669
kafka,powerbi,2024-01-01,51,586,329,2880,0.08703071672354949,0.7618494351483968
kafka,python,2024-01-01,586,586,2880,2880,1.0,1.0
kafka,scala,2024-01-01,51,586,329,2880,0.08703071672354949,0.7618494351483968
kafka,snowflake,2024-01-01,63,586,520,2880,0.1075085324232082,0.5954318718823838
kafka,spark,2024-01-01,82,586,585,2880,0.13993174061433447,0.6888947230244159
kafka,sql,2024-01-01,82,586,585,2880,0.13993174061433447,0.6888947230244159
kafka,tableau,2024-01-01,51,586,329,2880,0.08703071672354949,0.7618494351483968
kafka,terraform,2024-01-01,77,586,499,2880,0.13139931740614336,0.758376821903192
kubernetes,airflow,2024-01-01,75,476,585,2880,0.15756302521008403,0.7756948933419522
kubernetes,aws,2024-01-01,75,476,586,2880,0.15756302521008403,0.7743711819198669
kubernetes,azure,2024-01-01,75,476,586,2880,0.15756302521008403,0.7743711819198669
kubernetes,databricks,2024-01-01,40,476,400,2880,0.08403361344537816,0.6050420168067226
kubernetes,dbt,2024-01-01,46,476,260,2880,0.09663865546218488,1.070458952811894
kubernetes,docker,2024-01-01,60,476,570,2880,0.12605042016806722,0.6368863334807607
kubernetes,gcp,2024-01-01,71,476,581,2880,0.14915966386554622,0.7393800893851517
kubernetes,hadoop,2024-01-01,193,476,860,2880,0.4054621848739496,1.357826851670901
kubernetes,hive,2024-01-01,75,476,586,2880,0.15756302521008403,0.7743711819198669
kubernetes,java,2024-01-01,29,476,329,2880,0.06092436974789916,0.5333197108630686
kubernetes,kafka,2024-01-01,75,476,586,2880,0.15756302521008403,0.7743711819198669
kubernetes,powerbi,2024-01-01,29,476,329,2880,0.06092436974789916,0.5333197108630686
kubernetes,python,2024-01-01,476,476,2880,2880,1.0,1.0
kubernetes,scala,2024-01-01,29,476,329,2880,0.06092436974789916,0.5333197108630686
kubernetes,snowflake,2024-01-01,62,476,520,2880,0.13025210084033614,0.7213962508080155
kubernetes,spark,2024-01-01,75,476,585,2880,0.15756302521008403,0.7756948933419522
kubernetes,sql,2024-01-01,75,476,585,2880,0.15756302521008403,0.7756948933419522
kubernetes,tableau,2024-01-01,29,476,329,2880,0.06092436974789916,0.5333197108630686
kubernetes,terraform,2024-01-01,55,476,499,2880,0.11554621848739496,0.6668799784442835
powerbi,airflow,2024-01-01,51,329,585,2880,0.15501519756838905,0.7631517418751461
powerbi,aws,2024-01-01,51,329,586,2880,0.15501519756838905,0.7618494351483968
powerbi,azure,2024-01-01,51,329,586,2880,0.15501519756838905,0.7618494351483968
powerbi,databricks,2024-01-01,47,329,400,2880,0.14285714285714285,1.0285714285714285
powerbi,dbt,2024-01-01,46,329,260,2880,0.1398176291793313,1.5487491232172084
powerbi,docker,2024-01-01,50,329,570,2880,0.1519756838905775,0.7678771396576548
powerbi,gcp,2024-01-01,50,329,581,2880,0.1519756838905775,0.7533390182527766
powerbi,hadoop,2024-01-01,99,329,860,2880,0.3009118541033435,1.0077048137414293
powerbi,hive,2024-01-01,51,329,586,2880,0.15501519756838905,0.7618494351483968
powerbi,java,2024-01-01,20,329,329,2880,0.060790273556231005,0.5321458597019614
powerbi,kafka,2024-01-01,51,329,586,2880,0.15501519756838905,0.7618494351483968
powerbi,kubernetes,2024-01-01,29,329,476,2880,0.08814589665653495,0.5333197108630686
powerbi,python,2024-01-01,329,329,2880,2880,1.0,1.0
powerbi,scala,2024-01-01,20,329,329,2880,0.060790273556231005,0.5321458597019614
powerbi,snowflake,2024-01-01,62,329,520,2880,0.1884498480243161,1.043722235211597
powerbi,spark,2024-01-01,51,329,585,2880,0.15501519756838905,0.7631517418751461
powerbi,sql,2024-01-01,51,329,585,2880,0.15501519756838905,0.7631517418751461
powerbi,tableau,2024-01-01,20,329,329,2880,0.060790273556231005,0.5321458597019614
powerbi,terraform,2024-01-01,31,329,499,2880,0.09422492401215805,0.5438232087274854
python,airflow,2024-01-01,585,2880,585,2880,0.203125,1.0
python,aws,2024-01-01,586,2880,586,2880,0.20347222222222222,1.0
python,azure,2024-01-01,586,2880,586,2880,0.20347222222222222,1.0
python,databricks,2024-01-01,400,2880,400,2880,0.1388888888888889,1.0
python,dbt,2024-01-01,260,2880,260,2880,0.09027777777777778,1.0
python,docker,2024-01-01,570,2880,570,2880,0.19791666666666666,1.0
python,gcp,2024-01-01,581,2880,581,2880,0.20173611111111112,1.0
python,hadoop,2024-01-01,860,2880,860,2880,0.2986111111111111,1.0
python,hive,2024-01-01,586,2880,586,2880,0.20347222222222222,1.0
python,java,2024-01-01,329,2880,329,2880,0.11423611111111111,1.0
python,kafka,2024-01-01,586,2880,586,2880,0.20347222222222222,1.0
python,kubernetes,2024-01-01,476,2880,476,2880,0.16527777777777777,1.0
python,powerbi,2024-01-01,329,2880,329,2880,0.11423611111111111,1.0
python,scala,2024-01-01,329,2880,329,2880,0.11423611111111111,1.0
python,snowflake,2024-01-01,520,2880,520,2880,0.18055555555555555,1.0
python,spark,2024-01-01,585,2880,585,2880,0.203125,1.0
python,sql,2024-01-01,585,2880,585,2880,0.203125,1.0
python,tableau,2024-01-01,329,2880,329,2880,0.11423611111111111,1.0
python,terraform,2024-01-01,499,2880,499,2880,0.17326388888888888,1.0
scala,airflow,2024-01-01,51,329,585,2880,0.15501519756838905,0.7631517418751461
scala,aws,2024-01-01,51,329,586,2880,0.15501519756838905,0.7618494351483968
scala,azure,2024-01-01,51,329,586,2880,0.15501519756838905,0.7618494351483968
scala,databricks,2024-01-01,40,329,400,2880,0.12158054711246201,0.8753799392097265
scala,dbt,2024-01-01,46,329,260,2880,0.1398176291793313,1.5487491232172084
scala,docker,2024-01-01,50,329,570,2880,0.1519756838905775,0.7678771396576548
scala,gcp,2024-01-01,50,329,581,2880,0.1519756838905775,0.7533390182527766
scala,hadoop,2024-01-01,99,329,860,2880,0.3009118541033435,1.0077048137414293
scala,hive,2024-01-01,51,329,586,2880,0.15501519756838905,0.7618494351483968
scala,java,2024-01-01,20,329,329,2880,0.060790273556231005,0.5321458597019614
scala,kafka,2024-01-01,51,329,586,2880,0.15501519756838905,0.7618494351483968
scala,kubernetes,2024-01-01,29,329,476,2880,0.08814589665653495,0.5333197108630686
scala,powerbi,2024-01-01,20,329,329,2880,0.060790273556231005,0.5321458597019614
scala,python,2024-01-01,329,329,2880,2880,1.0,1.0
scala,snowflake,2024-01-01,62,329,520,2880,0.1884498480243161,1.043722235211597
scala,spark,2024-01-01,51,329,585,2880,0.15501519756838905,0.7631517418751461
scala,sql,2024-01-01,51,329,585,2880,0.15501519756838905,0.7631517418751461
scala,tableau,2024-01-01,20,329,329,2880,0.060790273556231005,0.5321458597019614
scala,terraform,2024-01-01,31,329,499,2880,0.09422492401215805,0.5438232087274854
snowflake,airflow,2024-01-01,63,520,585,2880,0.12115384615384615,0.5964497041420118
snowflake,aws,2024-01-01,63,520,586,2880,0.12115384615384615,0.5954318718823838
snowflake,azure,2024-01-01,63,520,586,2880,0.12115384615384615,0.5954318718823838
snowflake,dbt,2024-01-01,260,520,260,2880,0.5,5.538461538461538
snowflake,docker,2024-01-01,62,520,570,2880,0.11923076923076924,0.6024291497975709
snowflake,gcp,2024-01-01,62,520,581,2880,0.11923076923076924,0.5910234343969284
snowflake,hive,2024-01-01,63,520,586,2880,0.12115384615384615,0.5954318718823838
snowflake,java,2024-01-01,62,520,329,2880,0.11923076923076924,1.043722235211597
snowflake,kafka,2024-01-01,63,520,586,2880,0.12115384615384615,0.5954318718823838
snowflake,kubernetes,2024-01-01,62,520,476,2880,0.11923076923076924,0.7213962508080155
snowflake,powerbi,2024-01-01,62,520,329,2880,0.11923076923076924,1.043722235211597
snowflake,python,2024-01-01,520,520,2880,2880,1.0,1.0
snowflake,scala,2024-01-01,62,520,329,2880,0.11923076923076924,1.043722235211597
snowflake,spark,2024-01-01,70,520,585,2880,0.1346153846153846,0.6627218934911243
snowflake,sql,2024-01-01,288,520,585,2880,0.5538461538461539,2.7266272189349112
snowflake,tableau,2024-01-01,62,520,329,2880,0.11923076923076924,1.043722235211597
snowflake,terraform,2024-01-01,62,520,499,2880,0.11923076923076924,0.6881455218128565
spark,airflow,2024-01-01,82,585,585,2880,0.14017094017094017,0.6900723208415516
spark,aws,2024-01-01,82,585,586,2880,0.14017094017094017,0.6888947230244159
spark,azure,2024-01-01,82,585,586,2880,0.14017094017094017,0.6888947230244159
spark,databricks,2024-01-01,55,585,400,2880,0.09401709401709402,0.676923076923077
spark,dbt,2024-01-01,50,585,260,2880,0.08547008547008547,0.9467455621301775
spark,docker,2024-01-01,81,585,570,2880,0.13846153846153847,0.6995951417004048
spark,gcp,2024-01-01,82,585,581,2880,0.14017094017094017,0.6948232490401165
spark,hadoop,2024-01-01,114,585,860,2880,0.19487179487179487,0.6525939177101968
spark,hive,2024-01-01,82,585,586,2880,0.14017094017094017,0.6888947230244159
spark,java,2024-01-01,51,585,329,2880,0.08717948717948718,0.7631517418751461
spark,kafka,2024-01-01,82,585,586,2880,0.14017094017094017,0.6888947230244159
spark,kubernetes,2024-01-01,75,585,476,2880,0.1282051282051282,0.7756948933419522
spark,powerbi,2024-01-01,51,585,329,2880,0.08717948717948718,0.7631517418751461
spark,python,2024-01-01,585,585,2880,2880,1.0,1.0
spark,scala,2024-01-01,51,585,329,2880,0.08717948717948718,0.7631517418751461
spark,snowflake,2024-01-01,70,585,520,2880,0.11965811965811966,0.6627218934911243
spark,sql,2024-01-01,82,585,585,2880,0.14017094017094017,0.6900723208415516
spark,tableau,2024-01-01,51,585,329,2880,0.08717948717948718,0.7631517418751461
spark,terraform,2024-01-01,76,585,499,2880,0.12991452991452992,0.7498073069215354
sql,airflow,2024-01-01,82,585,585,2880,0.14017094017094017,0.6900723208415516
sql,aws,2024-01-01,82,585,586,2880,0.14017094017094017,0.6888947230244159
sql,azure,2024-01-01,82,585,586,2880,0.14017094017094017,0.6888947230244159
sql,databricks,2024-01-01,55,585,400,2880,0.09401709401709402,0.676923076923077
sql,dbt,2024-01-01,136,585,260,2880,0.23247863247863249,2.575147928994083
sql,docker,2024-01-01,81,585,570,2880,0.13846153846153847,0.6995951417004048
sql,gcp,2024-01-01,82,585,581,2880,0.14017094017094017,0.6948232490401165
sql,hadoop,2024-01-01,114,585,860,2880,0.19487179487179487,0.6525939177101968
sql,hive,2024-01-01,82,585,586,2880,0.14017094017094017,0.6888947230244159
sql,java,2024-01-01,51,585,329,2880,0.08717948717948718,0.7631517418751461
sql,kafka,2024-01-01,82,585,586,2880,0.14017094017094017,0.6888947230244159
sql,kubernetes,2024-01-01,75,585,476,2880,0.1282051282051282,0.7756948933419522
sql,powerbi,2024-01-01,51,585,329,2880,0.08717948717948718,0.7631517418751461
sql,python,2024-01-01,585,585,2880,2880,1.0,1.0
sql,scala,2024-01-01,51,585,329,2880,0.08717948717948718,0.7631517418751461
sql,snowflake,2024-01-01,288,585,520,2880,0.49230769230769234,2.7266272189349112
sql,spark,2024-01-01,82,585,585,2880,0.14017094017094017,0.6900723208415516
sql,tableau,2024-01-01,51,585,329,2880,0.08717948717948718,0.7631517418751461
sql,terraform,2024-01-01,76,585,499,2880,0.12991452991452992,0.7498073069215354
tableau,airflow,2024-01-01,51,329,585,2880,0.15501519756838905,0.7631517418751461
tableau,aws,2024-01-01,51,329,586,2880,0.15501519756838905,0.7618494351483968
tableau,azure,2024-01-01,51,329,586,2880,0.15501519756838905,0.7618494351483968
tableau,databricks,2024-01-01,55,329,400,2880,0.16717325227963525,1.203647416413374
tableau,dbt,2024-01-01,16,329,260,2880,0.0486322188449848,0.5386953472059856
tableau,docker,2024-01-01,50,329,570,2880,0.1519756838905775,0.7678771396576548
tableau,gcp,2024-01-01,50,329,581,2880,0.1519756838905775,0.7533390182527766
tableau,hadoop,2024-01-01,99,329,860,2880,0.3009118541033435,1.0077048137414293
tableau,hive,2024-01-01,51,329,586,2880,0.15501519756838905,0.7618494351483968
tableau,java,2024-01-01,20,329,329,2880,0.060790273556231005,0.5321458597019614
tableau,kafka,2024-01-01,51,329,586,2880,0.15501519756838905,0.7618494351483968
tableau,kubernetes,2024-01-01,29,329,476,2880,0.08814589665653495,0.5333197108630686
tableau,powerbi,2024-01-01,20,329,329,2880,0.060790273556231005,0.5321458597019614
tableau,python,2024-01-01,329,329,2880,2880,1.0,1.0
tableau,scala,2024-01-01,20,329,329,2880,0.060790273556231005,0.5321458597019614
tableau,snowflake,2024-01-01,62,329,520,2880,0.1884498480243161,1.043722235211597
tableau,spark,2024-01-01,51,329,585,2880,0.15501519756838905,0.7631517418751461
tableau,sql,2024-01-01,51,329,585,2880,0.15501519756838905,0.7631517418751461
tableau,terraform,2024-01-01,31,329,499,2880,0.09422492401215805,0.5438232087274854
terraform,airflow,2024-01-01,76,499,585,2880,0.1523046092184369,0.7498073069215354
terraform,aws,2024-01-01,77,499,586,2880,0.15430861723446893,0.758376821903192
terraform,azure,2024-01-01,77,499,586,2880,0.15430861723446893,0.758376821903192
terraform,databricks,2024-01-01,40,499,400,2880,0.08016032064128256,0.5771543086172345
terraform,dbt,2024-01-01,16,499,260,2880,0.03206412825651302,0.35517188222599044
terraform,docker,2024-01-01,75,499,570,2880,0.15030060120240482,0.7594135639700453
terraform,gcp,2024-01-01,76,499,581,2880,0.1523046092184369,0.7549694914786543
terraform,hadoop,2024-01-01,99,499,860,2880,0.19839679358717435,0.6643985645710024
terraform,hive,2024-01-01,77,499,586,2880,0.15430861723446893,0.758376821903192
terraform,java,2024-01-01,31,499,329,2880,0.06212424849699399,0.5438232087274854
terraform,kafka,2024-01-01,77,499,586,2880,0.15430861723446893,0.758376821903192
terraform,kubernetes,2024-01-01,55,499,476,2880,0.11022044088176353,0.6668799784442835
terraform,powerbi,2024-01-01,31,499,329,2880,0.06212424849699399,0.5438232087274854
terraform,python,2024-01-01,499,499,2880,2880,1.0,1.0
terraform,scala,2024-01-01,31,499,329,2880,0.06212424849699399,0.5438232087274854
terraform,snowflake,2024-01-01,62,499,520,2880,0.12424849699398798,0.6881455218128565
terraform,spark,2024-01-01,76,499,585,2880,0.1523046092184369,0.7498073069215354
terraform,sql,2024-01-01,76,499,585,2880,0.1523046092184369,0.7498073069215354
terraform,tableau,2024-01-01,31,499,329,2880,0.06212424849699399,0.5438232087274854
airflow,aws,2024-02-01,75,585,472,2880,0.1282051282051282,0.7822685788787483
airflow,azure,2024-02-01,72,585,434,2880,0.12307692307692308,0.8167316554413329
airflow,databricks,2024-02-01,56,585,418,2880,0.09572649572649573,0.659550975340449
airflow,dbt,2024-02-01,16,585,271,2880,0.02735042735042735,0.29066136815214305
airflow,docker,2024-02-01,51,585,330,2880,0.08717948717948718,0.7608391608391608
airflow,gcp,2024-02-01,51,585,330,2880,0.08717948717948718,0.7608391608391608
airflow,hadoop,2024-02-01,322,585,822,2880,0.5504273504273505,1.928504585438892
airflow,hive,2024-02-01,81,585,569,2880,0.13846153846153847,0.7008246586453968
airflow,java,2024-02-01,82,585,586,2880,0.14017094017094017,0.6888947230244159
airflow,kafka,2024-02-01,82,585,573,2880,0.14017094017094017,0.7045240971942542
airflow,kubernetes,2024-02-01,51,585,330,2880,0.08717948717948718,0.7608391608391608
airflow,powerbi,2024-02-01,82,585,586,2880,0.14017094017094017,0.6888947230244159
airflow,python,2024-02-01,202,585,1553,2880,0.3452991452991453,0.6403487047402051
airflow,scala,2024-02-01,82,585,586,2880,0.14017094017094017,0.6888947230244159
airflow,snowflake,2024-02-01,64,585,542,2880,0.1094017094017094,0.5813227363042861
airflow,spark,2024-02-01,82,585,585,2880,0.14017094017094017,0.6900723208415516
airflow,sql,2024-02-01,465,585,1912,2880,0.7948717948717948,1.1972964274219504
airflow,tableau,2024-02-01,82,585,586,2880,0.14017094017094017,0.6888947230244159
airflow,terraform,2024-02-01,55,585,401,2880,0.09401709401709402,0.6752349894494533
aws,airflow,2024-02-01,75,472,585,2880,0.15889830508474576,0.7822685788787483
aws,azure,2024-02-01,50,472,434,2880,0.1059322033898305,0.7029602436928845
aws,databricks,2024-02-01,41,472,418,2880,0.08686440677966102,0.5984916065201524
aws,dbt,2024-02-01,47,472,271,2880,0.09957627118644068,1.0582275314278566
aws,docker,2024-02-01,29,472,330,2880,0.0614406779661017,0.5362095531587057
aws,gcp,2024-02-01,29,472,330,2880,0.0614406779661017,0.5362095531587057
aws,hadoop,2024-02-01,96,472,822,2880,0.2033898305084746,0.7126067054311518
aws,hive,2024-02-01,59,472,569,2880,0.125,0.632688927943761
aws,java,2024-02-01,75,472,586,2880,0.15889830508474576,0.7809336495632556
aws,kafka,2024-02-01,63,472,573,2880,0.13347457627118645,0.6708669802111988
aws,kubernetes,2024-02-01,29,472,330,2880,0.0614406779661017,0.5362095531587057
aws,powerbi,2024-02-01,75,472,586,2880,0.15889830508474576,0.7809336495632556
aws,python,2024-02-01,195,472,1553,2880,0.413135593220339,0.7661497156951553
aws,scala,2024-02-01,75,472,586,2880,0.15889830508474576,0.7809336495632556
aws,snowflake,2024-02-01,63,472,542,2880,0.13347457627118645,0.7092376008505847
aws,spark,2024-02-01,75,472,585,2880,0.15889830508474576,0.7822685788787483
aws,sql,2024-02-01,352,472,1912,2880,0.7457627118644068,1.1233245869087298
aws,tableau,2024-02-01,75,472,586,2880,0.15889830508474576,0.7809336495632556
aws,terraform,2024-02-01,37,472,401,2880,0.07838983050847458,0.5629992814573735
azure,airflow,2024-02-01,72,434,585,2880,0.16589861751152074,0.8167316554413329
azure,aws,2024-02-01,50,434,472,2880,0.1152073732718894,0.7029602436928845
azure,databricks,2024-02-01,41,434,418,2880,0.0944700460829493,0.650894097413622
azure,dbt,2024-02-01,16,434,271,2880,0.03686635944700461,0.39179009301613754
azure,docker,2024-02-01,27,434,330,2880,0.06221198156682028,0.5429409300377043
azure,gcp,2024-02-01,27,434,330,2880,0.06221198156682028,0.5429409300377043
azure,hadoop,2024-02-01,96,434,822,2880,0.22119815668202766,0.7750008409297319
azure,hive,2024-02-01,71,434,569,2880,0.16359447004608296,0.8280352789678715
azure,java,2024-02-01,58,434,586,2880,0.1336405529953917,0.6567999874176248
azure,kafka,2024-02-01,71,434,573,2880,0.16359447004608296,0.8222549279803122
azure,kubernetes,2024-02-01,27,434,330,2880,0.06221198156682028,0.5429409300377043
azure,powerbi,2024-02-01,58,434,586,2880,0.1336405529953917,0.6567999874176248
azure,python,2024-02-01,192,434,1553,2880,0.4423963133640553,0.8204129958071341
azure,scala,2024-02-01,58,434,586,2880,0.1336405529953917,0.6567999874176248
azure,snowflake,2024-02-01,63,434,542,2880,0.14516129032258066,0.7713367456255208
azure,spark,2024-02-01,72,434,585,2880,0.16589861751152074,0.8167316554413329
azure,sql,2024-02-01,314,434,1912,2880,0.7235023041474654,1.0897942656614543
azure,tableau,2024-02-01,58,434,586,2880,0.1336405529953917,0.6567999874176248
azure,terraform,2024-02-01,31,434,401,2880,0.07142857142857142,0.5130032062700391
databricks,airflow,2024-02-01,56,418,585,2880,0.1339712918660287,0.659550975340449
databricks,aws,2024-02-01,41,418,472,2880,0.09808612440191387,0.5984916065201524
databricks,azure,2024-02-01,41,418,434,2880,0.09808612440191387,0.650894097413622
databricks,docker,2024-02-01,41,418,330,2880,0.09808612440191387,0.8560243584167029
databricks,gcp,2024-02-01,41,418,330,2880,0.09808612440191387,0.8560243584167029
databricks,hive,2024-02-01,41,418,569,2880,0.09808612440191387,0.4964640391520421
databricks,java,2024-02-01,56,418,586,2880,0.1339712918660287,0.6584254617306531
databricks,kafka,2024-02-01,43,418,573,2880,0.10287081339712918,0.5170470202159373
databricks,kubernetes,2024-02-01,56,418,330,2880,0.1339712918660287,1.1692040017398868
databricks,powerbi,2024-02-01,56,418,586,2880,0.1339712918660287,0.6584254617306531
databricks,python,2024-02-01,372,418,1553,2880,0.8899521531100478,1.6503942053811576
databricks,scala,2024-02-01,56,418,586,2880,0.1339712918660287,0.6584254617306531
databricks,spark,2024-02-01,56,418,585,2880,0.1339712918660287,0.659550975340449
databricks,sql,2024-02-01,328,418,1912,2880,0.784688995215311,1.1819583191527696
databricks,tableau,2024-02-01,131,418,586,2880,0.3133971291866029,1.540245276548492
databricks,terraform,2024-02-01,56,418,401,2880,0.1339712918660287,0.9621878318557673
dbt,airflow,2024-02-01,16,271,585,2880,0.05904059040590406,0.29066136815214305
dbt,aws,2024-02-01,47,271,472,2880,0.17343173431734318,1.0582275314278566
dbt,azure,2024-02-01,16,271,434,2880,0.05904059040590406,0.39179009301613754
dbt,docker,2024-02-01,16,271,330,2880,0.05904059040590406,0.5152633344515263
dbt,gcp,2024-02-01,48,271,330,2880,0.17712177121771217,1.545790003354579
dbt,hive,2024-02-01,16,271,569,2880,0.05904059040590406,0.2988346227926251
dbt,java,2024-02-01,123,271,586,2880,0.45387453874538747,2.2306461972469553
dbt,kafka,2024-02-01,48,271,573,2880,0.17712177121771217,0.8902455516701764
dbt,kubernetes,2024-02-01,48,271,330,2880,0.17712177121771217,1.545790003354579
dbt,powerbi,2024-02-01,48,271,586,2880,0.17712177121771217,0.8704960769744217
dbt,python,2024-02-01,271,271,1553,2880,1.0,1.854475209272376
dbt,scala,2024-02-01,160,271,586,2880,0.5904059040590406,2.901653589914739
dbt,snowflake,2024-02-01,271,271,542,2880,1.0,5.313653136531365
dbt,spark,2024-02-01,48,271,585,2880,0.17712177121771217,0.8719841044564292
dbt,sql,2024-02-01,16,271,1912,2880,0.05904059040590406,0.08893143324738687
dbt,tableau,2024-02-01,16,271,586,2880,0.05904059040590406,0.2901653589914739
dbt,terraform,2024-02-01,52,271,401,2880,0.1918819188191882,1.3781045541128727
docker,airflow,2024-02-01,51,330,585,2880,0.15454545454545454,0.7608391608391608
docker,aws,2024-02-01,29,330,472,2880,0.08787878787878788,0.5362095531587057
docker,azure,2024-02-01,27,330,434,2880,0.08181818181818182,0.5429409300377043
docker,databricks,2024-02-01,41,330,418,2880,0.12424242424242424,0.8560243584167029
docker,dbt,2024-02-01,16,330,271,2880,0.048484848484848485,0.5152633344515263
docker,gcp,2024-02-01,20,330,330,2880,0.06060606060606061,0.5289256198347108
docker,hadoop,2024-02-01,96,330,822,2880,0.2909090909090909,1.0192435301924354
docker,hive,2024-02-01,50,330,569,2880,0.15151515151515152,0.7668956702348618
docker,java,2024-02-01,51,330,586,2880,0.15454545454545454,0.7595408004964319
docker,kafka,2024-02-01,50,330,573,2880,0.15151515151515152,0.7615421227986673
docker,kubernetes,2024-02-01,20,330,330,2880,0.06060606060606061,0.5289256198347108
docker,powerbi,2024-02-01,51,330,586,2880,0.15454545454545454,0.7595408004964319
docker,python,2024-02-01,172,330,1553,2880,0.5212121212121212,0.9665749575601476
docker,scala,2024-02-01,51,330,586,2880,0.15454545454545454,0.7595408004964319
docker,snowflake,2024-02-01,64,330,542,2880,0.19393939393939394,1.0305266689030526
docker,spark,2024-02-01,51,330,585,2880,0.15454545454545454,0.7608391608391608
docker,sql,2024-02-01,209,330,1912,2880,0.6333333333333333,0.9539748953974896
docker,tableau,2024-02-01,51,330,586,2880,0.15454545454545454,0.7595408004964319
docker,terraform,2024-02-01,25,330,401,2880,0.07575757575757576,0.5440943096803446
gcp,airflow,2024-02-01,51,330,585,2880,0.15454545454545454,0.7608391608391608
gcp,aws,2024-02-01,29,330,472,2880,0.08787878787878788,0.5362095531587057
gcp,azure,2024-02-01,27,330,434,2880,0.08181818181818182,0.5429409300377043
gcp,databricks,2024-02-01,41,330,418,2880,0.12424242424242424,0.8560243584167029
gcp,dbt,2024-02-01,48,330,271,2880,0.14545454545454545,1.545790003354579
gcp,docker,2024-02-01,20,330,330,2880,0.06060606060606061,0.5289256198347108
gcp,hadoop,2024-02-01,96,330,822,2880,0.2909090909090909,1.0192435301924354
gcp,hive,2024-02-01,50,330,569,2880,0.15151515151515152,0.7668956702348618
gcp,java,2024-02-01,51,330,586,2880,0.15454545454545454,0.7595408004964319
gcp,kafka,2024-02-01,50,330,573,2880,0.15151515151515152,0.7615421227986673
gcp,kubernetes,2024-02-01,20,330,330,2880,0.06060606060606061,0.5289256198347108
gcp,powerbi,2024-02-01,51,330,586,2880,0.15454545454545454,0.7595408004964319
gcp,python,2024-02-01,172,330,1553,2880,0.5212121212121212,0.9665749575601476
gcp,scala,2024-02-01,51,330,586,2880,0.15454545454545454,0.7595408004964319
gcp,snowflake,2024-02-01,64,330,542,2880,0.19393939393939394,1.0305266689030526
gcp,spark,2024-02-01,51,330,585,2880,0.15454545454545454,0.7608391608391608
gcp,sql,2024-02-01,209,330,1912,2880,0.6333333333333333,0.9539748953974896
gcp,tableau,2024-02-01,51,330,586,2880,0.15454545454545454,0.7595408004964319
gcp,terraform,2024-02-01,25,330,401,2880,0.07575757575757576,0.5440943096803446
hadoop,airflow,2024-02-01,322,822,585,2880,0.39172749391727496,1.928504585438892
hadoop,aws,2024-02-01,96,822,472,2880,0.11678832116788321,0.7126067054311518
hadoop,azure,2024-02-01,96,822,434,2880,0.11678832116788321,0.7750008409297319
hadoop,docker,2024-02-01,96,822,330,2880,0.11678832116788321,1.0192435301924354
hadoop,gcp,2024-02-01,96,822,330,2880,0.11678832116788321,1.0192435301924354
hadoop,hive,2024-02-01,312,822,569,2880,0.3795620437956204,1.9211576206175516
hadoop,java,2024-02-01,111,822,586,2880,0.13503649635036497,0.6636605963976981
hadoop,kafka,2024-02-01,322,822,573,2880,0.39172749391727496,1.9688921160239996
hadoop,kubernetes,2024-02-01,96,822,330,2880,0.11678832116788321,1.0192435301924354
hadoop,powerbi,2024-02-01,111,822,586,2880,0.13503649635036497,0.6636605963976981
hadoop,python,2024-02-01,97,822,1553,2880,0.11800486618004866,0.21883709890440448
hadoop,scala,2024-02-01,111,822,586,2880,0.13503649635036497,0.6636605963976981
hadoop,spark,2024-02-01,157,822,585,2880,0.19099756690997566,0.9402957140183418
hadoop,sql,2024-02-01,822,822,1912,2880,1.0,1.506276150627615
hadoop,tableau,2024-02-01,102,822,586,2880,0.12408759124087591,0.6098502777708578
hadoop,terraform,2024-02-01,96,822,401,2880,0.11678832116788321,0.8387789649962685
hive,airflow,2024-02-01,81,569,585,2880,0.14235500878734622,0.7008246586453968
hive,aws,2024-02-01,59,569,472,2880,0.10369068541300527,0.632688927943761
hive,azure,2024-02-01,71,569,434,2880,0.12478031634446397,0.8280352789678715
hive,databricks,2024-02-01,41,569,418,2880,0.07205623901581722,0.4964640391520421
hive,dbt,2024-02-01,16,569,271,2880,0.028119507908611598,0.2988346227926251
hive,docker,2024-02-01,50,569,330,2880,0.08787346221441125,0.7668956702348618
hive,gcp,2024-02-01,50,569,330,2880,0.08787346221441125,0.7668956702348618
hive,hadoop,2024-02-01,312,569,822,2880,0.5483304042179262,1.9211576206175516
hive,java,2024-02-01,81,569,586,2880,0.14235500878734622,0.6996287121289371
hive,kafka,2024-02-01,80,569,573,2880,0.140597539543058,0.7066682615776737
hive,kubernetes,2024-02-01,50,569,330,2880,0.08787346221441125,0.7668956702348618
hive,powerbi,2024-02-01,81,569,586,2880,0.14235500878734622,0.6996287121289371
hive,python,2024-02-01,201,569,1553,2880,0.3532513181019332,0.6550958120628253
hive,scala,2024-02-01,81,569,586,2880,0.14235500878734622,0.6996287121289371
hive,snowflake,2024-02-01,64,569,542,2880,0.11247803163444639,0.5976692455852503
hive,spark,2024-02-01,81,569,585,2880,0.14235500878734622,0.7008246586453968
hive,sql,2024-02-01,449,569,1912,2880,0.789103690685413,1.188608069651668
hive,tableau,2024-02-01,81,569,586,2880,0.14235500878734622,0.6996287121289371
hive,terraform,2024-02-01,54,569,401,2880,0.09490333919156414,0.6816000420740767
java,airflow,2024-02-01,82,586,585,2880,0.13993174061433447,0.6888947230244159
java,aws,2024-02-01,75,586,472,2880,0.12798634812286688,0.7809336495632556
java,azure,2024-02-01,58,586,434,2880,0.09897610921501707,0.6567999874176248
java,databricks,2024-02-01,56,586,418,2880,0.09556313993174062,0.6584254617306531
java,dbt,2024-02-01,123,586,271,2880,0.2098976109215017,2.2306461972469553
java,docker,2024-02-01,51,586,330,2880,0.08703071672354949,0.7595408004964319
java,gcp,2024-02-01,51,586,330,2880,0.08703071672354949,0.7595408004964319
java,hadoop,2024-02-01,111,586,822,2880,0.189419795221843,0.6636605963976981
java,hive,2024-02-01,81,586,569,2880,0.13822525597269625,0.6996287121289371
java,kafka,2024-02-01,81,586,573,2880,0.13822525597269625,0.6947447420617193
java,kubernetes,2024-02-01,51,586,330,2880,0.08703071672354949,0.7595408004964319
java,powerbi,2024-02-01,82,586,586,2880,0.13993174061433447,0.6877191347598691
java,python,2024-02-01,413,586,1553,2880,0.7047781569965871,1.3069936201868453
java,scala,2024-02-01,82,586,586,2880,0.13993174061433447,0.6877191347598691
java,snowflake,2024-02-01,265,586,542,2880,0.4522184300341297,2.402931879148143
java,spark,2024-02-01,82,586,585,2880,0.13993174061433447,0.6888947230244159
java,sql,2024-02-01,255,586,1912,2880,0.4351535836177474,0.6554614648635526
java,tableau,2024-02-01,82,586,586,2880,0.13993174061433447,0.6877191347598691
java,terraform,2024-02-01,71,586,401,2880,0.12116040955631399,0.8701795000553224
kafka,airflow,2024-02-01,82,573,585,2880,0.1431064572425829,0.7045240971942542
kafka,aws,2024-02-01,63,573,472,2880,0.1099476439790576,0.6708669802111988
kafka,azure,2024-02-01,71,573,434,2880,0.12390924956369982,0.8222549279803122
kafka,databricks,2024-02-01,43,573,418,2880,0.07504363001745201,0.5170470202159373
kafka,dbt,2024-02-01,48,573,271,2880,0.08376963350785341,0.8902455516701764
kafka,docker,2024-02-01,50,573,330,2880,0.08726003490401396,0.7615421227986673
kafka,gcp,2024-02-01,50,573,330,2880,0.08726003490401396,0.7615421227986673
kafka,hadoop,2024-02-01,322,573,822,2880,0.5619546247818499,1.9688921160239996
kafka,hive,2024-02-01,80,573,569,2880,0.13961605584642234,0.7066682615776737
kafka,java,2024-02-01,81,573,586,2880,0.14136125654450263,0.6947447420617193
kafka,kubernetes,2024-02-01,50,573,330,2880,0.08726003490401396,0.7615421227986673
kafka,powerbi,2024-02-01,81,573,586,2880,0.14136125654450263,0.6947447420617193
kafka,python,2024-02-01,202,573,1553,2880,0.3525305410122164,0.6537591488185339
kafka,scala,2024-02-01,81,573,586,2880,0.14136125654450263,0.6947447420617193
kafka,snowflake,2024-02-01,64,573,542,2880,0.11169284467713787,0.5934970344467843
kafka,spark,2024-02-01,82,573,585,2880,0.1431064572425829,0.7045240971942542
kafka,sql,2024-02-01,453,573,1912,2880,0.7905759162303665,1.1908256478783763
kafka,tableau,2024-02-01,81,573,586,2880,0.14136125654450263,0.6947447420617193
kafka,terraform,2024-02-01,54,573,401,2880,0.09424083769633508,0.6768419265971197
kubernetes,airflow,2024-02-01,51,330,585,2880,0.15454545454545454,0.7608391608391608
kubernetes,aws,2024-02-01,29,330,472,2880,0.08787878787878788,0.5362095531587057
kubernetes,azure,2024-02-01,27,330,434,2880,0.08181818181818182,0.5429409300377043
kubernetes,databricks,2024-02-01,56,330,418,2880,0.1696969696969697,1.1692040017398868
kubernetes,dbt,2024-02-01,48,330,271,2880,0.14545454545454545,1.545790003354579
kubernetes,docker,2024-02-01,20,330,330,2880,0.06060606060606061,0.5289256198347108
kubernetes,gcp,2024-02-01,20,330,330,2880,0.06060606060606061,0.5289256198347108
kubernetes,hadoop,2024-02-01,96,330,822,2880,0.2909090909090909,1.0192435301924354
kubernetes,hive,2024-02-01,50,330,569,2880,0.15151515151515152,0.7668956702348618
kubernetes,java,2024-02-01,51,330,586,2880,0.15454545454545454,0.7595408004964319
kubernetes,kafka,2024-02-01,50,330,573,2880,0.15151515151515152,0.7615421227986673
kubernetes,powerbi,2024-02-01,51,330,586,2880,0.15454545454545454,0.7595408004964319
kubernetes,python,2024-02-01,172,330,1553,2880,0.5212121212121212,0.9665749575601476
kubernetes,scala,2024-02-01,51,330,586,2880,0.15454545454545454,0.7595408004964319
kubernetes,snowflake,2024-02-01,64,330,542,2880,0.19393939393939394,1.0305266689030526
kubernetes,spark,2024-02-01,51,330,585,2880,0.15454545454545454,0.7608391608391608
kubernetes,sql,2024-02-01,209,330,1912,2880,0.6333333333333333,0.9539748953974896
kubernetes,tableau,2024-02-01,51,330,586,2880,0.15454545454545454,0.7595408004964319
kubernetes,terraform,2024-02-01,25,330,401,2880,0.07575757575757576,0.5440943096803446
powerbi,airflow,2024-02-01,82,586,585,2880,0.13993174061433447,0.6888947230244159
powerbi,aws,2024-02-01,75,586,472,2880,0.12798634812286688,0.7809336495632556
powerbi,azure,2024-02-01,58,586,434,2880,0.09897610921501707,0.6567999874176248
powerbi,databricks,2024-02-01,56,586,418,2880,0.09556313993174062,0.6584254617306531
powerbi,dbt,2024-02-01,48,586,271,2880,0.08191126279863481,0.8704960769744217
powerbi,docker,2024-02-01,51,586,330,2880,0.08703071672354949,0.7595408004964319
powerbi,gcp,2024-02-01,51,586,330,2880,0.08703071672354949,0.7595408004964319
powerbi,hadoop,2024-02-01,111,586,822,2880,0.189419795221843,0.6636605963976981
powerbi,hive,2024-02-01,81,586,569,2880,0.13822525597269625,0.6996287121289371
powerbi,java,2024-02-01,82,586,586,2880,0.13993174061433447,0.6877191347598691
powerbi,kafka,2024-02-01,81,586,573,2880,0.13822525597269625,0.6947447420617193
powerbi,kubernetes,2024-02-01,51,586,330,2880,0.08703071672354949,0.7595408004964319
powerbi,python,2024-02-01,413,586,1553,2880,0.7047781569965871,1.3069936201868453
powerbi,scala,2024-02-01,82,586,586,2880,0.13993174061433447,0.6877191347598691
powerbi,snowflake,2024-02-01,64,586,542,2880,0.10921501706484642,0.5803307179829478
powerbi,spark,2024-02-01,82,586,585,2880,0.13993174061433447,0.6888947230244159
powerbi,sql,2024-02-01,255,586,1912,2880,0.4351535836177474,0.6554614648635526
powerbi,tableau,2024-02-01,82,586,586,2880,0.13993174061433447,0.6877191347598691
powerbi,terraform,2024-02-01,71,586,401,2880,0.12116040955631399,0.8701795000553224
python,airflow,2024-02-01,202,1553,585,2880,0.13007083065035416,0.6403487047402051
python,aws,2024-02-01,195,1553,472,2880,0.12556342562781714,0.7661497156951553
python,azure,2024-02-01,192,1553,434,2880,0.12363168061815841,0.8204129958071341
python,databricks,2024-02-01,372,1553,418,2880,0.23953638119768192,1.6503942053811576
python,dbt,2024-02-01,271,1553,271,2880,0.17450096587250483,1.854475209272376
python,docker,2024-02-01,172,1553,330,2880,0.1107533805537669,0.9665749575601476
python,gcp,2024-02-01,172,1553,330,2880,0.1107533805537669,0.9665749575601476
python,hadoop,2024-02-01,97,1553,822,2880,0.062459755312298776,0.21883709890440448
python,hive,2024-02-01,201,1553,569,2880,0.12942691564713457,0.6550958120628253
python,java,2024-02-01,413,1553,586,2880,0.2659368963296845,1.3069936201868453
python,kafka,2024-02-01,202,1553,573,2880,0.13007083065035416,0.6537591488185339
python,kubernetes,2024-02-01,172,1553,330,2880,0.1107533805537669,0.9665749575601476
python,powerbi,2024-02-01,413,1553,586,2880,0.2659368963296845,1.3069936201868453
python,scala,2024-02-01,413,1553,586,2880,0.2659368963296845,1.3069936201868453
python,snowflake,2024-02-01,542,1553,542,2880,0.34900193174500965,1.854475209272376
python,spark,2024-02-01,202,1553,585,2880,0.13007083065035416,0.6403487047402051
python,sql,2024-02-01,585,1553,1912,2880,0.37669027688345136,0.5673995802428556
python,tableau,2024-02-01,413,1553,586,2880,0.2659368963296845,1.3069936201868453
python,terraform,2024-02-01,239,1553,401,2880,0.15389568576947843,1.1052857232321642
scala,airflow,2024-02-01,82,586,585,2880,0.13993174061433447,0.6888947230244159
scala,aws,2024-02-01,75,586,472,2880,0.12798634812286688,0.7809336495632556
scala,azure,2024-02-01,58,586,434,2880,0.09897610921501707,0.6567999874176248
scala,databricks,2024-02-01,56,586,418,2880,0.09556313993174062,0.6584254617306531
scala,dbt,2024-02-01,160,586,271,2880,0.27303754266211605,2.901653589914739
scala,docker,2024-02-01,51,586,330,2880,0.08703071672354949,0.7595408004964319
scala,gcp,2024-02-01,51,586,330,2880,0.08703071672354949,0.7595408004964319
scala,hadoop,2024-02-01,111,586,822,2880,0.189419795221843,0.6636605963976981
scala,hive,2024-02-01,81,586,569,2880,0.13822525597269625,0.6996287121289371
scala,java,2024-02-01,82,586,586,2880,0.13993174061433447,0.6877191347598691
scala,kafka,2024-02-01,81,586,573,2880,0.13822525597269625,0.6947447420617193
scala,kubernetes,2024-02-01,51,586,330,2880,0.08703071672354949,0.7595408004964319
scala,powerbi,2024-02-01,82,586,586,2880,0.13993174061433447,0.6877191347598691
scala,python,2024-02-01,413,586,1553,2880,0.7047781569965871,1.3069936201868453
scala,snowflake,2024-02-01,304,586,542,2880,0.5187713310580204,2.756570910419002
scala,spark,2024-02-01,82,586,585,2880,0.13993174061433447,0.6888947230244159
scala,sql,2024-02-01,255,586,1912,2880,0.4351535836177474,0.6554614648635526
scala,tableau,2024-02-01,82,586,586,2880,0.13993174061433447,0.6877191347598691
scala,terraform,2024-02-01,71,586,401,2880,0.12116040955631399,0.8701795000553224
snowflake,airflow,2024-02-01,64,542,585,2880,0.11808118081180811,0.5813227363042861
snowflake,aws,2024-02-01,63,542,472,2880,0.11623616236162361,0.7092376008505847
snowflake,azure,2024-02-01,63,542,434,2880,0.11623616236162361,0.7713367456255208
snowflake,dbt,2024-02-01,271,542,271,2880,0.5,5.313653136531365
snowflake,docker,2024-02-01,64,542,330,2880,0.11808118081180811,1.0305266689030526
snowflake,gcp,2024-02-01,64,542,330,2880,0.11808118081180811,1.0305266689030526
snowflake,hive,2024-02-01,64,542,569,2880,0.11808118081180811,0.5976692455852503
snowflake,java,2024-02-01,265,542,586,2880,0.488929889298893,2.402931879148143
snowflake,kafka,2024-02-01,64,542,573,2880,0.11808118081180811,0.5934970344467843
snowflake,kubernetes,2024-02-01,64,542,330,2880,0.11808118081180811,1.0305266689030526
snowflake,powerbi,2024-02-01,64,542,586,2880,0.11808118081180811,0.5803307179829478
snowflake,python,2024-02-01,542,542,1553,2880,1.0,1.854475209272376
snowflake,scala,2024-02-01,304,542,586,2880,0.5608856088560885,2.756570910419002
snowflake,spark,2024-02-01,64,542,585,2880,0.11808118081180811,0.5813227363042861
snowflake,sql,2024-02-01,64,542,1912,2880,0.11808118081180811,0.17786286649477373
snowflake,tableau,2024-02-01,64,542,586,2880,0.11808118081180811,0.5803307179829478
snowflake,terraform,2024-02-01,131,542,401,2880,0.24169741697416974,1.7358816979690994
spark,airflow,2024-02-01,82,585,585,2880,0.14017094017094017,0.6900723208415516
spark,aws,2024-02-01,75,585,472,2880,0.1282051282051282,0.7822685788787483
spark,azure,2024-02-01,72,585,434,2880,0.12307692307692308,0.8167316554413329
spark,databricks,2024-02-01,56,585,418,2880,0.09572649572649573,0.659550975340449
spark,dbt,2024-02-01,48,585,271,2880,0.08205128205128205,0.8719841044564292
spark,docker,2024-02-01,51,585,330,2880,0.08717948717948718,0.7608391608391608
spark,gcp,2024-02-01,51,585,330,2880,0.08717948717948718,0.7608391608391608
spark,hadoop,2024-02-01,157,585,822,2880,0.26837606837606837,0.9402957140183418
spark,hive,2024-02-01,81,585,569,2880,0.13846153846153847,0.7008246586453968
spark,java,2024-02-01,82,585,586,2880,0.14017094017094017,0.6888947230244159
spark,kafka,2024-02-01,82,585,573,2880,0.14017094017094017,0.7045240971942542
spark,kubernetes,2024-02-01,51,585,330,2880,0.08717948717948718,0.7608391608391608
spark,powerbi,2024-02-01,82,585,586,2880,0.14017094017094017,0.6888947230244159
spark,python,2024-02-01,202,585,1553,2880,0.3452991452991453,0.6403487047402051
spark,scala,2024-02-01,82,585,586,2880,0.14017094017094017,0.6888947230244159
spark,snowflake,2024-02-01,64,585,542,2880,0.1094017094017094,0.5813227363042861
spark,sql,2024-02-01,465,585,1912,2880,0.7948717948717948,1.1972964274219504
spark,tableau,2024-02-01,82,585,586,2880,0.14017094017094017,0.6888947230244159
spark,terraform,2024-02-01,55,585,401,2880,0.09401709401709402,0.6752349894494533
sql,airflow,2024-02-01,465,1912,585,2880,0.24320083682008367,1.1972964274219504
sql,aws,2024-02-01,352,1912,472,2880,0.18410041841004185,1.1233245869087298
sql,azure,2024-02-01,314,1912,434,2880,0.16422594142259414,1.0897942656614543
sql,databricks,2024-02-01,328,1912,418,2880,0.17154811715481172,1.1819583191527696
sql,dbt,2024-02-01,16,1912,271,2880,0.008368200836820083,0.08893143324738687
sql,docker,2024-02-01,209,1912,330,2880,0.10930962343096234,0.9539748953974896
sql,gcp,2024-02-01,209,1912,330,2880,0.10930962343096234,0.9539748953974896
sql,hadoop,2024-02-01,822,1912,822,2880,0.4299163179916318,1.506276150627615
sql,hive,2024-02-01,449,1912,569,2880,0.2348326359832636,1.188608069651668
sql,java,2024-02-01,255,1912,586,2880,0.13336820083682008,0.6554614648635526
sql,kafka,2024-02-01,453,1912,573,2880,0.23692468619246862,1.1908256478783763
sql,kubernetes,2024-02-01,209,1912,330,2880,0.10930962343096234,0.9539748953974896
sql,powerbi,2024-02-01,255,1912,586,2880,0.13336820083682008,0.6554614648635526
sql,python,2024-02-01,585,1912,1553,2880,0.3059623430962343,0.5673995802428556
sql,scala,2024-02-01,255,1912,586,2880,0.13336820083682008,0.6554614648635526
sql,snowflake,2024-02-01,64,1912,542,2880,0.03347280334728033,0.17786286649477373
sql,spark,2024-02-01,465,1912,585,2880,0.24320083682008367,1.1972964274219504
sql,tableau,2024-02-01,255,1912,586,2880,0.13336820083682008,0.6554614648635526
sql,terraform,2024-02-01,217,1912,401,2880,0.11349372384937238,0.8151170191675623
tableau,airflow,2024-02-01,82,586,585,2880,0.13993174061433447,0.6888947230244159
tableau,aws,2024-02-01,75,586,472,2880,0.12798634812286688,0.7809336495632556
tableau,azure,2024-02-01,58,586,434,2880,0.09897610921501707,0.6567999874176248
tableau,databricks,2024-02-01,131,586,418,2880,0.2235494880546075,1.540245276548492
tableau,dbt,2024-02-01,16,586,271,2880,0.027303754266211604,0.2901653589914739
tableau,docker,2024-02-01,51,586,330,2880,0.08703071672354949,0.7595408004964319
tableau,gcp,2024-02-01,51,586,330,2880,0.08703071672354949,0.7595408004964319
tableau,hadoop,2024-02-01,102,586,822,2880,0.17406143344709898,0.6098502777708578
tableau,hive,2024-02-01,81,586,569,2880,0.13822525597269625,0.6996287121289371
tableau,java,2024-02-01,82,586,586,2880,0.13993174061433447,0.6877191347598691
tableau,kafka,2024-02-01,81,586,573,2880,0.13822525597269625,0.6947447420617193
tableau,kubernetes,2024-02-01,51,586,330,2880,0.08703071672354949,0.7595408004964319
tableau,powerbi,2024-02-01,82,586,586,2880,0.13993174061433447,0.6877191347598691
tableau,python,2024-02-01,413,586,1553,2880,0.7047781569965871,1.3069936201868453
tableau,scala,2024-02-01,82,586,586,2880,0.13993174061433447,0.6877191347598691
tableau,snowflake,2024-02-01,64,586,542,2880,0.10921501706484642,0.5803307179829478
tableau,spark,2024-02-01,82,586,585,2880,0.13993174061433447,0.6888947230244159
tableau,sql,2024-02-01,255,586,1912,2880,0.4351535836177474,0.6554614648635526
tableau,terraform,2024-02-01,71,586,401,2880,0.12116040955631399,0.8701795000553224
terraform,airflow,2024-02-01,55,401,585,2880,0.1371571072319202,0.6752349894494533
terraform,aws,2024-02-01,37,401,472,2880,0.09226932668329177,0.5629992814573735
terraform,azure,2024-02-01,31,401,434,2880,0.0773067331670823,0.5130032062700391
terraform,databricks,2024-02-01,56,401,418,2880,0.1396508728179551,0.9621878318557673
terraform,dbt,2024-02-01,52,401,271,2880,0.12967581047381546,1.3781045541128727
terraform,docker,2024-02-01,25,401,330,2880,0.06234413965087282,0.5440943096803446
terraform,gcp,2024-02-01,25,401,330,2880,0.06234413965087282,0.5440943096803446
terraform,hadoop,2024-02-01,96,401,822,2880,0.23940149625935161,0.8387789649962685
terraform,hive,2024-02-01,54,401,569,2880,0.13466334164588528,0.6816000420740767
terraform,java,2024-02-01,71,401,586,2880,0.1770573566084788,0.8701795000553224
terraform,kafka,2024-02-01,54,401,573,2880,0.13466334164588528,0.6768419265971197
terraform,kubernetes,2024-02-01,25,401,330,2880,0.06234413965087282,0.5440943096803446
terraform,powerbi,2024-02-01,71,401,586,2880,0.1770573566084788,0.8701795000553224
terraform,python,2024-02-01,239,401,1553,2880,0.5960099750623441,1.1052857232321642
terraform,scala,2024-02-01,71,401,586,2880,0.1770573566084788,0.8701795000553224
terraform,snowflake,2024-02-01,131,401,542,2880,0.3266832917705736,1.7358816979690994
terraform,spark,2024-02-01,55,401,585,2880,0.1371571072319202,0.6752349894494533
terraform,sql,2024-02-01,217,401,1912,2880,0.5411471321695761,0.8151170191675623
terraform,tableau,2024-02-01,71,401,586,2880,0.1770573566084788,0.8701795000553224
airflow,aws,2024-03-01,23,367,331,2880,0.06267029972752043,0.5452884085053138
airflow,azure,2024-03-01,32,367,477,2880,0.08719346049046321,0.5264510822065703
airflow,databricks,2024-03-01,42,367,436,2880,0.11444141689373297,0.755943304252181
airflow,dbt,2024-03-01,16,367,282,2880,0.043596730245231606,0.445243202504493
airflow,docker,2024-03-01,53,367,585,2880,0.1444141689373297,0.7109620624607
airflow,gcp,2024-03-01,53,367,585,2880,0.1444141689373297,0.7109620624607
airflow,hadoop,2024-03-01,94,367,784,2880,0.2561307901907357,0.9408886170271924
airflow,hive,2024-03-01,23,367,331,2880,0.06267029972752043,0.5452884085053138
airflow,java,2024-03-01,53,367,584,2880,0.1444141689373297,0.7121794632525849
airflow,kafka,2024-03-01,23,367,331,2880,0.06267029972752043,0.5452884085053138
airflow,kubernetes,2024-03-01,53,367,585,2880,0.1444141689373297,0.7109620624607
airflow,powerbi,2024-03-01,53,367,584,2880,0.1444141689373297,0.7121794632525849
airflow,python,2024-03-01,67,367,570,2880,0.18256130790190736,0.9224150293991109
airflow,scala,2024-03-01,53,367,584,2880,0.1444141689373297,0.7121794632525849
airflow,snowflake,2024-03-01,66,367,564,2880,0.17983651226158037,0.9183141051655168
airflow,spark,2024-03-01,126,367,945,2880,0.34332425068119893,1.0463215258855585
airflow,sql,2024-03-01,308,367,2501,2880,0.8392370572207084,0.9664145241086127
airflow,tableau,2024-03-01,53,367,581,2880,0.1444141689373297,0.715856809878674
airflow,terraform,2024-03-01,53,367,585,2880,0.1444141689373297,0.7109620624607
aws,airflow,2024-03-01,23,331,367,2880,0.06948640483383686,0.5452884085053138
aws,azure,2024-03-01,30,331,477,2880,0.09063444108761329,0.5472268141138916
aws,databricks,2024-03-01,57,331,436,2880,0.17220543806646527,1.1375038110812383
aws,dbt,2024-03-01,49,331,282,2880,0.14803625377643503,1.5118596130359323
aws,docker,2024-03-01,51,331,585,2880,0.1540785498489426,0.7585405531024867
aws,gcp,2024-03-01,51,331,585,2880,0.1540785498489426,0.7585405531024867
aws,hadoop,2024-03-01,94,331,784,2880,0.283987915407855,1.0432209137431407
aws,hive,2024-03-01,20,331,331,2880,0.06042296072507553,0.5257345223208989
aws,java,2024-03-01,51,331,584,2880,0.1540785498489426,0.7598394239125936
aws,kafka,2024-03-01,20,331,331,2880,0.06042296072507553,0.5257345223208989
aws,kubernetes,2024-03-01,51,331,585,2880,0.1540785498489426,0.7585405531024867
aws,powerbi,2024-03-01,51,331,584,2880,0.1540785498489426,0.7598394239125936
aws,python,2024-03-01,50,331,570,2880,0.1510574018126888,0.763237398632533
aws,scala,2024-03-01,51,331,584,2880,0.1540785498489426,0.7598394239125936
aws,snowflake,2024-03-01,65,331,564,2880,0.19637462235649547,1.0027640290544448
aws,spark,2024-03-01,90,331,945,2880,0.2719033232628399,0.8286577470867501
aws,sql,2024-03-01,291,331,2501,2880,0.879154078549849,1.0123805462709177
aws,tableau,2024-03-01,51,331,581,2880,0.1540785498489426,0.7637628632787516
aws,terraform,2024-03-01,51,331,585,2880,0.1540785498489426,0.7585405531024867
azure,airflow,2024-03-01,32,477,367,2880,0.06708595387840671,0.5264510822065703
azure,aws,2024-03-01,30,477,331,2880,0.06289308176100629,0.5472268141138916
azure,databricks,2024-03-01,57,477,436,2880,0.11949685534591195,0.789337026138134
azure,dbt,2024-03-01,88,477,282,2880,0.18448637316561844,1.8841161514786564
azure,docker,2024-03-01,75,477,585,2880,0.15723270440251572,0.7740686985970004
azure,gcp,2024-03-01,75,477,585,2880,0.15723270440251572,0.7740686985970004
azure,hadoop,2024-03-01,102,477,784,2880,0.2138364779874214,0.7855217558721602
azure,hive,2024-03-01,30,477,331,2880,0.06289308176100629,0.5472268141138916
azure,java,2024-03-01,75,477,584,2880,0.15723270440251572,0.7753941586973379
azure,kafka,2024-03-01,30,477,331,2880,0.06289308176100629,0.5472268141138916
azure,kubernetes,2024-03-01,75,477,585,2880,0.15723270440251572,0.7740686985970004
azure,powerbi,2024-03-01,75,477,584,2880,0.15723270440251572,0.7753941586973379
azure,python,2024-03-01,59,477,570,2880,0.12368972746331237,0.6249586229725257
azure,scala,2024-03-01,75,477,584,2880,0.15723270440251572,0.7753941586973379
azure,snowflake,2024-03-01,200,477,564,2880,0.4192872117400419,2.141041081225746
azure,spark,2024-03-01,110,477,945,2880,0.23060796645702306,0.7028052311071179
azure,sql,2024-03-01,426,477,2501,2880,0.8930817610062893,1.028418821150785
azure,tableau,2024-03-01,75,477,581,2880,0.15723270440251572,0.7793979151105771
azure,terraform,2024-03-01,75,477,585,2880,0.15723270440251572,0.7740686985970004
databricks,airflow,2024-03-01,42,436,367,2880,0.0963302752293578,0.755943304252181
databricks,aws,2024-03-01,57,436,331,2880,0.13073394495412843,1.1375038110812383
databricks,azure,2024-03-01,57,436,477,2880,0.13073394495412843,0.789337026138134
databricks,docker,2024-03-01,58,436,585,2880,0.13302752293577982,0.6549047282992237
databricks,gcp,2024-03-01,58,436,585,2880,0.13302752293577982,0.6549047282992237
databricks,hive,2024-03-01,50,436,331,2880,0.11467889908256881,0.9978103605975776
databricks,java,2024-03-01,69,436,584,2880,0.15825688073394495,0.7804448912906874
databricks,kafka,2024-03-01,42,436,331,2880,0.0963302752293578,0.8381607029019651
databricks,kubernetes,2024-03-01,58,436,585,2880,0.13302752293577982,0.6549047282992237
databricks,powerbi,2024-03-01,57,436,584,2880,0.13073394495412843,0.6447153449792635
databricks,python,2024-03-01,53,436,570,2880,0.12155963302752294,0.6141960405601159
databricks,scala,2024-03-01,282,436,584,2880,0.6467889908256881,3.1896443383184616
databricks,spark,2024-03-01,42,436,945,2880,0.0963302752293578,0.29357798165137616
databricks,sql,2024-03-01,436,436,2501,2880,1.0,1.1515393842463015
databricks,tableau,2024-03-01,57,436,581,2880,0.13073394495412843,0.6480443398758863
databricks,terraform,2024-03-01,200,436,585,2880,0.45871559633027525,2.2582921665490474
dbt,airflow,2024-03-01,16,282,367,2880,0.05673758865248227,0.445243202504493
dbt,aws,2024-03-01,49,282,331,2880,0.17375886524822695,1.5118596130359323
dbt,azure,2024-03-01,88,282,477,2880,0.3120567375886525,1.8841161514786564
dbt,docker,2024-03-01,98,282,585,2880,0.3475177304964539,1.7108565193671577
dbt,gcp,2024-03-01,161,282,585,2880,0.5709219858156028,2.810692853246045
dbt,hive,2024-03-01,16,282,331,2880,0.05673758865248227,0.4936684450729575
dbt,java,2024-03-01,16,282,584,2880,0.05673758865248227,0.27980180705333724
dbt,kafka,2024-03-01,49,282,331,2880,0.17375886524822695,1.5118596130359323
dbt,kubernetes,2024-03-01,51,282,585,2880,0.18085106382978725,0.8903436988543372
dbt,powerbi,2024-03-01,49,282,584,2880,0.17375886524822695,0.8568930341008453
dbt,python,2024-03-01,50,282,570,2880,0.1773049645390071,0.8958566629339306
dbt,scala,2024-03-01,49,282,584,2880,0.17375886524822695,0.8568930341008453
dbt,snowflake,2024-03-01,282,282,564,2880,1.0,5.1063829787234045
dbt,spark,2024-03-01,50,282,945,2880,0.1773049645390071,0.5403579871664979
dbt,sql,2024-03-01,282,282,2501,2880,1.0,1.1515393842463015
dbt,tableau,2024-03-01,16,282,581,2880,0.05673758865248227,0.28124656681436994
dbt,terraform,2024-03-01,16,282,585,2880,0.05673758865248227,0.27932351336606653
docker,airflow,2024-03-01,53,585,367,2880,0.0905982905982906,0.7109620624607
docker,aws,2024-03-01,51,585,331,2880,0.08717948717948718,0.7585405531024867
docker,azure,2024-03-01,75,585,477,2880,0.1282051282051282,0.7740686985970004
docker,databricks,2024-03-01,58,585,436,2880,0.09914529914529914,0.6549047282992237
docker,dbt,2024-03-01,98,585,282,2880,0.1675213675213675,1.7108565193671577
docker,gcp,2024-03-01,82,585,585,2880,0.14017094017094017,0.6900723208415516
docker,hadoop,2024-03-01,94,585,784,2880,0.1606837606837607,0.5902668759811617
docker,hive,2024-03-01,51,585,331,2880,0.08717948717948718,0.7585405531024867
docker,java,2024-03-01,82,585,584,2880,0.14017094017094017,0.6912539515279241
docker,kafka,2024-03-01,51,585,331,2880,0.08717948717948718,0.7585405531024867
docker,kubernetes,2024-03-01,82,585,585,2880,0.14017094017094017,0.6900723208415516
docker,powerbi,2024-03-01,82,585,584,2880,0.14017094017094017,0.6912539515279241
docker,python,2024-03-01,81,585,570,2880,0.13846153846153847,0.6995951417004048
docker,scala,2024-03-01,82,585,584,2880,0.14017094017094017,0.6912539515279241
docker,snowflake,2024-03-01,219,585,564,2880,0.37435897435897436,1.911620294599018
docker,spark,2024-03-01,134,585,945,2880,0.22905982905982905,0.6980870980870981
docker,sql,2024-03-01,532,585,2501,2880,0.9094017094017094,1.0472118844769784
docker,tableau,2024-03-01,82,585,581,2880,0.14017094017094017,0.6948232490401165
docker,terraform,2024-03-01,82,585,585,2880,0.14017094017094017,0.6900723208415516
gcp,airflow,2024-03-01,53,585,367,2880,0.0905982905982906,0.7109620624607
gcp,aws,2024-03-01,51,585,331,2880,0.08717948717948718,0.7585405531024867
gcp,azure,2024-03-01,75,585,477,2880,0.1282051282051282,0.7740686985970004
gcp,databricks,2024-03-01,58,585,436,2880,0.09914529914529914,0.6549047282992237
gcp,dbt,2024-03-01,161,585,282,2880,0.27521367521367524,2.810692853246045
gcp,docker,2024-03-01,82,585,585,2880,0.14017094017094017,0.6900723208415516
gcp,hadoop,2024-03-01,102,585,784,2880,0.17435897435897435,0.640502354788069
gcp,hive,2024-03-01,51,585,331,2880,0.08717948717948718,0.7585405531024867
gcp,java,2024-03-01,82,585,584,2880,0.14017094017094017,0.6912539515279241
gcp,kafka,2024-03-01,51,585,331,2880,0.08717948717948718,0.7585405531024867
gcp,kubernetes,2024-03-01,82,585,585,2880,0.14017094017094017,0.6900723208415516
gcp,powerbi,2024-03-01,82,585,584,2880,0.14017094017094017,0.6912539515279241
gcp,python,2024-03-01,81,585,570,2880,0.13846153846153847,0.6995951417004048
gcp,scala,2024-03-01,82,585,584,2880,0.14017094017094017,0.6912539515279241
gcp,snowflake,2024-03-01,305,585,564,2880,0.5213675213675214,2.662302236770322
gcp,spark,2024-03-01,134,585,945,2880,0.22905982905982905,0.6980870980870981
gcp,sql,2024-03-01,532,585,2501,2880,0.9094017094017094,1.0472118844769784
gcp,tableau,2024-03-01,82,585,581,2880,0.14017094017094017,0.6948232490401165
gcp,terraform,2024-03-01,82,585,585,2880,0.14017094017094017,0.6900723208415516
hadoop,airflow,2024-03-01,94,784,367,2880,0.11989795918367346,0.9408886170271924
hadoop,aws,2024-03-01,94,784,331,2880,0.11989795918367346,1.0432209137431407
hadoop,azure,2024-03-01,102,784,477,2880,0.13010204081632654,0.7855217558721602
hadoop,docker,2024-03-01,94,784,585,2880,0.11989795918367346,0.5902668759811617
hadoop,gcp,2024-03-01,102,784,585,2880,0.13010204081632654,0.640502354788069
hadoop,hive,2024-03-01,94,784,331,2880,0.11989795918367346,1.0432209137431407
hadoop,java,2024-03-01,94,784,584,2880,0.11989795918367346,0.5912776069331842
hadoop,kafka,2024-03-01,94,784,331,2880,0.11989795918367346,1.0432209137431407
hadoop,kubernetes,2024-03-01,94,784,585,2880,0.11989795918367346,0.5902668759811617
hadoop,powerbi,2024-03-01,206,784,584,2880,0.2627551020408163,1.2957785854067654
hadoop,python,2024-03-01,319,784,570,2880,0.40688775510204084,2.055853920515575
hadoop,scala,2024-03-01,94,784,584,2880,0.11989795918367346,0.5912776069331842
hadoop,spark,2024-03-01,431,784,945,2880,0.5497448979591837,1.6754130223517978
hadoop,sql,2024-03-01,559,784,2501,2880,0.7130102040816326,0.821059331369493
hadoop,tableau,2024-03-01,319,784,581,2880,0.40688775510204084,2.0169306965471216
hadoop,terraform,2024-03-01,94,784,585,2880,0.11989795918367346,0.5902668759811617
hive,airflow,2024-03-01,23,331,367,2880,0.06948640483383686,0.5452884085053138
hive,aws,2024-03-01,20,331,331,2880,0.06042296072507553,0.5257345223208989
hive,azure,2024-03-01,30,331,477,2880,0.09063444108761329,0.5472268141138916
hive,databricks,2024-03-01,50,331,436,2880,0.1510574018126888,0.9978103605975776
hive,dbt,2024-03-01,16,331,282,2880,0.04833836858006042,0.4936684450729575
hive,docker,2024-03-01,51,331,585,2880,0.1540785498489426,0.7585405531024867
hive,gcp,2024-03-01,51,331,585,2880,0.1540785498489426,0.7585405531024867
hive,hadoop,2024-03-01,94,331,784,2880,0.283987915407855,1.0432209137431407
hive,java,2024-03-01,51,331,584,2880,0.1540785498489426,0.7598394239125936
hive,kafka,2024-03-01,20,331,331,2880,0.06042296072507553,0.5257345223208989
hive,kubernetes,2024-03-01,51,331,585,2880,0.1540785498489426,0.7585405531024867
hive,powerbi,2024-03-01,51,331,584,2880,0.1540785498489426,0.7598394239125936
hive,python,2024-03-01,50,331,570,2880,0.1510574018126888,0.763237398632533
hive,scala,2024-03-01,51,331,584,2880,0.1540785498489426,0.7598394239125936
hive,snowflake,2024-03-01,65,331,564,2880,0.19637462235649547,1.0027640290544448
hive,spark,2024-03-01,90,331,945,2880,0.2719033232628399,0.8286577470867501
hive,sql,2024-03-01,291,331,2501,2880,0.879154078549849,1.0123805462709177
hive,tableau,2024-03-01,51,331,581,2880,0.1540785498489426,0.7637628632787516
hive,terraform,2024-03-01,51,331,585,2880,0.1540785498489426,0.7585405531024867
java,airflow,2024-03-01,53,584,367,2880,0.09075342465753425,0.7121794632525849
java,aws,2024-03-01,51,584,331,2880,0.08732876712328767,0.7598394239125936
java,azure,2024-03-01,75,584,477,2880,0.1284246575342466,0.7753941586973379
java,databricks,2024-03-01,69,584,436,2880,0.11815068493150685,0.7804448912906874
java,dbt,2024-03-01,16,584,282,2880,0.0273972602739726,0.27980180705333724
java,docker,2024-03-01,82,584,585,2880,0.1404109589041096,0.6912539515279241
java,gcp,2024-03-01,82,584,585,2880,0.1404109589041096,0.6912539515279241
java,hadoop,2024-03-01,94,584,784,2880,0.16095890410958905,0.5912776069331842
java,hive,2024-03-01,51,584,331,2880,0.08732876712328767,0.7598394239125936
java,kafka,2024-03-01,51,584,331,2880,0.08732876712328767,0.7598394239125936
java,kubernetes,2024-03-01,82,584,585,2880,0.1404109589041096,0.6912539515279241
java,powerbi,2024-03-01,82,584,584,2880,0.1404109589041096,0.6924376055545131
java,python,2024-03-01,81,584,570,2880,0.1386986301369863,0.7007930785868781
java,scala,2024-03-01,82,584,584,2880,0.1404109589041096,0.6924376055545131
java,snowflake,2024-03-01,65,584,564,2880,0.1113013698630137,0.5683474205770912
java,spark,2024-03-01,133,584,945,2880,0.22773972602739725,0.6940639269406392
java,sql,2024-03-01,531,584,2501,2880,0.9092465753424658,1.0470332414979213
java,tableau,2024-03-01,81,584,581,2880,0.1386986301369863,0.6875250512814467
java,terraform,2024-03-01,82,584,585,2880,0.1404109589041096,0.6912539515279241
kafka,airflow,2024-03-01,23,331,367,2880,0.06948640483383686,0.5452884085053138
kafka,aws,2024-03-01,20,331,331,2880,0.06042296072507553,0.5257345223208989
kafka,azure,2024-03-01,30,331,477,2880,0.09063444108761329,0.5472268141138916
kafka,databricks,2024-03-01,42,331,436,2880,0.1268882175226586,0.8381607029019651
kafka,dbt,2024-03-01,49,331,282,2880,0.14803625377643503,1.5118596130359323
kafka,docker,2024-03-01,51,331,585,2880,0.1540785498489426,0.7585405531024867
kafka,gcp,2024-03-01,51,331,585,2880,0.1540785498489426,0.7585405531024867
kafka,hadoop,2024-03-01,94,331,784,2880,0.283987915407855,1.0432209137431407
kafka,hive,2024-03-01,20,331,331,2880,0.06042296072507553,0.5257345223208989
kafka,java,2024-03-01,51,331,584,2880,0.1540785498489426,0.7598394239125936
kafka,kubernetes,2024-03-01,51,331,585,2880,0.1540785498489426,0.7585405531024867
kafka,powerbi,2024-03-01,51,331,584,2880,0.1540785498489426,0.7598394239125936
kafka,python,2024-03-01,50,331,570,2880,0.1510574018126888,0.763237398632533
kafka,scala,2024-03-01,51,331,584,2880,0.1540785498489426,0.7598394239125936
kafka,snowflake,2024-03-01,65,331,564,2880,0.19637462235649547,1.0027640290544448
kafka,spark,2024-03-01,90,331,945,2880,0.2719033232628399,0.8286577470867501
kafka,sql,2024-03-01,291,331,2501,2880,0.879154078549849,1.0123805462709177
kafka,tableau,2024-03-01,51,331,581,2880,0.1540785498489426,0.7637628632787516
kafka,terraform,2024-03-01,51,331,585,2880,0.1540785498489426,0.7585405531024867
kubernetes,airflow,2024-03-01,53,585,367,2880,0.0905982905982906,0.7109620624607
kubernetes,aws,2024-03-01,51,585,331,2880,0.08717948717948718,0.7585405531024867
kubernetes,azure,2024-03-01,75,585,477,2880,0.1282051282051282,0.7740686985970004
kubernetes,databricks,2024-03-01,58,585,436,2880,0.09914529914529914,0.6549047282992237
kubernetes,dbt,2024-03-01,51,585,282,2880,0.08717948717948718,0.8903436988543372
kubernetes,docker,2024-03-01,82,585,585,2880,0.14017094017094017,0.6900723208415516
kubernetes,gcp,2024-03-01,82,585,585,2880,0.14017094017094017,0.6900723208415516
kubernetes,hadoop,2024-03-01,94,585,784,2880,0.1606837606837607,0.5902668759811617
kubernetes,hive,2024-03-01,51,585,331,2880,0.08717948717948718,0.7585405531024867
kubernetes,java,2024-03-01,82,585,584,2880,0.14017094017094017,0.6912539515279241
kubernetes,kafka,2024-03-01,51,585,331,2880,0.08717948717948718,0.7585405531024867
kubernetes,powerbi,2024-03-01,82,585,584,2880,0.14017094017094017,0.6912539515279241
kubernetes,python,2024-03-01,81,585,570,2880,0.13846153846153847,0.6995951417004048
kubernetes,scala,2024-03-01,82,585,584,2880,0.14017094017094017,0.6912539515279241
kubernetes,snowflake,2024-03-01,69,585,564,2880,0.11794871794871795,0.602291325695581
kubernetes,spark,2024-03-01,134,585,945,2880,0.22905982905982905,0.6980870980870981
kubernetes,sql,2024-03-01,532,585,2501,2880,0.9094017094017094,1.0472118844769784
kubernetes,tableau,2024-03-01,82,585,581,2880,0.14017094017094017,0.6948232490401165
kubernetes,terraform,2024-03-01,82,585,585,2880,0.14017094017094017,0.6900723208415516
powerbi,airflow,2024-03-01,53,584,367,2880,0.09075342465753425,0.7121794632525849
powerbi,aws,2024-03-01,51,584,331,2880,0.08732876712328767,0.7598394239125936
powerbi,azure,2024-03-01,75,584,477,2880,0.1284246575342466,0.7753941586973379
powerbi,databricks,2024-03-01,57,584,436,2880,0.0976027397260274,0.6447153449792635
powerbi,dbt,2024-03-01,49,584,282,2880,0.0839041095890411,0.8568930341008453
powerbi,docker,2024-03-01,82,584,585,2880,0.1404109589041096,0.6912539515279241
powerbi,gcp,2024-03-01,82,584,585,2880,0.1404109589041096,0.6912539515279241
powerbi,hadoop,2024-03-01,206,584,784,2880,0.3527397260273973,1.2957785854067654
powerbi,hive,2024-03-01,51,584,331,2880,0.08732876712328767,0.7598394239125936
powerbi,java,2024-03-01,82,584,584,2880,0.1404109589041096,0.6924376055545131
powerbi,kafka,2024-03-01,51,584,331,2880,0.08732876712328767,0.7598394239125936
powerbi,kubernetes,2024-03-01,82,584,585,2880,0.1404109589041096,0.6912539515279241
powerbi,python,2024-03-01,81,584,570,2880,0.1386986301369863,0.7007930785868781
powerbi,scala,2024-03-01,82,584,584,2880,0.1404109589041096,0.6924376055545131
powerbi,snowflake,2024-03-01,65,584,564,2880,0.1113013698630137,0.5683474205770912
powerbi,spark,2024-03-01,133,584,945,2880,0.22773972602739725,0.6940639269406392
powerbi,sql,2024-03-01,531,584,2501,2880,0.9092465753424658,1.0470332414979213
powerbi,tableau,2024-03-01,81,584,581,2880,0.1386986301369863,0.6875250512814467
powerbi,terraform,2024-03-01,82,584,585,2880,0.1404109589041096,0.6912539515279241
python,airflow,2024-03-01,67,570,367,2880,0.11754385964912281,0.9224150293991109
python,aws,2024-03-01,50,570,331,2880,0.08771929824561403,0.763237398632533
python,azure,2024-03-01,59,570,477,2880,0.10350877192982456,0.6249586229725257
python,databricks,2024-03-01,53,570,436,2880,0.09298245614035087,0.6141960405601159
python,dbt,2024-03-01,50,570,282,2880,0.08771929824561403,0.8958566629339306
python,docker,2024-03-01,81,570,585,2880,0.14210526315789473,0.6995951417004048
python,gcp,2024-03-01,81,570,585,2880,0.14210526315789473,0.6995951417004048
python,hadoop,2024-03-01,319,570,784,2880,0.5596491228070175,2.055853920515575
python,hive,2024-03-01,50,570,331,2880,0.08771929824561403,0.763237398632533
python,java,2024-03-01,81,570,584,2880,0.14210526315789473,0.7007930785868781
python,kafka,2024-03-01,50,570,331,2880,0.08771929824561403,0.763237398632533
python,kubernetes,2024-03-01,81,570,585,2880,0.14210526315789473,0.6995951417004048
python,powerbi,2024-03-01,81,570,584,2880,0.14210526315789473,0.7007930785868781
python,scala,2024-03-01,81,570,584,2880,0.14210526315789473,0.7007930785868781
python,snowflake,2024-03-01,66,570,564,2880,0.11578947368421053,0.5912653975363942
python,spark,2024-03-01,329,570,945,2880,0.5771929824561404,1.75906432748538
python,sql,2024-03-01,321,570,2501,2880,0.5631578947368421,0.6484984953387066
python,tableau,2024-03-01,81,570,581,2880,0.14210526315789473,0.7044116314883595
python,terraform,2024-03-01,81,570,585,2880,0.14210526315789473,0.6995951417004048
scala,airflow,2024-03-01,53,584,367,2880,0.09075342465753425,0.7121794632525849
scala,aws,2024-03-01,51,584,331,2880,0.08732876712328767,0.7598394239125936
scala,azure,2024-03-01,75,584,477,2880,0.1284246575342466,0.7753941586973379
scala,databricks,2024-03-01,282,584,436,2880,0.4828767123287671,3.1896443383184616
scala,dbt,2024-03-01,49,584,282,2880,0.0839041095890411,0.8568930341008453
scala,docker,2024-03-01,82,584,585,2880,0.1404109589041096,0.6912539515279241
scala,gcp,2024-03-01,82,584,585,2880,0.1404109589041096,0.6912539515279241
scala,hadoop,2024-03-01,94,584,784,2880,0.16095890410958905,0.5912776069331842
scala,hive,2024-03-01,51,584,331,2880,0.08732876712328767,0.7598394239125936
scala,java,2024-03-01,82,584,584,2880,0.1404109589041096,0.6924376055545131
scala,kafka,2024-03-01,51,584,331,2880,0.08732876712328767,0.7598394239125936
scala,kubernetes,2024-03-01,82,584,585,2880,0.1404109589041096,0.6912539515279241
scala,powerbi,2024-03-01,82,584,584,2880,0.1404109589041096,0.6924376055545131
scala,python,2024-03-01,81,584,570,2880,0.1386986301369863,0.7007930785868781
scala,snowflake,2024-03-01,65,584,564,2880,0.1113013698630137,0.5683474205770912
scala,spark,2024-03-01,133,584,945,2880,0.22773972602739725,0.6940639269406392
scala,sql,2024-03-01,531,584,2501,2880,0.9092465753424658,1.0470332414979213
scala,tableau,2024-03-01,81,584,581,2880,0.1386986301369863,0.6875250512814467
scala,terraform,2024-03-01,82,584,585,2880,0.1404109589041096,0.6912539515279241
snowflake,airflow,2024-03-01,66,564,367,2880,0.11702127659574468,0.9183141051655168
snowflake,aws,2024-03-01,65,564,331,2880,0.11524822695035461,1.0027640290544448
snowflake,azure,2024-03-01,200,564,477,2880,0.3546099290780142,2.141041081225746
snowflake,dbt,2024-03-01,282,564,282,2880,0.5,5.1063829787234045
snowflake,docker,2024-03-01,219,564,585,2880,0.3882978723404255,1.911620294599018
snowflake,gcp,2024-03-01,305,564,585,2880,0.5407801418439716,2.662302236770322
snowflake,hive,2024-03-01,65,564,331,2880,0.11524822695035461,1.0027640290544448
snowflake,java,2024-03-01,65,564,584,2880,0.11524822695035461,0.5683474205770912
snowflake,kafka,2024-03-01,65,564,331,2880,0.11524822695035461,1.0027640290544448
snowflake,kubernetes,2024-03-01,69,564,585,2880,0.12234042553191489,0.602291325695581
snowflake,powerbi,2024-03-01,65,564,584,2880,0.11524822695035461,0.5683474205770912
snowflake,python,2024-03-01,66,564,570,2880,0.11702127659574468,0.5912653975363942
snowflake,scala,2024-03-01,65,564,584,2880,0.11524822695035461,0.5683474205770912
snowflake,spark,2024-03-01,66,564,945,2880,0.11702127659574468,0.3566362715298885
snowflake,sql,2024-03-01,564,564,2501,2880,1.0,1.1515393842463015
snowflake,tableau,2024-03-01,65,564,581,2880,0.11524822695035461,0.571282088841689
snowflake,terraform,2024-03-01,65,564,585,2880,0.11524822695035461,0.5673758865248227
spark,airflow,2024-03-01,126,945,367,2880,0.13333333333333333,1.0463215258855585
spark,aws,2024-03-01,90,945,331,2880,0.09523809523809523,0.8286577470867501
spark,azure,2024-03-01,110,945,477,2880,0.1164021164021164,0.7028052311071179
spark,databricks,2024-03-01,42,945,436,2880,0.044444444444444446,0.29357798165137616
spark,dbt,2024-03-01,50,945,282,2880,0.05291005291005291,0.5403579871664979
spark,docker,2024-03-01,134,945,585,2880,0.14179894179894179,0.6980870980870981
spark,gcp,2024-03-01,134,945,585,2880,0.14179894179894179,0.6980870980870981
spark,hadoop,2024-03-01,431,945,784,2880,0.4560846560846561,1.6754130223517978
spark,hive,2024-03-01,90,945,331,2880,0.09523809523809523,0.8286577470867501
spark,java,2024-03-01,133,945,584,2880,0.14074074074074075,0.6940639269406392
spark,kafka,2024-03-01,90,945,331,2880,0.09523809523809523,0.8286577470867501
spark,kubernetes,2024-03-01,134,945,585,2880,0.14179894179894179,0.6980870980870981
spark,powerbi,2024-03-01,133,945,584,2880,0.14074074074074075,0.6940639269406392
spark,python,2024-03-01,329,945,570,2880,0.34814814814814815,1.75906432748538
spark,scala,2024-03-01,133,945,584,2880,0.14074074074074075,0.6940639269406392
spark,snowflake,2024-03-01,66,945,564,2880,0.06984126984126984,0.3566362715298885
spark,sql,2024-03-01,566,945,2501,2880,0.5989417989417989,0.6897050703528113
spark,tableau,2024-03-01,130,945,581,2880,0.13756613756613756,0.6819113187443652
spark,terraform,2024-03-01,134,945,585,2880,0.14179894179894179,0.6980870980870981
sql,airflow,2024-03-01,308,2501,367,2880,0.12315073970411836,0.9664145241086127
sql,aws,2024-03-01,291,2501,331,2880,0.11635345861655338,1.0123805462709177
sql,azure,2024-03-01,426,2501,477,2880,0.17033186725309876,1.028418821150785
sql,databricks,2024-03-01,436,2501,436,2880,0.17433026789284287,1.1515393842463015
sql,dbt,2024-03-01,282,2501,282,2880,0.11275489804078369,1.1515393842463015
sql,docker,2024-03-01,532,2501,585,2880,0.21271491403438625,1.0472118844769784
sql,gcp,2024-03-01,532,2501,585,2880,0.21271491403438625,1.0472118844769784
sql,hadoop,2024-03-01,559,2501,784,2880,0.22351059576169532,0.821059331369493
sql,hive,2024-03-01,291,2501,331,2880,0.11635345861655338,1.0123805462709177
sql,java,2024-03-01,531,2501,584,2880,0.21231507397041183,1.0470332414979213
sql,kafka,2024-03-01,291,2501,331,2880,0.11635345861655338,1.0123805462709177
sql,kubernetes,2024-03-01,532,2501,585,2880,0.21271491403438625,1.0472118844769784
sql,powerbi,2024-03-01,531,2501,584,2880,0.21231507397041183,1.0470332414979213
sql,python,2024-03-01,321,2501,570,2880,0.1283486605357857,0.6484984953387066
sql,scala,2024-03-01,531,2501,584,2880,0.21231507397041183,1.0470332414979213
sql,snowflake,2024-03-01,564,2501,564,2880,0.22550979608156738,1.1515393842463015
sql,spark,2024-03-01,566,2501,945,2880,0.2263094762095162,0.6897050703528113
sql,tableau,2024-03-01,528,2501,581,2880,0.21111555377848862,1.0464936228606665
sql,terraform,2024-03-01,532,2501,585,2880,0.21271491403438625,1.0472118844769784
tableau,airflow,2024-03-01,53,581,367,2880,0.09122203098106713,0.715856809878674
tableau,aws,2024-03-01,51,581,331,2880,0.08777969018932874,0.7637628632787516
tableau,azure,2024-03-01,75,581,477,2880,0.12908777969018934,0.7793979151105771
tableau,databricks,2024-03-01,57,581,436,2880,0.0981067125645439,0.6480443398758863
tableau,dbt,2024-03-01,16,581,282,2880,0.027538726333907058,0.28124656681436994
tableau,docker,2024-03-01,82,581,585,2880,0.14113597246127366,0.6948232490401165
tableau,gcp,2024-03-01,82,581,585,2880,0.14113597246127366,0.6948232490401165
tableau,hadoop,2024-03-01,319,581,784,2880,0.5490533562822719,2.0169306965471216
tableau,hive,2024-03-01,51,581,331,2880,0.08777969018932874,0.7637628632787516
tableau,java,2024-03-01,81,581,584,2880,0.13941480206540446,0.6875250512814467
tableau,kafka,2024-03-01,51,581,331,2880,0.08777969018932874,0.7637628632787516
tableau,kubernetes,2024-03-01,82,581,585,2880,0.14113597246127366,0.6948232490401165
tableau,powerbi,2024-03-01,81,581,584,2880,0.13941480206540446,0.6875250512814467
tableau,python,2024-03-01,81,581,570,2880,0.13941480206540446,0.7044116314883595
tableau,scala,2024-03-01,81,581,584,2880,0.13941480206540446,0.6875250512814467
tableau,snowflake,2024-03-01,65,581,564,2880,0.11187607573149742,0.571282088841689
tableau,spark,2024-03-01,130,581,945,2880,0.22375215146299485,0.6819113187443652
tableau,sql,2024-03-01,528,581,2501,2880,0.9087779690189329,1.0464936228606665
tableau,terraform,2024-03-01,82,581,585,2880,0.14113597246127366,0.6948232490401165
terraform,airflow,2024-03-01,53,585,367,2880,0.0905982905982906,0.7109620624607
terraform,aws,2024-03-01,51,585,331,2880,0.08717948717948718,0.7585405531024867
terraform,azure,2024-03-01,75,585,477,2880,0.1282051282051282,0.7740686985970004
terraform,databricks,2024-03-01,200,585,436,2880,0.3418803418803419,2.2582921665490474
terraform,dbt,2024-03-01,16,585,282,2880,0.02735042735042735,0.27932351336606653
terraform,docker,2024-03-01,82,585,585,2880,0.14017094017094017,0.6900723208415516
terraform,gcp,2024-03-01,82,585,585,2880,0.14017094017094017,0.6900723208415516
terraform,hadoop,2024-03-01,94,585,784,2880,0.1606837606837607,0.5902668759811617
terraform,hive,2024-03-01,51,585,331,2880,0.08717948717948718,0.7585405531024867
terraform,java,2024-03-01,82,585,584,2880,0.14017094017094017,0.6912539515279241
terraform,kafka,2024-03-01,51,585,331,2880,0.08717948717948718,0.7585405531024867
terraform,kubernetes,2024-03-01,82,585,585,2880,0.14017094017094017,0.6900723208415516
terraform,powerbi,2024-03-01,82,585,584,2880,0.14017094017094017,0.6912539515279241
terraform,python,2024-03-01,81,585,570,2880,0.13846153846153847,0.6995951417004048
terraform,scala,2024-03-01,82,585,584,2880,0.14017094017094017,0.6912539515279241
terraform,snowflake,2024-03-01,65,585,564,2880,0.1111111111111111,0.5673758865248227
terraform,spark,2024-03-01,134,585,945,2880,0.22905982905982905,0.6980870980870981
terraform,sql,2024-03-01,532,585,2501,2880,0.9094017094017094,1.0472118844769784
terraform,tableau,2024-03-01,82,585,581,2880,0.14017094017094017,0.6948232490401165
airflow,aws,2024-04-01,79,548,584,2880,0.14416058394160583,0.710928907109289
airflow,azure,2024-04-01,79,548,584,2880,0.14416058394160583,0.710928907109289
airflow,databricks,2024-04-01,59,548,454,2880,0.10766423357664233,0.6829801601337664
airflow,dbt,2024-04-01,124,548,293,2880,0.22627737226277372,2.2241598365760695
airflow,docker,2024-04-01,80,548,585,2880,0.145985401459854,0.7186973610331274
airflow,gcp,2024-04-01,80,548,585,2880,0.145985401459854,0.7186973610331274
airflow,hadoop,2024-04-01,92,548,746,2880,0.1678832116788321,0.6481282166689497
airflow,hive,2024-04-01,79,548,584,2880,0.14416058394160583,0.710928907109289
airflow,java,2024-04-01,76,548,515,2880,0.1386861313868613,0.7755651619304089
airflow,kafka,2024-04-01,79,548,584,2880,0.14416058394160583,0.710928907109289
airflow,kubernetes,2024-04-01,80,548,585,2880,0.145985401459854,0.7186973610331274
airflow,powerbi,2024-04-01,74,548,499,2880,0.13503649635036497,0.779368956891886
airflow,python,2024-04-01,34,548,330,2880,0.06204379562043796,0.5414731254147312
airflow,scala,2024-04-01,79,548,571,2880,0.14416058394160583,0.7271146790749997
airflow,snowflake,2024-04-01,269,548,586,2880,0.4908759124087591,2.4124959517700106
airflow,spark,2024-04-01,548,548,2880,2880,1.0,1.0
airflow,sql,2024-04-01,34,548,330,2880,0.06204379562043796,0.5414731254147312
airflow,tableau,2024-04-01,49,548,331,2880,0.08941605839416059,0.7780007497739652
airflow,terraform,2024-04-01,80,548,574,2880,0.145985401459854,0.732470306976271
aws,airflow,2024-04-01,79,584,548,2880,0.13527397260273974,0.710928907109289
aws,azure,2024-04-01,82,584,584,2880,0.1404109589041096,0.6924376055545131
aws,databricks,2024-04-01,58,584,454,2880,0.09931506849315068,0.6300162935248326
aws,dbt,2024-04-01,57,584,293,2880,0.0976027397260274,0.9593716396278461
aws,docker,2024-04-01,82,584,585,2880,0.1404109589041096,0.6912539515279241
aws,gcp,2024-04-01,82,584,585,2880,0.1404109589041096,0.6912539515279241
aws,hadoop,2024-04-01,92,584,746,2880,0.15753424657534246,0.6081751074222337
aws,hive,2024-04-01,82,584,584,2880,0.1404109589041096,0.6924376055545131
aws,java,2024-04-01,77,584,515,2880,0.13184931506849315,0.7373320920335151
aws,kafka,2024-04-01,82,584,584,2880,0.1404109589041096,0.6924376055545131
aws,kubernetes,2024-04-01,82,584,585,2880,0.1404109589041096,0.6912539515279241
aws,powerbi,2024-04-01,76,584,499,2880,0.13013698630136986,0.7510912235429764
aws,python,2024-04-01,51,584,330,2880,0.08732876712328767,0.7621419676214197
aws,scala,2024-04-01,81,584,571,2880,0.1386986301369863,0.6995657702180745
aws,snowflake,2024-04-01,81,584,586,2880,0.1386986301369863,0.6816587965776801
aws,spark,2024-04-01,584,584,2880,2880,1.0,1.0
aws,sql,2024-04-01,51,584,330,2880,0.08732876712328767,0.7621419676214197
aws,tableau,2024-04-01,51,584,331,2880,0.08732876712328767,0.7598394239125936
aws,terraform,2024-04-01,81,584,574,2880,0.1386986301369863,0.6959095031263424
azure,airflow,2024-04-01,79,584,548,2880,0.13527397260273974,0.710928907109289
azure,aws,2024-04-01,82,584,584,2880,0.1404109589041096,0.6924376055545131
azure,databricks,2024-04-01,268,584,454,2880,0.4589041095890411,2.9111097700802606
azure,dbt,2024-04-01,17,584,293,2880,0.02910958904109589,0.28612838374865585
azure,docker,2024-04-01,82,584,585,2880,0.1404109589041096,0.6912539515279241
azure,gcp,2024-04-01,82,584,585,2880,0.1404109589041096,0.6912539515279241
azure,hadoop,2024-04-01,92,584,746,2880,0.15753424657534246,0.6081751074222337
azure,hive,2024-04-01,82,584,584,2880,0.1404109589041096,0.6924376055545131
azure,java,2024-04-01,77,584,515,2880,0.13184931506849315,0.7373320920335151
azure,kafka,2024-04-01,82,584,584,2880,0.1404109589041096,0.6924376055545131
azure,kubernetes,2024-04-01,82,584,585,2880,0.1404109589041096,0.6912539515279241
azure,powerbi,2024-04-01,76,584,499,2880,0.13013698630136986,0.7510912235429764
azure,python,2024-04-01,51,584,330,2880,0.08732876712328767,0.7621419676214197
azure,scala,2024-04-01,81,584,571,2880,0.1386986301369863,0.6995657702180745
azure,snowflake,2024-04-01,68,584,586,2880,0.11643835616438356,0.5722567674973117
azure,spark,2024-04-01,584,584,2880,2880,1.0,1.0
azure,sql,2024-04-01,51,584,330,2880,0.08732876712328767,0.7621419676214197
azure,tableau,2024-04-01,51,584,331,2880,0.08732876712328767,0.7598394239125936
azure,terraform,2024-04-01,81,584,574,2880,0.1386986301369863,0.6959095031263424
databricks,airflow,2024-04-01,59,454,548,2880,0.1299559471365639,0.6829801601337664
databricks,aws,2024-04-01,58,454,584,2880,0.1277533039647577,0.6300162935248326
databricks,azure,2024-04-01,268,454,584,2880,0.5903083700440529,2.9111097700802606
databricks,docker,2024-04-01,58,454,585,2880,0.1277533039647577,0.6289393425957303
databricks,gcp,2024-04-01,244,454,585,2880,0.5374449339207048,2.6458827516096237
databricks,hive,2024-04-01,59,454,584,2880,0.1299559471365639,0.6408786434131917
databricks,java,2024-04-01,49,454,515,2880,0.10792951541850221,0.6035669988452163
databricks,kafka,2024-04-01,59,454,584,2880,0.1299559471365639,0.6408786434131917
databricks,kubernetes,2024-04-01,58,454,585,2880,0.1277533039647577,0.6289393425957303
databricks,powerbi,2024-04-01,43,454,499,2880,0.0947136563876652,0.5466439486903322
databricks,python,2024-04-01,44,454,330,2880,0.09691629955947137,0.8458149779735683
databricks,scala,2024-04-01,58,454,571,2880,0.1277533039647577,0.6443599219238217
databricks,spark,2024-04-01,454,454,2880,2880,1.0,1.0
databricks,sql,2024-04-01,59,454,330,2880,0.1299559471365639,1.1341609931918302
databricks,tableau,2024-04-01,43,454,331,2880,0.0947136563876652,0.8240946537657878
databricks,terraform,2024-04-01,58,454,574,2880,0.1277533039647577,0.6409921871402477
dbt,airflow,2024-04-01,124,293,548,2880,0.4232081911262799,2.2241598365760695
dbt,aws,2024-04-01,57,293,584,2880,0.1945392491467577,0.9593716396278461
dbt,azure,2024-04-01,17,293,584,2880,0.05802047781569966,0.28612838374865585
dbt,docker,2024-04-01,16,293,585,2880,0.05460750853242321,0.2688369650826989
dbt,gcp,2024-04-01,51,293,585,2880,0.17406143344709898,0.8569178262011027
dbt,hive,2024-04-01,73,293,584,2880,0.24914675767918087,1.2286689419795223
dbt,java,2024-04-01,16,293,515,2880,0.05460750853242321,0.30537791179296864
dbt,kafka,2024-04-01,162,293,584,2880,0.552901023890785,2.7266351863107205
dbt,kubernetes,2024-04-01,51,293,585,2880,0.17406143344709898,0.8569178262011027
dbt,powerbi,2024-04-01,51,293,499,2880,0.17406143344709898,1.0046030627808518
dbt,python,2024-04-01,51,293,330,2880,0.17406143344709898,1.5190816009928638
dbt,scala,2024-04-01,51,293,571,2880,0.17406143344709898,0.8779280706263486
dbt,snowflake,2024-04-01,293,293,586,2880,1.0,4.914675767918089
dbt,spark,2024-04-01,293,293,2880,2880,1.0,1.0
dbt,sql,2024-04-01,16,293,330,2880,0.05460750853242321,0.4765746199193298
dbt,tableau,2024-04-01,16,293,331,2880,0.05460750853242321,0.4751348174422321
dbt,terraform,2024-04-01,16,293,574,2880,0.05460750853242321,0.2739888929849806
docker,airflow,2024-04-01,80,585,548,2880,0.13675213675213677,0.7186973610331274
docker,aws,2024-04-01,82,585,584,2880,0.14017094017094017,0.6912539515279241
docker,azure,2024-04-01,82,585,584,2880,0.14017094017094017,0.6912539515279241
docker,databricks,2024-04-01,58,585,454,2880,0.09914529914529914,0.6289393425957303
docker,dbt,2024-04-01,16,585,293,2880,0.02735042735042735,0.2688369650826989
docker,gcp,2024-04-01,82,585,585,2880,0.14017094017094017,0.6900723208415516
docker,hadoop,2024-04-01,92,585,746,2880,0.15726495726495726,0.6071354918539905
docker,hive,2024-04-01,82,585,584,2880,0.14017094017094017,0.6912539515279241
docker,java,2024-04-01,77,585,515,2880,0.13162393162393163,0.7360716952949963
docker,kafka,2024-04-01,82,585,584,2880,0.14017094017094017,0.6912539515279241
docker,kubernetes,2024-04-01,82,585,585,2880,0.14017094017094017,0.6900723208415516
docker,powerbi,2024-04-01,76,585,499,2880,0.12991452991452992,0.7498073069215354
docker,python,2024-04-01,51,585,330,2880,0.08717948717948718,0.7608391608391608
docker,scala,2024-04-01,81,585,571,2880,0.13846153846153847,0.6983699312946248
docker,snowflake,2024-04-01,67,585,586,2880,0.11452991452991453,0.5628773956419008
docker,spark,2024-04-01,585,585,2880,2880,1.0,1.0
docker,sql,2024-04-01,51,585,330,2880,0.08717948717948718,0.7608391608391608
docker,tableau,2024-04-01,51,585,331,2880,0.08717948717948718,0.7585405531024867
docker,terraform,2024-04-01,81,585,574,2880,0.13846153846153847,0.6947199142321093
gcp,airflow,2024-04-01,80,585,548,2880,0.13675213675213677,0.7186973610331274
gcp,aws,2024-04-01,82,585,584,2880,0.14017094017094017,0.6912539515279241
gcp,azure,2024-04-01,82,585,584,2880,0.14017094017094017,0.6912539515279241
gcp,databricks,2024-04-01,244,585,454,2880,0.4170940170940171,2.6458827516096237
gcp,dbt,2024-04-01,51,585,293,2880,0.08717948717948718,0.8569178262011027
gcp,docker,2024-04-01,82,585,585,2880,0.14017094017094017,0.6900723208415516
gcp,hadoop,2024-04-01,92,585,746,2880,0.15726495726495726,0.6071354918539905
gcp,hive,2024-04-01,82,585,584,2880,0.14017094017094017,0.6912539515279241
gcp,java,2024-04-01,77,585,515,2880,0.13162393162393163,0.7360716952949963
gcp,kafka,2024-04-01,82,585,584,2880,0.14017094017094017,0.6912539515279241
gcp,kubernetes,2024-04-01,82,585,585,2880,0.14017094017094017,0.6900723208415516
gcp,powerbi,2024-04-01,76,585,499,2880,0.12991452991452992,0.7498073069215354
gcp,python,2024-04-01,51,585,330,2880,0.08717948717948718,0.7608391608391608
gcp,scala,2024-04-01,81,585,571,2880,0.13846153846153847,0.6983699312946248
gcp,snowflake,2024-04-01,67,585,586,2880,0.11452991452991453,0.5628773956419008
gcp,spark,2024-04-01,585,585,2880,2880,1.0,1.0
gcp,sql,2024-04-01,51,585,330,2880,0.08717948717948718,0.7608391608391608
gcp,tableau,2024-04-01,51,585,331,2880,0.08717948717948718,0.7585405531024867
gcp,terraform,2024-04-01,81,585,574,2880,0.13846153846153847,0.6947199142321093
hadoop,airflow,2024-04-01,92,746,548,2880,0.12332439678284182,0.6481282166689497
hadoop,aws,2024-04-01,92,746,584,2880,0.12332439678284182,0.6081751074222337
hadoop,azure,2024-04-01,92,746,584,2880,0.12332439678284182,0.6081751074222337
hadoop,docker,2024-04-01,92,746,585,2880,0.12332439678284182,0.6071354918539905
hadoop,gcp,2024-04-01,92,746,585,2880,0.12332439678284182,0.6071354918539905
hadoop,hive,2024-04-01,92,746,584,2880,0.12332439678284182,0.6081751074222337
hadoop,java,2024-04-01,116,746,515,2880,0.1554959785522788,0.8695697441370155
hadoop,kafka,2024-04-01,92,746,584,2880,0.12332439678284182,0.6081751074222337
hadoop,kubernetes,2024-04-01,271,746,585,2880,0.3632707774798928,1.788409981439472
hadoop,powerbi,2024-04-01,91,746,499,2880,0.12198391420911528,0.7040354166778597
hadoop,python,2024-04-01,92,746,330,2880,0.12332439678284182,1.076285644650256
hadoop,scala,2024-04-01,316,746,571,2880,0.42359249329758714,2.136508547630562
hadoop,spark,2024-04-01,746,746,2880,2880,1.0,1.0
hadoop,sql,2024-04-01,86,746,330,2880,0.11528150134048257,1.006093102607848
hadoop,tableau,2024-04-01,91,746,331,2880,0.12198391420911528,1.0613706130581633
hadoop,terraform,2024-04-01,316,746,574,2880,0.42359249329758714,2.1253421266499144
hive,airflow,2024-04-01,79,584,548,2880,0.13527397260273974,0.710928907109289
hive,aws,2024-04-01,82,584,584,2880,0.1404109589041096,0.6924376055545131
hive,azure,2024-04-01,82,584,584,2880,0.1404109589041096,0.6924376055545131
hive,databricks,2024-04-01,59,584,454,2880,0.10102739726027397,0.6408786434131917
hive,dbt,2024-04-01,73,584,293,2880,0.125,1.2286689419795223
hive,docker,2024-04-01,82,584,585,2880,0.1404109589041096,0.6912539515279241
hive,gcp,2024-04-01,82,584,585,2880,0.1404109589041096,0.6912539515279241
hive,hadoop,2024-04-01,92,584,746,2880,0.15753424657534246,0.6081751074222337
hive,java,2024-04-01,77,584,515,2880,0.13184931506849315,0.7373320920335151
hive,kafka,2024-04-01,82,584,584,2880,0.1404109589041096,0.6924376055545131
hive,kubernetes,2024-04-01,82,584,585,2880,0.1404109589041096,0.6912539515279241
hive,powerbi,2024-04-01,76,584,499,2880,0.13013698630136986,0.7510912235429764
hive,python,2024-04-01,51,584,330,2880,0.08732876712328767,0.7621419676214197
hive,scala,2024-04-01,81,584,571,2880,0.1386986301369863,0.6995657702180745
hive,snowflake,2024-04-01,173,584,586,2880,0.2962328767123288,1.455888540838749
hive,spark,2024-04-01,584,584,2880,2880,1.0,1.0
hive,sql,2024-04-01,51,584,330,2880,0.08732876712328767,0.7621419676214197
hive,tableau,2024-04-01,51,584,331,2880,0.08732876712328767,0.7598394239125936
hive,terraform,2024-04-01,81,584,574,2880,0.1386986301369863,0.6959095031263424
java,airflow,2024-04-01,76,515,548,2880,0.14757281553398058,0.7755651619304089
java,aws,2024-04-01,77,515,584,2880,0.14951456310679612,0.7373320920335151
java,azure,2024-04-01,77,515,584,2880,0.14951456310679612,0.7373320920335151
java,databricks,2024-04-01,49,515,454,2880,0.09514563106796116,0.6035669988452163
java,dbt,2024-04-01,16,515,293,2880,0.031067961165048542,0.30537791179296864
java,docker,2024-04-01,77,515,585,2880,0.14951456310679612,0.7360716952949963
java,gcp,2024-04-01,77,515,585,2880,0.14951456310679612,0.7360716952949963
java,hadoop,2024-04-01,116,515,746,2880,0.22524271844660193,0.8695697441370155
java,hive,2024-04-01,77,515,584,2880,0.14951456310679612,0.7373320920335151
java,kafka,2024-04-01,77,515,584,2880,0.14951456310679612,0.7373320920335151
java,kubernetes,2024-04-01,77,515,585,2880,0.14951456310679612,0.7360716952949963
java,powerbi,2024-04-01,58,515,499,2880,0.11262135922330097,0.6499990271805748
java,python,2024-04-01,47,515,330,2880,0.0912621359223301,0.7964695498676081
java,scala,2024-04-01,62,515,571,2880,0.1203883495145631,0.6072126910717018
java,snowflake,2024-04-01,67,515,586,2880,0.13009708737864079,0.6393850028165281
java,spark,2024-04-01,515,515,2880,2880,1.0,1.0
java,sql,2024-04-01,47,515,330,2880,0.0912621359223301,0.7964695498676081
java,tableau,2024-04-01,32,515,331,2880,0.062135922330097085,0.5406388408177631
java,terraform,2024-04-01,66,515,574,2880,0.12815533980582525,0.6430093704543148
kafka,airflow,2024-04-01,79,584,548,2880,0.13527397260273974,0.710928907109289
kafka,aws,2024-04-01,82,584,584,2880,0.1404109589041096,0.6924376055545131
kafka,azure,2024-04-01,82,584,584,2880,0.1404109589041096,0.6924376055545131
kafka,databricks,2024-04-01,59,584,454,2880,0.10102739726027397,0.6408786434131917
kafka,dbt,2024-04-01,162,584,293,2880,0.2773972602739726,2.7266351863107205
kafka,docker,2024-04-01,82,584,585,2880,0.1404109589041096,0.6912539515279241
kafka,gcp,2024-04-01,82,584,585,2880,0.1404109589041096,0.6912539515279241
kafka,hadoop,2024-04-01,92,584,746,2880,0.15753424657534246,0.6081751074222337
kafka,hive,2024-04-01,82,584,584,2880,0.1404109589041096,0.6924376055545131
kafka,java,2024-04-01,77,584,515,2880,0.13184931506849315,0.7373320920335151
kafka,kubernetes,2024-04-01,82,584,585,2880,0.1404109589041096,0.6912539515279241
kafka,powerbi,2024-04-01,76,584,499,2880,0.13013698630136986,0.7510912235429764
kafka,python,2024-04-01,51,584,330,2880,0.08732876712328767,0.7621419676214197
kafka,scala,2024-04-01,81,584,571,2880,0.1386986301369863,0.6995657702180745
kafka,snowflake,2024-04-01,306,584,586,2880,0.523972602739726,2.5751554537379024
kafka,spark,2024-04-01,584,584,2880,2880,1.0,1.0
kafka,sql,2024-04-01,51,584,330,2880,0.08732876712328767,0.7621419676214197
kafka,tableau,2024-04-01,51,584,331,2880,0.08732876712328767,0.7598394239125936
kafka,terraform,2024-04-01,81,584,574,2880,0.1386986301369863,0.6959095031263424
kubernetes,airflow,2024-04-01,80,585,548,2880,0.13675213675213677,0.7186973610331274
kubernetes,aws,2024-04-01,82,585,584,2880,0.14017094017094017,0.6912539515279241
kubernetes,azure,2024-04-01,82,585,584,2880,0.14017094017094017,0.6912539515279241
kubernetes,databricks,2024-04-01,58,585,454,2880,0.09914529914529914,0.6289393425957303
kubernetes,dbt,2024-04-01,51,585,293,2880,0.08717948717948718,0.8569178262011027
kubernetes,docker,2024-04-01,82,585,585,2880,0.14017094017094017,0.6900723208415516
kubernetes,gcp,2024-04-01,82,585,585,2880,0.14017094017094017,0.6900723208415516
kubernetes,hadoop,2024-04-01,271,585,746,2880,0.46324786324786327,1.788409981439472
kubernetes,hive,2024-04-01,82,585,584,2880,0.14017094017094017,0.6912539515279241
kubernetes,java,2024-04-01,77,585,515,2880,0.13162393162393163,0.7360716952949963
kubernetes,kafka,2024-04-01,82,585,584,2880,0.14017094017094017,0.6912539515279241
kubernetes,powerbi,2024-04-01,76,585,499,2880,0.12991452991452992,0.7498073069215354
kubernetes,python,2024-04-01,51,585,330,2880,0.08717948717948718,0.7608391608391608
kubernetes,scala,2024-04-01,81,585,571,2880,0.13846153846153847,0.6983699312946248
kubernetes,snowflake,2024-04-01,67,585,586,2880,0.11452991452991453,0.5628773956419008
kubernetes,spark,2024-04-01,585,585,2880,2880,1.0,1.0
kubernetes,sql,2024-04-01,51,585,330,2880,0.08717948717948718,0.7608391608391608
kubernetes,tableau,2024-04-01,51,585,331,2880,0.08717948717948718,0.7585405531024867
kubernetes,terraform,2024-04-01,81,585,574,2880,0.13846153846153847,0.6947199142321093
powerbi,airflow,2024-04-01,74,499,548,2880,0.14829659318637275,0.779368956891886
powerbi,aws,2024-04-01,76,499,584,2880,0.1523046092184369,0.7510912235429764
powerbi,azure,2024-04-01,76,499,584,2880,0.1523046092184369,0.7510912235429764
powerbi,databricks,2024-04-01,43,499,454,2880,0.08617234468937876,0.5466439486903322
powerbi,dbt,2024-04-01,51,499,293,2880,0.10220440881763528,1.0046030627808518
powerbi,docker,2024-04-01,76,499,585,2880,0.1523046092184369,0.7498073069215354
powerbi,gcp,2024-04-01,76,499,585,2880,0.1523046092184369,0.7498073069215354
powerbi,hadoop,2024-04-01,91,499,746,2880,0.18236472945891782,0.7040354166778597
powerbi,hive,2024-04-01,76,499,584,2880,0.1523046092184369,0.7510912235429764
powerbi,java,2024-04-01,58,499,515,2880,0.11623246492985972,0.6499990271805748
powerbi,kafka,2024-04-01,76,499,584,2880,0.1523046092184369,0.7510912235429764
powerbi,kubernetes,2024-04-01,76,499,585,2880,0.1523046092184369,0.7498073069215354
powerbi,python,2024-04-01,31,499,330,2880,0.06212424849699399,0.5421752596101294
powerbi,scala,2024-04-01,76,499,571,2880,0.1523046092184369,0.7681913739914155
powerbi,snowflake,2024-04-01,67,499,586,2880,0.1342685370741483,0.6598863255521281
powerbi,spark,2024-04-01,499,499,2880,2880,1.0,1.0
powerbi,sql,2024-04-01,31,499,330,2880,0.06212424849699399,0.5421752596101294
powerbi,tableau,2024-04-01,32,499,331,2880,0.06412825651302605,0.5579739539501964
powerbi,terraform,2024-04-01,75,499,574,2880,0.15030060120240482,0.7541214833848883
python,airflow,2024-04-01,34,330,548,2880,0.10303030303030303,0.5414731254147312
python,aws,2024-04-01,51,330,584,2880,0.15454545454545454,0.7621419676214197
python,azure,2024-04-01,51,330,584,2880,0.15454545454545454,0.7621419676214197
python,databricks,2024-04-01,44,330,454,2880,0.13333333333333333,0.8458149779735683
python,dbt,2024-04-01,51,330,293,2880,0.15454545454545454,1.5190816009928638
python,docker,2024-04-01,51,330,585,2880,0.15454545454545454,0.7608391608391608
python,gcp,2024-04-01,51,330,585,2880,0.15454545454545454,0.7608391608391608
python,hadoop,2024-04-01,92,330,746,2880,0.2787878787878788,1.076285644650256
python,hive,2024-04-01,51,330,584,2880,0.15454545454545454,0.7621419676214197
python,java,2024-04-01,47,330,515,2880,0.14242424242424243,0.7964695498676081
python,kafka,2024-04-01,51,330,584,2880,0.15454545454545454,0.7621419676214197
python,kubernetes,2024-04-01,51,330,585,2880,0.15454545454545454,0.7608391608391608
python,powerbi,2024-04-01,31,330,499,2880,0.09393939393939393,0.5421752596101294
python,scala,2024-04-01,50,330,571,2880,0.15151515151515152,0.7642095207769464
python,snowflake,2024-04-01,67,330,586,2880,0.20303030303030303,0.9978281104560968
python,spark,2024-04-01,330,330,2880,2880,1.0,1.0
python,sql,2024-04-01,20,330,330,2880,0.06060606060606061,0.5289256198347108
python,tableau,2024-04-01,20,330,331,2880,0.06060606060606061,0.5273276572370228
python,terraform,2024-04-01,51,330,574,2880,0.15454545454545454,0.7754197022489705
scala,airflow,2024-04-01,79,571,548,2880,0.138353765323993,0.7271146790749997
scala,aws,2024-04-01,81,571,584,2880,0.14185639229422067,0.6995657702180745
scala,azure,2024-04-01,81,571,584,2880,0.14185639229422067,0.6995657702180745
scala,databricks,2024-04-01,58,571,454,2880,0.10157618213660245,0.6443599219238217
scala,dbt,2024-04-01,51,571,293,2880,0.0893169877408056,0.8779280706263486
scala,docker,2024-04-01,81,571,585,2880,0.14185639229422067,0.6983699312946248
scala,gcp,2024-04-01,81,571,585,2880,0.14185639229422067,0.6983699312946248
scala,hadoop,2024-04-01,316,571,746,2880,0.553415061295972,2.136508547630562
scala,hive,2024-04-01,81,571,584,2880,0.14185639229422067,0.6995657702180745
scala,java,2024-04-01,62,571,515,2880,0.1085814360770578,0.6072126910717018
scala,kafka,2024-04-01,81,571,584,2880,0.14185639229422067,0.6995657702180745
scala,kubernetes,2024-04-01,81,571,585,2880,0.14185639229422067,0.6983699312946248
scala,powerbi,2024-04-01,76,571,499,2880,0.1330998248686515,0.7681913739914155
scala,python,2024-04-01,50,571,330,2880,0.08756567425569177,0.7642095207769464
scala,snowflake,2024-04-01,67,571,586,2880,0.11733800350262696,0.5766782424702486
scala,spark,2024-04-01,571,571,2880,2880,1.0,1.0
scala,sql,2024-04-01,50,571,330,2880,0.08756567425569177,0.7642095207769464
scala,tableau,2024-04-01,50,571,331,2880,0.08756567425569177,0.7619007306839647
scala,terraform,2024-04-01,80,571,574,2880,0.14010507880910683,0.7029662490770517
snowflake,airflow,2024-04-01,269,586,548,2880,0.4590443686006826,2.4124959517700106
snowflake,aws,2024-04-01,81,586,584,2880,0.13822525597269625,0.6816587965776801
snowflake,azure,2024-04-01,68,586,584,2880,0.11604095563139932,0.5722567674973117
snowflake,dbt,2024-04-01,293,586,293,2880,0.5,4.914675767918089
snowflake,docker,2024-04-01,67,586,585,2880,0.11433447098976109,0.5628773956419008
snowflake,gcp,2024-04-01,67,586,585,2880,0.11433447098976109,0.5628773956419008
snowflake,hive,2024-04-01,173,586,584,2880,0.295221843003413,1.455888540838749
snowflake,java,2024-04-01,67,586,515,2880,0.11433447098976109,0.6393850028165281
snowflake,kafka,2024-04-01,306,586,584,2880,0.5221843003412969,2.5751554537379024
snowflake,kubernetes,2024-04-01,67,586,585,2880,0.11433447098976109,0.5628773956419008
snowflake,powerbi,2024-04-01,67,586,499,2880,0.11433447098976109,0.6598863255521281
snowflake,python,2024-04-01,67,586,330,2880,0.11433447098976109,0.9978281104560968
snowflake,scala,2024-04-01,67,586,571,2880,0.11433447098976109,0.5766782424702486
snowflake,spark,2024-04-01,586,586,2880,2880,1.0,1.0
snowflake,sql,2024-04-01,67,586,330,2880,0.11433447098976109,0.9978281104560968
snowflake,tableau,2024-04-01,67,586,331,2880,0.11433447098976109,0.9948135240196736
snowflake,terraform,2024-04-01,67,586,574,2880,0.11433447098976109,0.573664244687303
spark,airflow,2024-04-01,548,2880,548,2880,0.19027777777777777,1.0
spark,aws,2024-04-01,584,2880,584,2880,0.20277777777777778,1.0
spark,azure,2024-04-01,584,2880,584,2880,0.20277777777777778,1.0
spark,databricks,2024-04-01,454,2880,454,2880,0.15763888888888888,1.0
spark,dbt,2024-04-01,293,2880,293,2880,0.10173611111111111,1.0
spark,docker,2024-04-01,585,2880,585,2880,0.203125,1.0
spark,gcp,2024-04-01,585,2880,585,2880,0.203125,1.0
spark,hadoop,2024-04-01,746,2880,746,2880,0.2590277777777778,1.0
spark,hive,2024-04-01,584,2880,584,2880,0.20277777777777778,1.0
spark,java,2024-04-01,515,2880,515,2880,0.17881944444444445,1.0
spark,kafka,2024-04-01,584,2880,584,2880,0.20277777777777778,1.0
spark,kubernetes,2024-04-01,585,2880,585,2880,0.203125,1.0
spark,powerbi,2024-04-01,499,2880,499,2880,0.17326388888888888,1.0
spark,python,2024-04-01,330,2880,330,2880,0.11458333333333333,1.0
spark,scala,2024-04-01,571,2880,571,2880,0.19826388888888888,1.0
spark,snowflake,2024-04-01,586,2880,586,2880,0.20347222222222222,1.0
spark,sql,2024-04-01,330,2880,330,2880,0.11458333333333333,1.0
spark,tableau,2024-04-01,331,2880,331,2880,0.11493055555555555,1.0
spark,terraform,2024-04-01,574,2880,574,2880,0.19930555555555557,1.0
sql,airflow,2024-04-01,34,330,548,2880,0.10303030303030303,0.5414731254147312
sql,aws,2024-04-01,51,330,584,2880,0.15454545454545454,0.7621419676214197
sql,azure,2024-04-01,51,330,584,2880,0.15454545454545454,0.7621419676214197
sql,databricks,2024-04-01,59,330,454,2880,0.1787878787878788,1.1341609931918302
sql,dbt,2024-04-01,16,330,293,2880,0.048484848484848485,0.4765746199193298
sql,docker,2024-04-01,51,330,585,2880,0.15454545454545454,0.7608391608391608
sql,gcp,2024-04-01,51,330,585,2880,0.15454545454545454,0.7608391608391608
sql,hadoop,2024-04-01,86,330,746,2880,0.2606060606060606,1.006093102607848
sql,hive,2024-04-01,51,330,584,2880,0.15454545454545454,0.7621419676214197
sql,java,2024-04-01,47,330,515,2880,0.14242424242424243,0.7964695498676081
sql,kafka,2024-04-01,51,330,584,2880,0.15454545454545454,0.7621419676214197
sql,kubernetes,2024-04-01,51,330,585,2880,0.15454545454545454,0.7608391608391608
sql,powerbi,2024-04-01,31,330,499,2880,0.09393939393939393,0.5421752596101294
sql,python,2024-04-01,20,330,330,2880,0.06060606060606061,0.5289256198347108
sql,scala,2024-04-01,50,330,571,2880,0.15151515151515152,0.7642095207769464
sql,snowflake,2024-04-01,67,330,586,2880,0.20303030303030303,0.9978281104560968
sql,spark,2024-04-01,330,330,2880,2880,1.0,1.0
sql,tableau,2024-04-01,20,330,331,2880,0.06060606060606061,0.5273276572370228
sql,terraform,2024-04-01,51,330,574,2880,0.15454545454545454,0.7754197022489705
tableau,airflow,2024-04-01,49,331,548,2880,0.14803625377643503,0.7780007497739652
tableau,aws,2024-04-01,51,331,584,2880,0.1540785498489426,0.7598394239125936
tableau,azure,2024-04-01,51,331,584,2880,0.1540785498489426,0.7598394239125936
tableau,databricks,2024-04-01,43,331,454,2880,0.1299093655589124,0.8240946537657878
tableau,dbt,2024-04-01,16,331,293,2880,0.04833836858006042,0.4751348174422321
tableau,docker,2024-04-01,51,331,585,2880,0.1540785498489426,0.7585405531024867
tableau,gcp,2024-04-01,51,331,585,2880,0.1540785498489426,0.7585405531024867
tableau,hadoop,2024-04-01,91,331,746,2880,0.27492447129909364,1.0613706130581633
tableau,hive,2024-04-01,51,331,584,2880,0.1540785498489426,0.7598394239125936
tableau,java,2024-04-01,32,331,515,2880,0.09667673716012085,0.5406388408177631
tableau,kafka,2024-04-01,51,331,584,2880,0.1540785498489426,0.7598394239125936
tableau,kubernetes,2024-04-01,51,331,585,2880,0.1540785498489426,0.7585405531024867
tableau,powerbi,2024-04-01,32,331,499,2880,0.09667673716012085,0.5579739539501964
tableau,python,2024-04-01,20,331,330,2880,0.06042296072507553,0.5273276572370228
tableau,scala,2024-04-01,50,331,571,2880,0.1510574018126888,0.7619007306839647
tableau,snowflake,2024-04-01,67,331,586,2880,0.20241691842900303,0.9948135240196736
tableau,spark,2024-04-01,331,331,2880,2880,1.0,1.0
tableau,sql,2024-04-01,20,331,330,2880,0.06042296072507553,0.5273276572370228
tableau,terraform,2024-04-01,50,331,574,2880,0.1510574018126888,0.75791867111593
terraform,airflow,2024-04-01,80,574,548,2880,0.13937282229965156,0.732470306976271
terraform,aws,2024-04-01,81,574,584,2880,0.14111498257839722,0.6959095031263424
terraform,azure,2024-04-01,81,574,584,2880,0.14111498257839722,0.6959095031263424
terraform,databricks,2024-04-01,58,574,454,2880,0.10104529616724739,0.6409921871402477
terraform,dbt,2024-04-01,16,574,293,2880,0.027874564459930314,0.2739888929849806
terraform,docker,2024-04-01,81,574,585,2880,0.14111498257839722,0.6947199142321093
terraform,gcp,2024-04-01,81,574,585,2880,0.14111498257839722,0.6947199142321093
terraform,hadoop,2024-04-01,316,574,746,2880,0.5505226480836237,2.1253421266499144
terraform,hive,2024-04-01,81,574,584,2880,0.14111498257839722,0.6959095031263424
terraform,java,2024-04-01,66,574,515,2880,0.11498257839721254,0.6430093704543148
terraform,kafka,2024-04-01,81,574,584,2880,0.14111498257839722,0.6959095031263424
terraform,kubernetes,2024-04-01,81,574,585,2880,0.14111498257839722,0.6947199142321093
terraform,powerbi,2024-04-01,75,574,499,2880,0.13066202090592335,0.7541214833848883
terraform,python,2024-04-01,51,574,330,2880,0.08885017421602788,0.7754197022489705
terraform,scala,2024-04-01,80,574,571,2880,0.13937282229965156,0.7029662490770517
terraform,snowflake,2024-04-01,67,574,586,2880,0.11672473867595819,0.573664244687303
terraform,spark,2024-04-01,574,574,2880,2880,1.0,1.0
terraform,sql,2024-04-01,51,574,330,2880,0.08885017421602788,0.7754197022489705
terraform,tableau,2024-04-01,50,574,331,2880,0.08710801393728224,0.75791867111593
airflow,aws,2024-05-01,551,2625,582,2880,0.2099047619047619,1.0387039764359352
airflow,azure,2024-05-01,540,2625,571,2880,0.2057142857142857,1.0375781836377282
airflow,databricks,2024-05-01,472,2625,472,2880,0.1798095238095238,1.0971428571428572
airflow,dbt,2024-05-01,168,2625,304,2880,0.064,0.6063157894736843
airflow,docker,2024-05-01,434,2625,465,2880,0.16533333333333333,1.024
airflow,gcp,2024-05-01,539,2625,570,2880,0.20533333333333334,1.0374736842105263
airflow,hadoop,2024-05-01,708,2625,708,2880,0.26971428571428574,1.0971428571428572
airflow,hive,2024-05-01,555,2625,586,2880,0.21142857142857144,1.0391028766455388
airflow,java,2024-05-01,298,2625,329,2880,0.11352380952380953,0.9937646547980894
airflow,kafka,2024-05-01,555,2625,586,2880,0.21142857142857144,1.0391028766455388
airflow,kubernetes,2024-05-01,442,2625,473,2880,0.16838095238095238,1.0252370884929025
airflow,powerbi,2024-05-01,311,2625,370,2880,0.11847619047619047,0.9221930501930502
airflow,python,2024-05-01,554,2625,585,2880,0.21104761904761904,1.039003663003663
airflow,scala,2024-05-01,298,2625,329,2880,0.11352380952380953,0.9937646547980894
airflow,snowflake,2024-05-01,353,2625,608,2880,0.13447619047619047,0.6369924812030076
airflow,spark,2024-05-01,585,2625,840,2880,0.22285714285714286,0.7640816326530612
airflow,sql,2024-05-01,554,2625,585,2880,0.21104761904761904,1.039003663003663
airflow,tableau,2024-05-01,343,2625,584,2880,0.13066666666666665,0.6443835616438356
airflow,terraform,2024-05-01,299,2625,330,2880,0.11390476190476191,0.9940779220779221
aws,airflow,2024-05-01,551,582,2625,2880,0.9467353951890034,1.0387039764359352
aws,azure,2024-05-01,81,582,571,2880,0.13917525773195877,0.7019697763012981
aws,databricks,2024-05-01,59,582,472,2880,0.1013745704467354,0.6185567010309279
aws,dbt,2024-05-01,52,582,304,2880,0.08934707903780069,0.8464460119370592
aws,docker,2024-05-01,71,582,465,2880,0.12199312714776632,0.7555703358829398
aws,gcp,2024-05-01,81,582,570,2880,0.13917525773195877,0.7032013022246337
aws,hadoop,2024-05-01,314,582,708,2880,0.5395189003436426,2.194653153940241
aws,hive,2024-05-01,82,582,586,2880,0.140893470790378,0.6924457267513459
aws,java,2024-05-01,50,582,329,2880,0.0859106529209622,0.752044621314198
aws,kafka,2024-05-01,82,582,586,2880,0.140893470790378,0.6924457267513459
aws,kubernetes,2024-05-01,75,582,473,2880,0.12886597938144329,0.7846385213922975
aws,powerbi,2024-05-01,53,582,370,2880,0.09106529209621993,0.7088325438840902
aws,python,2024-05-01,82,582,585,2880,0.140893470790378,0.6936293946603225
aws,scala,2024-05-01,50,582,329,2880,0.0859106529209622,0.752044621314198
aws,snowflake,2024-05-01,68,582,608,2880,0.11683848797250859,0.5534454693434617
aws,spark,2024-05-01,113,582,840,2880,0.19415807560137457,0.6656848306332842
aws,sql,2024-05-01,82,582,585,2880,0.140893470790378,0.6936293946603225
aws,tableau,2024-05-01,81,582,584,2880,0.13917525773195877,0.6863437367603445
aws,terraform,2024-05-01,51,582,330,2880,0.08762886597938144,0.7647610121836926
azure,airflow,2024-05-01,540,571,2625,2880,0.9457092819614711,1.0375781836377282
azure,aws,2024-05-01,81,571,582,2880,0.14185639229422067,0.7019697763012981
azure,databricks,2024-05-01,59,571,472,2880,0.10332749562171628,0.6304728546409807
azure,dbt,2024-05-01,16,571,304,2880,0.028021015761821366,0.26546225458567607
azure,docker,2024-05-01,60,571,465,2880,0.10507880910683012,0.6508106886616576
azure,gcp,2024-05-01,80,571,570,2880,0.14010507880910683,0.7078993455618029
azure,hadoop,2024-05-01,314,571,708,2880,0.5499124343257443,2.2369319362403157
azure,hive,2024-05-01,81,571,586,2880,0.14185639229422067,0.6971781737326886
azure,java,2024-05-01,50,571,329,2880,0.08756567425569177,0.7665323460680616
azure,kafka,2024-05-01,81,571,586,2880,0.14185639229422067,0.6971781737326886
azure,kubernetes,2024-05-01,74,571,473,2880,0.1295971978984238,0.7890907609882888
azure,powerbi,2024-05-01,53,571,370,2880,0.09281961471103327,0.7224878118047996
azure,python,2024-05-01,81,571,585,2880,0.14185639229422067,0.6983699312946248
azure,scala,2024-05-01,50,571,329,2880,0.08756567425569177,0.7665323460680616
azure,snowflake,2024-05-01,68,571,608,2880,0.1190893169877408,0.5641072909945617
azure,spark,2024-05-01,112,571,840,2880,0.19614711033274956,0.6725043782837128
azure,sql,2024-05-01,81,571,585,2880,0.14185639229422067,0.6983699312946248
azure,tableau,2024-05-01,81,571,584,2880,0.14185639229422067,0.6995657702180745
azure,terraform,2024-05-01,50,571,330,2880,0.08756567425569177,0.7642095207769464
databricks,airflow,2024-05-01,472,472,2625,2880,1.0,1.0971428571428572
databricks,aws,2024-05-01,59,472,582,2880,0.125,0.6185567010309279
databricks,azure,2024-05-01,59,472,571,2880,0.125,0.6304728546409807
databricks,docker,2024-05-01,60,472,465,2880,0.1271186440677966,0.7873154729360307
databricks,gcp,2024-05-01,60,472,570,2880,0.1271186440677966,0.6422836752899197
databricks,hive,2024-05-01,59,472,586,2880,0.125,0.6143344709897611
databricks,java,2024-05-01,60,472,329,2880,0.1271186440677966,1.1127711091649064
databricks,kafka,2024-05-01,194,472,586,2880,0.4110169491525424,2.020015040203621
databricks,kubernetes,2024-05-01,45,472,473,2880,0.09533898305084745,0.5804995162504031
databricks,powerbi,2024-05-01,60,472,370,2880,0.1271186440677966,0.9894640403114979
databricks,python,2024-05-01,59,472,585,2880,0.125,0.6153846153846154
databricks,scala,2024-05-01,52,472,329,2880,0.11016949152542373,0.964401627942919
databricks,spark,2024-05-01,112,472,840,2880,0.23728813559322035,0.8135593220338984
databricks,sql,2024-05-01,59,472,585,2880,0.125,0.6153846153846154
databricks,tableau,2024-05-01,60,472,584,2880,0.1271186440677966,0.6268864638959832
databricks,terraform,2024-05-01,45,472,330,2880,0.09533898305084745,0.8320493066255779
dbt,airflow,2024-05-01,168,304,2625,2880,0.5526315789473685,0.6063157894736843
dbt,aws,2024-05-01,52,304,582,2880,0.17105263157894737,0.8464460119370592
dbt,azure,2024-05-01,16,304,571,2880,0.05263157894736842,0.26546225458567607
dbt,docker,2024-05-01,16,304,465,2880,0.05263157894736842,0.32597623089983024
dbt,gcp,2024-05-01,52,304,570,2880,0.17105263157894737,0.8642659279778393
dbt,hive,2024-05-01,16,304,586,2880,0.05263157894736842,0.2586671456798994
dbt,java,2024-05-01,16,304,329,2880,0.05263157894736842,0.46072628379459285
dbt,kafka,2024-05-01,52,304,586,2880,0.17105263157894737,0.8406682234596731
dbt,kubernetes,2024-05-01,52,304,473,2880,0.17105263157894737,1.0415043952375653
dbt,powerbi,2024-05-01,66,304,370,2880,0.21710526315789475,1.689900426742532
dbt,python,2024-05-01,164,304,585,2880,0.5394736842105263,2.6558704453441297
dbt,scala,2024-05-01,52,304,329,2880,0.17105263157894737,1.4973604223324268
dbt,snowflake,2024-05-01,304,304,608,2880,1.0,4.7368421052631575
dbt,spark,2024-05-01,178,304,840,2880,0.5855263157894737,2.007518796992481
dbt,sql,2024-05-01,48,304,585,2880,0.15789473684210525,0.7773279352226721
dbt,tableau,2024-05-01,144,304,584,2880,0.47368421052631576,2.335976928622927
dbt,terraform,2024-05-01,16,304,330,2880,0.05263157894736842,0.45933014354066987
docker,airflow,2024-05-01,434,465,2625,2880,0.9333333333333333,1.024
docker,aws,2024-05-01,71,465,582,2880,0.15268817204301074,0.7555703358829398
docker,azure,2024-05-01,60,465,571,2880,0.12903225806451613,0.6508106886616576
docker,databricks,2024-05-01,60,465,472,2880,0.12903225806451613,0.7873154729360307
docker,dbt,2024-05-01,16,465,304,2880,0.034408602150537634,0.32597623089983024
docker,gcp,2024-05-01,59,465,570,2880,0.12688172043010754,0.6410865874363327
docker,hadoop,2024-05-01,90,465,708,2880,0.1935483870967742,0.7873154729360307
docker,hive,2024-05-01,75,465,586,2880,0.16129032258064516,0.7926896399867885
docker,java,2024-05-01,28,465,329,2880,0.060215053763440864,0.5271105010295127
docker,kafka,2024-05-01,75,465,586,2880,0.16129032258064516,0.7926896399867885
docker,kubernetes,2024-05-01,46,465,473,2880,0.0989247311827957,0.6023324012821387
docker,powerbi,2024-05-01,41,465,370,2880,0.08817204301075268,0.686312118570183
docker,python,2024-05-01,74,465,585,2880,0.15913978494623657,0.7834574028122415
docker,scala,2024-05-01,28,465,329,2880,0.060215053763440864,0.5271105010295127
docker,snowflake,2024-05-01,68,465,608,2880,0.14623655913978495,0.6926994906621392
docker,spark,2024-05-01,105,465,840,2880,0.22580645161290322,0.7741935483870968
docker,sql,2024-05-01,74,465,585,2880,0.15913978494623657,0.7834574028122415
docker,tableau,2024-05-01,73,465,584,2880,0.15698924731182795,0.7741935483870968
docker,terraform,2024-05-01,29,465,330,2880,0.06236559139784946,0.5442815249266862
gcp,airflow,2024-05-01,539,570,2625,2880,0.9456140350877194,1.0374736842105263
gcp,aws,2024-05-01,81,570,582,2880,0.14210526315789473,0.7032013022246337
gcp,azure,2024-05-01,80,570,571,2880,0.14035087719298245,0.7078993455618029
gcp,databricks,2024-05-01,60,570,472,2880,0.10526315789473684,0.6422836752899197
gcp,dbt,2024-05-01,52,570,304,2880,0.0912280701754386,0.8642659279778393
gcp,docker,2024-05-01,59,570,465,2880,0.10350877192982456,0.6410865874363327
gcp,hadoop,2024-05-01,236,570,708,2880,0.41403508771929826,1.6842105263157894
gcp,hive,2024-05-01,81,570,586,2880,0.14210526315789473,0.6984012933357284
gcp,java,2024-05-01,50,570,329,2880,0.08771929824561403,0.7678771396576548
gcp,kafka,2024-05-01,81,570,586,2880,0.14210526315789473,0.6984012933357284
gcp,kubernetes,2024-05-01,73,570,473,2880,0.1280701754385965,0.7797930343829976
gcp,powerbi,2024-05-01,53,570,370,2880,0.09298245614035087,0.7237553342816501
gcp,python,2024-05-01,81,570,585,2880,0.14210526315789473,0.6995951417004048
gcp,scala,2024-05-01,50,570,329,2880,0.08771929824561403,0.7678771396576548
gcp,snowflake,2024-05-01,68,570,608,2880,0.11929824561403508,0.5650969529085873
gcp,spark,2024-05-01,112,570,840,2880,0.19649122807017544,0.6736842105263158
gcp,sql,2024-05-01,81,570,585,2880,0.14210526315789473,0.6995951417004048
gcp,tableau,2024-05-01,81,570,584,2880,0.14210526315789473,0.7007930785868781
gcp,terraform,2024-05-01,50,570,330,2880,0.08771929824561403,0.7655502392344498
hadoop,airflow,2024-05-01,708,708,2625,2880,1.0,1.0971428571428572
hadoop,aws,2024-05-01,314,708,582,2880,0.4435028248587571,2.194653153940241
hadoop,azure,2024-05-01,314,708,571,2880,0.4435028248587571,2.2369319362403157
hadoop,docker,2024-05-01,90,708,465,2880,0.1271186440677966,0.7873154729360307
hadoop,gcp,2024-05-01,236,708,570,2880,0.3333333333333333,1.6842105263157894
hadoop,hive,2024-05-01,112,708,586,2880,0.15819209039548024,0.7774628333429745
hadoop,java,2024-05-01,74,708,329,2880,0.10451977401129943,0.9149451342022564
hadoop,kafka,2024-05-01,89,708,586,2880,0.12570621468926554,0.6178052872100422
hadoop,kubernetes,2024-05-01,86,708,473,2880,0.12146892655367232,0.7395993836671803
hadoop,powerbi,2024-05-01,81,708,370,2880,0.11440677966101695,0.8905176362803482
hadoop,python,2024-05-01,89,708,585,2880,0.12570621468926554,0.6188613646240765
hadoop,scala,2024-05-01,74,708,329,2880,0.10451977401129943,0.9149451342022564
hadoop,spark,2024-05-01,89,708,840,2880,0.12570621468926554,0.43099273607748184
hadoop,sql,2024-05-01,89,708,585,2880,0.12570621468926554,0.6188613646240765
hadoop,tableau,2024-05-01,89,708,584,2880,0.12570621468926554,0.6199210587415834
hadoop,terraform,2024-05-01,75,708,330,2880,0.1059322033898305,0.9244992295839753
hive,airflow,2024-05-01,555,586,2625,2880,0.947098976109215,1.0391028766455388
hive,aws,2024-05-01,82,586,582,2880,0.13993174061433447,0.6924457267513459
hive,azure,2024-05-01,81,586,571,2880,0.13822525597269625,0.6971781737326886
hive,databricks,2024-05-01,59,586,472,2880,0.10068259385665529,0.6143344709897611
hive,dbt,2024-05-01,16,586,304,2880,0.027303754266211604,0.2586671456798994
hive,docker,2024-05-01,75,586,465,2880,0.12798634812286688,0.7926896399867885
hive,gcp,2024-05-01,81,586,570,2880,0.13822525597269625,0.6984012933357284
hive,hadoop,2024-05-01,112,586,708,2880,0.19112627986348124,0.7774628333429745
hive,java,2024-05-01,51,586,329,2880,0.08703071672354949,0.7618494351483968
hive,kafka,2024-05-01,82,586,586,2880,0.13993174061433447,0.6877191347598691
hive,kubernetes,2024-05-01,75,586,473,2880,0.12798634812286688,0.7792826270483227
hive,powerbi,2024-05-01,54,586,370,2880,0.09215017064846416,0.7172770039664238
hive,python,2024-05-01,82,586,585,2880,0.13993174061433447,0.6888947230244159
hive,scala,2024-05-01,51,586,329,2880,0.08703071672354949,0.7618494351483968
hive,snowflake,2024-05-01,68,586,608,2880,0.11604095563139932,0.5496676845697862
hive,spark,2024-05-01,113,586,840,2880,0.19283276450511946,0.6611409068746953
hive,sql,2024-05-01,82,586,585,2880,0.13993174061433447,0.6888947230244159
hive,tableau,2024-05-01,82,586,584,2880,0.13993174061433447,0.69007433727617
hive,terraform,2024-05-01,51,586,330,2880,0.08703071672354949,0.7595408004964319
java,airflow,2024-05-01,298,329,2625,2880,0.9057750759878419,0.9937646547980894
java,aws,2024-05-01,50,329,582,2880,0.1519756838905775,0.752044621314198
java,azure,2024-05-01,50,329,571,2880,0.1519756838905775,0.7665323460680616
java,databricks,2024-05-01,60,329,472,2880,0.182370820668693,1.1127711091649064
java,dbt,2024-05-01,16,329,304,2880,0.0486322188449848,0.46072628379459285
java,docker,2024-05-01,28,329,465,2880,0.0851063829787234,0.5271105010295127
java,gcp,2024-05-01,50,329,570,2880,0.1519756838905775,0.7678771396576548
java,hadoop,2024-05-01,74,329,708,2880,0.22492401215805471,0.9149451342022564
java,hive,2024-05-01,51,329,586,2880,0.15501519756838905,0.7618494351483968
java,kafka,2024-05-01,51,329,586,2880,0.15501519756838905,0.7618494351483968
java,kubernetes,2024-05-01,29,329,473,2880,0.08814589665653495,0.5367022883104031
java,powerbi,2024-05-01,23,329,370,2880,0.06990881458966565,0.5441550973465867
java,python,2024-05-01,51,329,585,2880,0.15501519756838905,0.7631517418751461
java,scala,2024-05-01,20,329,329,2880,0.060790273556231005,0.5321458597019614
java,snowflake,2024-05-01,68,329,608,2880,0.2066869300911854,0.9790433530635099
java,spark,2024-05-01,82,329,840,2880,0.24924012158054712,0.854537559704733
java,sql,2024-05-01,51,329,585,2880,0.15501519756838905,0.7631517418751461
java,tableau,2024-05-01,51,329,584,2880,0.15501519756838905,0.7644585085564392
java,terraform,2024-05-01,20,329,330,2880,0.060790273556231005,0.5305332964907433
kafka,airflow,2024-05-01,555,586,2625,2880,0.947098976109215,1.0391028766455388
kafka,aws,2024-05-01,82,586,582,2880,0.13993174061433447,0.6924457267513459
kafka,azure,2024-05-01,81,586,571,2880,0.13822525597269625,0.6971781737326886
kafka,databricks,2024-05-01,194,586,472,2880,0.3310580204778157,2.020015040203621
kafka,dbt,2024-05-01,52,586,304,2880,0.08873720136518772,0.8406682234596731
kafka,docker,2024-05-01,75,586,465,2880,0.12798634812286688,0.7926896399867885
kafka,gcp,2024-05-01,81,586,570,2880,0.13822525597269625,0.6984012933357284
kafka,hadoop,2024-05-01,89,586,708,2880,0.15187713310580206,0.6178052872100422
kafka,hive,2024-05-01,82,586,586,2880,0.13993174061433447,0.6877191347598691
kafka,java,2024-05-01,51,586,329,2880,0.08703071672354949,0.7618494351483968
kafka,kubernetes,2024-05-01,75,586,473,2880,0.12798634812286688,0.7792826270483227
kafka,powerbi,2024-05-01,54,586,370,2880,0.09215017064846416,0.7172770039664238
kafka,python,2024-05-01,82,586,585,2880,0.13993174061433447,0.6888947230244159
kafka,scala,2024-05-01,51,586,329,2880,0.08703071672354949,0.7618494351483968
kafka,snowflake,2024-05-01,68,586,608,2880,0.11604095563139932,0.5496676845697862
kafka,spark,2024-05-01,113,586,840,2880,0.19283276450511946,0.6611409068746953
kafka,sql,2024-05-01,82,586,585,2880,0.13993174061433447,0.6888947230244159
kafka,tableau,2024-05-01,82,586,584,2880,0.13993174061433447,0.69007433727617
kafka,terraform,2024-05-01,51,586,330,2880,0.08703071672354949,0.7595408004964319
kubernetes,airflow,2024-05-01,442,473,2625,2880,0.9344608879492601,1.0252370884929025
kubernetes,aws,2024-05-01,75,473,582,2880,0.15856236786469344,0.7846385213922975
kubernetes,azure,2024-05-01,74,473,571,2880,0.15644820295983086,0.7890907609882888
kubernetes,databricks,2024-05-01,45,473,472,2880,0.09513742071881606,0.5804995162504031
kubernetes,dbt,2024-05-01,52,473,304,2880,0.10993657505285412,1.0415043952375653
kubernetes,docker,2024-05-01,46,473,465,2880,0.09725158562367865,0.6023324012821387
kubernetes,gcp,2024-05-01,73,473,570,2880,0.1543340380549683,0.7797930343829976
kubernetes,hadoop,2024-05-01,86,473,708,2880,0.18181818181818182,0.7395993836671803
kubernetes,hive,2024-05-01,75,473,586,2880,0.15856236786469344,0.7792826270483227
kubernetes,java,2024-05-01,29,473,329,2880,0.0613107822410148,0.5367022883104031
kubernetes,kafka,2024-05-01,75,473,586,2880,0.15856236786469344,0.7792826270483227
kubernetes,powerbi,2024-05-01,32,473,370,2880,0.06765327695560254,0.5265984800868522
kubernetes,python,2024-05-01,75,473,585,2880,0.15856236786469344,0.7806147341031062
kubernetes,scala,2024-05-01,29,473,329,2880,0.0613107822410148,0.5367022883104031
kubernetes,snowflake,2024-05-01,68,473,608,2880,0.14376321353065538,0.6809836430399466
kubernetes,spark,2024-05-01,106,473,840,2880,0.22410147991543342,0.7683479311386288
kubernetes,sql,2024-05-01,75,473,585,2880,0.15856236786469344,0.7806147341031062
kubernetes,tableau,2024-05-01,60,473,584,2880,0.12684989429175475,0.625561122534681
kubernetes,terraform,2024-05-01,29,473,330,2880,0.0613107822410148,0.5350759177397655
powerbi,airflow,2024-05-01,311,370,2625,2880,0.8405405405405405,0.9221930501930502
powerbi,aws,2024-05-01,53,370,582,2880,0.14324324324324325,0.7088325438840902
powerbi,azure,2024-05-01,53,370,571,2880,0.14324324324324325,0.7224878118047996
powerbi,databricks,2024-05-01,60,370,472,2880,0.16216216216216217,0.9894640403114979
powerbi,dbt,2024-05-01,66,370,304,2880,0.1783783783783784,1.689900426742532
powerbi,docker,2024-05-01,41,370,465,2880,0.11081081081081082,0.686312118570183
powerbi,gcp,2024-05-01,53,370,570,2880,0.14324324324324325,0.7237553342816501
powerbi,hadoop,2024-05-01,81,370,708,2880,0.21891891891891893,0.8905176362803482
powerbi,hive,2024-05-01,54,370,586,2880,0.14594594594594595,0.7172770039664238
powerbi,java,2024-05-01,23,370,329,2880,0.062162162162162166,0.5441550973465867
powerbi,kafka,2024-05-01,54,370,586,2880,0.14594594594594595,0.7172770039664238
powerbi,kubernetes,2024-05-01,32,370,473,2880,0.08648648648648649,0.5265984800868522
powerbi,python,2024-05-01,53,370,585,2880,0.14324324324324325,0.7051975051975052
powerbi,scala,2024-05-01,23,370,329,2880,0.062162162162162166,0.5441550973465867
powerbi,snowflake,2024-05-01,98,370,608,2880,0.2648648648648649,1.2546230440967283
powerbi,spark,2024-05-01,112,370,840,2880,0.3027027027027027,1.037837837837838
powerbi,sql,2024-05-01,53,370,585,2880,0.14324324324324325,0.7051975051975052
powerbi,tableau,2024-05-01,68,370,584,2880,0.1837837837837838,0.9063309885227694
powerbi,terraform,2024-05-01,23,370,330,2880,0.062162162162162166,0.5425061425061425
python,airflow,2024-05-01,554,585,2625,2880,0.947008547008547,1.039003663003663
python,aws,2024-05-01,82,585,582,2880,0.14017094017094017,0.6936293946603225
python,azure,2024-05-01,81,585,571,2880,0.13846153846153847,0.6983699312946248
python,databricks,2024-05-01,59,585,472,2880,0.10085470085470086,0.6153846153846154
python,dbt,2024-05-01,164,585,304,2880,0.28034188034188035,2.6558704453441297
python,docker,2024-05-01,74,585,465,2880,0.1264957264957265,0.7834574028122415
python,gcp,2024-05-01,81,585,570,2880,0.13846153846153847,0.6995951417004048
python,hadoop,2024-05-01,89,585,708,2880,0.15213675213675212,0.6188613646240765
python,hive,2024-05-01,82,585,586,2880,0.14017094017094017,0.6888947230244159
python,java,2024-05-01,51,585,329,2880,0.08717948717948718,0.7631517418751461
python,kafka,2024-05-01,82,585,586,2880,0.14017094017094017,0.6888947230244159
python,kubernetes,2024-05-01,75,585,473,2880,0.1282051282051282,0.7806147341031062
python,powerbi,2024-05-01,53,585,370,2880,0.0905982905982906,0.7051975051975052
python,scala,2024-05-01,51,585,329,2880,0.08717948717948718,0.7631517418751461
python,snowflake,2024-05-01,308,585,608,2880,0.5264957264957265,2.493927125506073
python,spark,2024-05-01,113,585,840,2880,0.19316239316239317,0.6622710622710622
python,sql,2024-05-01,82,585,585,2880,0.14017094017094017,0.6900723208415516
python,tableau,2024-05-01,82,585,584,2880,0.14017094017094017,0.6912539515279241
python,terraform,2024-05-01,51,585,330,2880,0.08717948717948718,0.7608391608391608
scala,airflow,2024-05-01,298,329,2625,2880,0.9057750759878419,0.9937646547980894
scala,aws,2024-05-01,50,329,582,2880,0.1519756838905775,0.752044621314198
scala,azure,2024-05-01,50,329,571,2880,0.1519756838905775,0.7665323460680616
scala,databricks,2024-05-01,52,329,472,2880,0.1580547112462006,0.964401627942919
scala,dbt,2024-05-01,52,329,304,2880,0.1580547112462006,1.4973604223324268
scala,docker,2024-05-01,28,329,465,2880,0.0851063829787234,0.5271105010295127
scala,gcp,2024-05-01,50,329,570,2880,0.1519756838905775,0.7678771396576548
scala,hadoop,2024-05-01,74,329,708,2880,0.22492401215805471,0.9149451342022564
scala,hive,2024-05-01,51,329,586,2880,0.15501519756838905,0.7618494351483968
scala,java,2024-05-01,20,329,329,2880,0.060790273556231005,0.5321458597019614
scala,kafka,2024-05-01,51,329,586,2880,0.15501519756838905,0.7618494351483968
scala,kubernetes,2024-05-01,29,329,473,2880,0.08814589665653495,0.5367022883104031
scala,powerbi,2024-05-01,23,329,370,2880,0.06990881458966565,0.5441550973465867
scala,python,2024-05-01,51,329,585,2880,0.15501519756838905,0.7631517418751461
scala,snowflake,2024-05-01,68,329,608,2880,0.2066869300911854,0.9790433530635099
scala,spark,2024-05-01,82,329,840,2880,0.24924012158054712,0.854537559704733
scala,sql,2024-05-01,51,329,585,2880,0.15501519756838905,0.7631517418751461
scala,tableau,2024-05-01,51,329,584,2880,0.15501519756838905,0.7644585085564392
scala,terraform,2024-05-01,20,329,330,2880,0.060790273556231005,0.5305332964907433
snowflake,airflow,2024-05-01,353,608,2625,2880,0.5805921052631579,0.6369924812030076
snowflake,aws,2024-05-01,68,608,582,2880,0.1118421052631579,0.5534454693434617
snowflake,azure,2024-05-01,68,608,571,2880,0.1118421052631579,0.5641072909945617
snowflake,dbt,2024-05-01,304,608,304,2880,0.5,4.7368421052631575
snowflake,docker,2024-05-01,68,608,465,2880,0.1118421052631579,0.6926994906621392
snowflake,gcp,2024-05-01,68,608,570,2880,0.1118421052631579,0.5650969529085873
snowflake,hive,2024-05-01,68,608,586,2880,0.1118421052631579,0.5496676845697862
snowflake,java,2024-05-01,68,608,329,2880,0.1118421052631579,0.9790433530635099
snowflake,kafka,2024-05-01,68,608,586,2880,0.1118421052631579,0.5496676845697862
snowflake,kubernetes,2024-05-01,68,608,473,2880,0.1118421052631579,0.6809836430399466
snowflake,powerbi,2024-05-01,98,608,370,2880,0.1611842105263158,1.2546230440967283
snowflake,python,2024-05-01,308,608,585,2880,0.506578947368421,2.493927125506073
snowflake,scala,2024-05-01,68,608,329,2880,0.1118421052631579,0.9790433530635099
snowflake,spark,2024-05-01,338,608,840,2880,0.555921052631579,1.906015037593985
snowflake,sql,2024-05-01,128,608,585,2880,0.21052631578947367,1.0364372469635628
snowflake,tableau,2024-05-01,308,608,584,2880,0.506578947368421,2.498197548666186
snowflake,terraform,2024-05-01,68,608,330,2880,0.1118421052631579,0.9760765550239234
spark,airflow,2024-05-01,585,840,2625,2880,0.6964285714285714,0.7640816326530612
spark,aws,2024-05-01,113,840,582,2880,0.13452380952380952,0.6656848306332842
spark,azure,2024-05-01,112,840,571,2880,0.13333333333333333,0.6725043782837128
spark,databricks,2024-05-01,112,840,472,2880,0.13333333333333333,0.8135593220338984
spark,dbt,2024-05-01,178,840,304,2880,0.2119047619047619,2.007518796992481
spark,docker,2024-05-01,105,840,465,2880,0.125,0.7741935483870968
spark,gcp,2024-05-01,112,840,570,2880,0.13333333333333333,0.6736842105263158
spark,hadoop,2024-05-01,89,840,708,2880,0.10595238095238095,0.43099273607748184
spark,hive,2024-05-01,113,840,586,2880,0.13452380952380952,0.6611409068746953
spark,java,2024-05-01,82,840,329,2880,0.09761904761904762,0.854537559704733
spark,kafka,2024-05-01,113,840,586,2880,0.13452380952380952,0.6611409068746953
spark,kubernetes,2024-05-01,106,840,473,2880,0.1261904761904762,0.7683479311386288
spark,powerbi,2024-05-01,112,840,370,2880,0.13333333333333333,1.037837837837838
spark,python,2024-05-01,113,840,585,2880,0.13452380952380952,0.6622710622710622
spark,scala,2024-05-01,82,840,329,2880,0.09761904761904762,0.854537559704733
spark,snowflake,2024-05-01,338,840,608,2880,0.4023809523809524,1.906015037593985
spark,sql,2024-05-01,113,840,585,2880,0.13452380952380952,0.6622710622710622
spark,tableau,2024-05-01,323,840,584,2880,0.38452380952380955,1.8962818003913895
spark,terraform,2024-05-01,82,840,330,2880,0.09761904761904762,0.8519480519480519
sql,airflow,2024-05-01,554,585,2625,2880,0.947008547008547,1.039003663003663
sql,aws,2024-05-01,82,585,582,2880,0.14017094017094017,0.6936293946603225
sql,azure,2024-05-01,81,585,571,2880,0.13846153846153847,0.6983699312946248
sql,databricks,2024-05-01,59,585,472,2880,0.10085470085470086,0.6153846153846154
sql,dbt,2024-05-01,48,585,304,2880,0.08205128205128205,0.7773279352226721
sql,docker,2024-05-01,74,585,465,2880,0.1264957264957265,0.7834574028122415
sql,gcp,2024-05-01,81,585,570,2880,0.13846153846153847,0.6995951417004048
sql,hadoop,2024-05-01,89,585,708,2880,0.15213675213675212,0.6188613646240765
sql,hive,2024-05-01,82,585,586,2880,0.14017094017094017,0.6888947230244159
sql,java,2024-05-01,51,585,329,2880,0.08717948717948718,0.7631517418751461
sql,kafka,2024-05-01,82,585,586,2880,0.14017094017094017,0.6888947230244159
sql,kubernetes,2024-05-01,75,585,473,2880,0.1282051282051282,0.7806147341031062
sql,powerbi,2024-05-01,53,585,370,2880,0.0905982905982906,0.7051975051975052
sql,python,2024-05-01,82,585,585,2880,0.14017094017094017,0.6900723208415516
sql,scala,2024-05-01,51,585,329,2880,0.08717948717948718,0.7631517418751461
sql,snowflake,2024-05-01,128,585,608,2880,0.2188034188034188,1.0364372469635628
sql,spark,2024-05-01,113,585,840,2880,0.19316239316239317,0.6622710622710622
sql,tableau,2024-05-01,82,585,584,2880,0.14017094017094017,0.6912539515279241
sql,terraform,2024-05-01,51,585,330,2880,0.08717948717948718,0.7608391608391608
tableau,airflow,2024-05-01,343,584,2625,2880,0.5873287671232876,0.6443835616438356
tableau,aws,2024-05-01,81,584,582,2880,0.1386986301369863,0.6863437367603445
tableau,azure,2024-05-01,81,584,571,2880,0.1386986301369863,0.6995657702180745
tableau,databricks,2024-05-01,60,584,472,2880,0.10273972602739725,0.6268864638959832
tableau,dbt,2024-05-01,144,584,304,2880,0.2465753424657534,2.335976928622927
tableau,docker,2024-05-01,73,584,465,2880,0.125,0.7741935483870968
tableau,gcp,2024-05-01,81,584,570,2880,0.1386986301369863,0.7007930785868781
tableau,hadoop,2024-05-01,89,584,708,2880,0.1523972602739726,0.6199210587415834
tableau,hive,2024-05-01,82,584,586,2880,0.1404109589041096,0.69007433727617
tableau,java,2024-05-01,51,584,329,2880,0.08732876712328767,0.7644585085564392
tableau,kafka,2024-05-01,82,584,586,2880,0.1404109589041096,0.69007433727617
tableau,kubernetes,2024-05-01,60,584,473,2880,0.10273972602739725,0.625561122534681
tableau,powerbi,2024-05-01,68,584,370,2880,0.11643835616438356,0.9063309885227694
tableau,python,2024-05-01,82,584,585,2880,0.1404109589041096,0.6912539515279241
tableau,scala,2024-05-01,51,584,329,2880,0.08732876712328767,0.7644585085564392
tableau,snowflake,2024-05-01,308,584,608,2880,0.5273972602739726,2.498197548666186
tableau,spark,2024-05-01,323,584,840,2880,0.553082191780822,1.8962818003913895
tableau,sql,2024-05-01,82,584,585,2880,0.1404109589041096,0.6912539515279241
tableau,terraform,2024-05-01,51,584,330,2880,0.08732876712328767,0.7621419676214197
terraform,airflow,2024-05-01,299,330,2625,2880,0.906060606060606,0.9940779220779221
terraform,aws,2024-05-01,51,330,582,2880,0.15454545454545454,0.7647610121836926
terraform,azure,2024-05-01,50,330,571,2880,0.15151515151515152,0.7642095207769464
terraform,databricks,2024-05-01,45,330,472,2880,0.13636363636363635,0.8320493066255779
terraform,dbt,2024-05-01,16,330,304,2880,0.048484848484848485,0.45933014354066987
terraform,docker,2024-05-01,29,330,465,2880,0.08787878787878788,0.5442815249266862
terraform,gcp,2024-05-01,50,330,570,2880,0.15151515151515152,0.7655502392344498
terraform,hadoop,2024-05-01,75,330,708,2880,0.22727272727272727,0.9244992295839753
terraform,hive,2024-05-01,51,330,586,2880,0.15454545454545454,0.7595408004964319
terraform,java,2024-05-01,20,330,329,2880,0.06060606060606061,0.5305332964907433
terraform,kafka,2024-05-01,51,330,586,2880,0.15454545454545454,0.7595408004964319
terraform,kubernetes,2024-05-01,29,330,473,2880,0.08787878787878788,0.5350759177397655
terraform,powerbi,2024-05-01,23,330,370,2880,0.0696969696969697,0.5425061425061425
terraform,python,2024-05-01,51,330,585,2880,0.15454545454545454,0.7608391608391608
terraform,scala,2024-05-01,20,330,329,2880,0.06060606060606061,0.5305332964907433
terraform,snowflake,2024-05-01,68,330,608,2880,0.20606060606060606,0.9760765550239234
terraform,spark,2024-05-01,82,330,840,2880,0.24848484848484848,0.8519480519480519
terraform,sql,2024-05-01,51,330,585,2880,0.15454545454545454,0.7608391608391608
terraform,tableau,2024-05-01,51,330,584,2880,0.15454545454545454,0.7621419676214197
airflow,aws,2024-06-01,220,1793,404,2880,0.12269938650306748,0.8746886958634513
airflow,azure,2024-06-01,201,1793,329,2880,0.1121026213050753,0.9813238582328779
airflow,databricks,2024-06-01,406,1793,490,2880,0.22643614054657,1.3308899689267788
airflow,dbt,2024-06-01,315,1793,315,2880,0.17568321249302846,1.6062465142219744
airflow,docker,2024-06-01,209,1793,341,2880,0.1165644171779141,0.9844736700070166
airflow,gcp,2024-06-01,202,1793,330,2880,0.11266034578918015,0.9832175632510267
airflow,hadoop,2024-06-01,310,1793,670,2880,0.17289459007250418,0.7431886856847941
airflow,hive,2024-06-01,210,1793,457,2880,0.11712214166201897,0.7381001487672092
airflow,java,2024-06-01,443,1793,586,2880,0.24707194645844952,1.2142785081916974
airflow,kafka,2024-06-01,570,1793,1657,2880,0.31790295593976575,0.5525410459303111
airflow,kubernetes,2024-06-01,300,1793,442,2880,0.16731734523145567,1.0902125662140096
airflow,powerbi,2024-06-01,443,1793,586,2880,0.24707194645844952,1.2142785081916974
airflow,python,2024-06-01,232,1793,585,2880,0.1293920803123257,0.6370071646145266
airflow,scala,2024-06-01,443,1793,586,2880,0.24707194645844952,1.2142785081916974
airflow,snowflake,2024-06-01,630,1793,630,2880,0.3513664249860569,1.6062465142219744
airflow,spark,2024-06-01,232,1793,573,2880,0.1293920803123257,0.6503476287949355
airflow,sql,2024-06-01,232,1793,585,2880,0.1293920803123257,0.6370071646145266
airflow,tableau,2024-06-01,443,1793,586,2880,0.24707194645844952,1.2142785081916974
airflow,terraform,2024-06-01,443,1793,585,2880,0.24707194645844952,1.21635419794929
aws,airflow,2024-06-01,220,404,1793,2880,0.5445544554455446,0.8746886958634513
aws,azure,2024-06-01,25,404,329,2880,0.06188118811881188,0.5416955069367119
aws,databricks,2024-06-01,55,404,490,2880,0.13613861386138615,0.800161648817943
aws,dbt,2024-06-01,53,404,315,2880,0.1311881188118812,1.1994342291371993
aws,docker,2024-06-01,25,404,341,2880,0.06188118811881188,0.5226329084521355
aws,gcp,2024-06-01,25,404,330,2880,0.06188118811881188,0.54005400540054
aws,hadoop,2024-06-01,72,404,670,2880,0.1782178217821782,0.7660706369144377
aws,hive,2024-06-01,33,404,457,2880,0.08168316831683169,0.5147648244036658
aws,java,2024-06-01,56,404,586,2880,0.13861386138613863,0.6812421856520123
aws,kafka,2024-06-01,253,404,1657,2880,0.6262376237623762,1.0884516333347276
aws,kubernetes,2024-06-01,32,404,442,2880,0.07920792079207921,0.5161059092334572
aws,powerbi,2024-06-01,56,404,586,2880,0.13861386138613863,0.6812421856520123
aws,python,2024-06-01,70,404,585,2880,0.17326732673267325,0.853008377760853
aws,scala,2024-06-01,56,404,586,2880,0.13861386138613863,0.6812421856520123
aws,snowflake,2024-06-01,69,404,630,2880,0.1707920792079208,0.7807637906647807
aws,spark,2024-06-01,69,404,573,2880,0.1707920792079208,0.8584313928775077
aws,sql,2024-06-01,70,404,585,2880,0.17326732673267325,0.853008377760853
aws,tableau,2024-06-01,56,404,586,2880,0.13861386138613863,0.6812421856520123
aws,terraform,2024-06-01,56,404,585,2880,0.13861386138613863,0.6824067022086824
azure,airflow,2024-06-01,201,329,1793,2880,0.6109422492401215,0.9813238582328779
azure,aws,2024-06-01,25,329,404,2880,0.07598784194528875,0.5416955069367119
azure,databricks,2024-06-01,46,329,490,2880,0.1398176291793313,0.8217852490540289
azure,dbt,2024-06-01,16,329,315,2880,0.0486322188449848,0.44463742943986106
azure,docker,2024-06-01,20,329,341,2880,0.060790273556231005,0.5134193191845903
azure,gcp,2024-06-01,20,329,330,2880,0.060790273556231005,0.5305332964907433
azure,hadoop,2024-06-01,72,329,670,2880,0.2188449848024316,0.9407068003447806
azure,hive,2024-06-01,28,329,457,2880,0.0851063829787234,0.5363378183341869
azure,java,2024-06-01,51,329,586,2880,0.15501519756838905,0.7618494351483968
azure,kafka,2024-06-01,178,329,1657,2880,0.541033434650456,0.9403598622771956
azure,kubernetes,2024-06-01,27,329,442,2880,0.08206686930091185,0.5347343520059414
azure,powerbi,2024-06-01,51,329,586,2880,0.15501519756838905,0.7618494351483968
azure,python,2024-06-01,51,329,585,2880,0.15501519756838905,0.7631517418751461
azure,scala,2024-06-01,51,329,586,2880,0.15501519756838905,0.7618494351483968
azure,snowflake,2024-06-01,69,329,630,2880,0.20972644376899696,0.9587494572297004
azure,spark,2024-06-01,50,329,573,2880,0.1519756838905775,0.7638568404971435
azure,sql,2024-06-01,51,329,585,2880,0.15501519756838905,0.7631517418751461
azure,tableau,2024-06-01,51,329,586,2880,0.15501519756838905,0.7618494351483968
azure,terraform,2024-06-01,51,329,585,2880,0.15501519756838905,0.7631517418751461
databricks,airflow,2024-06-01,406,490,1793,2880,0.8285714285714286,1.3308899689267788
databricks,aws,2024-06-01,55,490,404,2880,0.11224489795918367,0.800161648817943
databricks,azure,2024-06-01,46,490,329,2880,0.09387755102040816,0.8217852490540289
databricks,docker,2024-06-01,61,490,341,2880,0.12448979591836734,1.0514094200730146
databricks,gcp,2024-06-01,61,490,330,2880,0.12448979591836734,1.0864564007421151
databricks,hive,2024-06-01,61,490,457,2880,0.12448979591836734,0.7845308801857723
databricks,java,2024-06-01,60,490,586,2880,0.12244897959183673,0.6017970328062966
databricks,kafka,2024-06-01,145,490,1657,2880,0.29591836734693877,0.5143300530833939
databricks,kubernetes,2024-06-01,60,490,442,2880,0.12244897959183673,0.7978576045802936
databricks,powerbi,2024-06-01,165,490,586,2880,0.336734693877551,1.6549418402173155
databricks,python,2024-06-01,145,490,585,2880,0.29591836734693877,1.456828885400314
databricks,scala,2024-06-01,60,490,586,2880,0.12244897959183673,0.6017970328062966
databricks,spark,2024-06-01,61,490,573,2880,0.12448979591836734,0.6257078747729459
databricks,sql,2024-06-01,61,490,585,2880,0.12448979591836734,0.61287284144427
databricks,tableau,2024-06-01,285,490,586,2880,0.5816326530612245,2.8585359058299087
databricks,terraform,2024-06-01,60,490,585,2880,0.12244897959183673,0.6028257456828885
dbt,airflow,2024-06-01,315,315,1793,2880,1.0,1.6062465142219744
dbt,aws,2024-06-01,53,315,404,2880,0.16825396825396827,1.1994342291371993
dbt,azure,2024-06-01,16,315,329,2880,0.050793650793650794,0.44463742943986106
dbt,docker,2024-06-01,20,315,341,2880,0.06349206349206349,0.5362379555927943
dbt,gcp,2024-06-01,54,315,330,2880,0.17142857142857143,1.4961038961038962
dbt,hive,2024-06-01,16,315,457,2880,0.050793650793650794,0.32010003125976866
dbt,java,2024-06-01,31,315,586,2880,0.09841269841269841,0.48366650414431983
dbt,kafka,2024-06-01,53,315,1657,2880,0.16825396825396827,0.29243900336235884
dbt,kubernetes,2024-06-01,99,315,442,2880,0.3142857142857143,2.0478345184227535
dbt,powerbi,2024-06-01,60,315,586,2880,0.19047619047619047,0.9361287176986836
dbt,python,2024-06-01,59,315,585,2880,0.1873015873015873,0.9221001221001222
dbt,scala,2024-06-01,166,315,586,2880,0.526984126984127,2.589956118966358
dbt,snowflake,2024-06-01,315,315,630,2880,1.0,4.571428571428571
dbt,spark,2024-06-01,53,315,573,2880,0.16825396825396827,0.8456743954126154
dbt,sql,2024-06-01,16,315,585,2880,0.050793650793650794,0.25006105006105006
dbt,tableau,2024-06-01,24,315,586,2880,0.0761904761904762,0.37445148707947346
dbt,terraform,2024-06-01,144,315,585,2880,0.45714285714285713,2.2505494505494505
docker,airflow,2024-06-01,209,341,1793,2880,0.6129032258064516,0.9844736700070166
docker,aws,2024-06-01,25,341,404,2880,0.07331378299120235,0.5226329084521355
docker,azure,2024-06-01,20,341,329,2880,0.05865102639296188,0.5134193191845903
docker,databricks,2024-06-01,61,341,490,2880,0.17888563049853373,1.0514094200730146
docker,dbt,2024-06-01,20,341,315,2880,0.05865102639296188,0.5362379555927943
docker,gcp,2024-06-01,21,341,330,2880,0.06158357771260997,0.5374566782191416
docker,hadoop,2024-06-01,72,341,670,2880,0.21114369501466276,0.9076027487197443
docker,hive,2024-06-01,32,341,457,2880,0.093841642228739,0.5913871545268453
docker,java,2024-06-01,53,341,586,2880,0.15542521994134897,0.7638645621690872
docker,kafka,2024-06-01,182,341,1657,2880,0.533724340175953,0.927656065001053
docker,kubernetes,2024-06-01,35,341,442,2880,0.10263929618768329,0.6687809344355834
docker,powerbi,2024-06-01,53,341,586,2880,0.15542521994134897,0.7638645621690872
docker,python,2024-06-01,51,341,585,2880,0.1495601173020528,0.7362959621024138
docker,scala,2024-06-01,53,341,586,2880,0.15542521994134897,0.7638645621690872
docker,snowflake,2024-06-01,77,341,630,2880,0.22580645161290322,1.032258064516129
docker,spark,2024-06-01,50,341,573,2880,0.1466275659824047,0.7369762478696781
docker,sql,2024-06-01,51,341,585,2880,0.1495601173020528,0.7362959621024138
docker,tableau,2024-06-01,53,341,586,2880,0.15542521994134897,0.7638645621690872
docker,terraform,2024-06-01,52,341,585,2880,0.15249266862170088,0.750733137829912
gcp,airflow,2024-06-01,202,330,1793,2880,0.6121212121212121,0.9832175632510267
gcp,aws,2024-06-01,25,330,404,2880,0.07575757575757576,0.54005400540054
gcp,azure,2024-06-01,20,330,329,2880,0.06060606060606061,0.5305332964907433
gcp,databricks,2024-06-01,61,330,490,2880,0.18484848484848485,1.0864564007421151
gcp,dbt,2024-06-01,54,330,315,2880,0.16363636363636364,1.4961038961038962
gcp,docker,2024-06-01,21,330,341,2880,0.06363636363636363,0.5374566782191416
gcp,hadoop,2024-06-01,72,330,670,2880,0.21818181818181817,0.9378561736770692
gcp,hive,2024-06-01,28,330,457,2880,0.08484848484848485,0.5347125522180227
gcp,java,2024-06-01,51,330,586,2880,0.15454545454545454,0.7595408004964319
gcp,kafka,2024-06-01,178,330,1657,2880,0.5393939393939394,0.9375102869369617
gcp,kubernetes,2024-06-01,28,330,442,2880,0.08484848484848485,0.5528589058000822
gcp,powerbi,2024-06-01,51,330,586,2880,0.15454545454545454,0.7595408004964319
gcp,python,2024-06-01,51,330,585,2880,0.15454545454545454,0.7608391608391608
gcp,scala,2024-06-01,51,330,586,2880,0.15454545454545454,0.7595408004964319
gcp,snowflake,2024-06-01,70,330,630,2880,0.21212121212121213,0.9696969696969697
gcp,spark,2024-06-01,50,330,573,2880,0.15151515151515152,0.7615421227986673
gcp,sql,2024-06-01,51,330,585,2880,0.15454545454545454,0.7608391608391608
gcp,tableau,2024-06-01,51,330,586,2880,0.15454545454545454,0.7595408004964319
gcp,terraform,2024-06-01,51,330,585,2880,0.15454545454545454,0.7608391608391608
hadoop,airflow,2024-06-01,310,670,1793,2880,0.4626865671641791,0.7431886856847941
hadoop,aws,2024-06-01,72,670,404,2880,0.10746268656716418,0.7660706369144377
hadoop,azure,2024-06-01,72,670,329,2880,0.10746268656716418,0.9407068003447806
hadoop,docker,2024-06-01,72,670,341,2880,0.10746268656716418,0.9076027487197443
hadoop,gcp,2024-06-01,72,670,330,2880,0.10746268656716418,0.9378561736770692
hadoop,hive,2024-06-01,72,670,457,2880,0.10746268656716418,0.6772265586727195
hadoop,java,2024-06-01,87,670,586,2880,0.12985074626865672,0.6381743161326473
hadoop,kafka,2024-06-01,670,670,1657,2880,1.0,1.7380808690404346
hadoop,kubernetes,2024-06-01,87,670,442,2880,0.12985074626865672,0.8460863105288039
hadoop,powerbi,2024-06-01,86,670,586,2880,0.12835820895522387,0.6308389791656054
hadoop,python,2024-06-01,87,670,585,2880,0.12985074626865672,0.6392652123995407
hadoop,scala,2024-06-01,87,670,586,2880,0.12985074626865672,0.6381743161326473
hadoop,spark,2024-06-01,312,670,573,2880,0.46567164179104475,2.3405485660701726
hadoop,sql,2024-06-01,177,670,585,2880,0.26417910447761195,1.3005740528128589
hadoop,tableau,2024-06-01,86,670,586,2880,0.12835820895522387,0.6308389791656054
hadoop,terraform,2024-06-01,87,670,585,2880,0.12985074626865672,0.6392652123995407
hive,airflow,2024-06-01,210,457,1793,2880,0.45951859956236324,0.7381001487672092
hive,aws,2024-06-01,33,457,404,2880,0.07221006564551423,0.5147648244036658
hive,azure,2024-06-01,28,457,329,2880,0.061269146608315096,0.5363378183341869
hive,databricks,2024-06-01,61,457,490,2880,0.13347921225382933,0.7845308801857723
hive,dbt,2024-06-01,16,457,315,2880,0.0350109409190372,0.32010003125976866
hive,docker,2024-06-01,32,457,341,2880,0.0700218818380744,0.5913871545268453
hive,gcp,2024-06-01,28,457,330,2880,0.061269146608315096,0.5347125522180227
hive,hadoop,2024-06-01,72,457,670,2880,0.1575492341356674,0.6772265586727195
hive,java,2024-06-01,74,457,586,2880,0.16192560175054704,0.7958118311289685
hive,kafka,2024-06-01,306,457,1657,2880,0.6695842450765864,1.1637915665784966
hive,kubernetes,2024-06-01,49,457,442,2880,0.10722100656455143,0.6986346129092943
hive,powerbi,2024-06-01,74,457,586,2880,0.16192560175054704,0.7958118311289685
hive,python,2024-06-01,74,457,585,2880,0.16192560175054704,0.7971721932334623
hive,scala,2024-06-01,74,457,586,2880,0.16192560175054704,0.7958118311289685
hive,snowflake,2024-06-01,69,457,630,2880,0.15098468271334792,0.6902156924038763
hive,spark,2024-06-01,62,457,573,2880,0.13566739606126915,0.6818884828210386
hive,sql,2024-06-01,74,457,585,2880,0.16192560175054704,0.7971721932334623
hive,tableau,2024-06-01,74,457,586,2880,0.16192560175054704,0.7958118311289685
hive,terraform,2024-06-01,73,457,585,2880,0.15973741794310722,0.7863995960276048
java,airflow,2024-06-01,443,586,1793,2880,0.7559726962457338,1.2142785081916974
java,aws,2024-06-01,56,586,404,2880,0.09556313993174062,0.6812421856520123
java,azure,2024-06-01,51,586,329,2880,0.08703071672354949,0.7618494351483968
java,databricks,2024-06-01,60,586,490,2880,0.10238907849829351,0.6017970328062966
java,dbt,2024-06-01,31,586,315,2880,0.052901023890784986,0.48366650414431983
java,docker,2024-06-01,53,586,341,2880,0.09044368600682594,0.7638645621690872
java,gcp,2024-06-01,51,586,330,2880,0.08703071672354949,0.7595408004964319
java,hadoop,2024-06-01,87,586,670,2880,0.14846416382252559,0.6381743161326473
java,hive,2024-06-01,74,586,457,2880,0.12627986348122866,0.7958118311289685
java,kafka,2024-06-01,224,586,1657,2880,0.3822525597269625,0.6643858612031696
java,kubernetes,2024-06-01,73,586,442,2880,0.12457337883959044,0.8116998440226708
java,powerbi,2024-06-01,82,586,586,2880,0.13993174061433447,0.6877191347598691
java,python,2024-06-01,82,586,585,2880,0.13993174061433447,0.6888947230244159
java,scala,2024-06-01,82,586,586,2880,0.13993174061433447,0.6877191347598691
java,snowflake,2024-06-01,98,586,630,2880,0.16723549488054607,0.764505119453925
java,spark,2024-06-01,81,586,573,2880,0.13822525597269625,0.6947447420617193
java,sql,2024-06-01,82,586,585,2880,0.13993174061433447,0.6888947230244159
java,tableau,2024-06-01,82,586,586,2880,0.13993174061433447,0.6877191347598691
java,terraform,2024-06-01,82,586,585,2880,0.13993174061433447,0.6888947230244159
kafka,airflow,2024-06-01,570,1657,1793,2880,0.343995171997586,0.5525410459303111
kafka,aws,2024-06-01,253,1657,404,2880,0.15268557634278818,1.0884516333347276
kafka,azure,2024-06-01,178,1657,329,2880,0.10742305371152686,0.9403598622771956
kafka,databricks,2024-06-01,145,1657,490,2880,0.08750754375377187,0.5143300530833939
kafka,dbt,2024-06-01,53,1657,315,2880,0.03198551599275799,0.29243900336235884
kafka,docker,2024-06-01,182,1657,341,2880,0.10983705491852747,0.927656065001053
kafka,gcp,2024-06-01,178,1657,330,2880,0.10742305371152686,0.9375102869369617
kafka,hadoop,2024-06-01,670,1657,670,2880,0.40434520217260106,1.7380808690404346
kafka,hive,2024-06-01,306,1657,457,2880,0.18467109233554616,1.1637915665784966
kafka,java,2024-06-01,224,1657,586,2880,0.1351840675920338,0.6643858612031696
kafka,kubernetes,2024-06-01,199,1657,442,2880,0.12009656004828002,0.7825296220340417
kafka,powerbi,2024-06-01,224,1657,586,2880,0.1351840675920338,0.6643858612031696
kafka,python,2024-06-01,434,1657,585,2880,0.2619191309595655,1.2894480293393993
kafka,scala,2024-06-01,224,1657,586,2880,0.1351840675920338,0.6643858612031696
kafka,snowflake,2024-06-01,69,1657,630,2880,0.04164152082076041,0.19036123803776187
kafka,spark,2024-06-01,422,1657,573,2880,0.2546771273385637,1.2800525771990634
kafka,sql,2024-06-01,434,1657,585,2880,0.2619191309595655,1.2894480293393993
kafka,tableau,2024-06-01,224,1657,586,2880,0.1351840675920338,0.6643858612031696
kafka,terraform,2024-06-01,223,1657,585,2880,0.13458056729028364,0.6625504851213964
kubernetes,airflow,2024-06-01,300,442,1793,2880,0.6787330316742082,1.0902125662140096
kubernetes,aws,2024-06-01,32,442,404,2880,0.07239819004524888,0.5161059092334572
kubernetes,azure,2024-06-01,27,442,329,2880,0.06108597285067873,0.5347343520059414
kubernetes,databricks,2024-06-01,60,442,490,2880,0.13574660633484162,0.7978576045802936
kubernetes,dbt,2024-06-01,99,442,315,2880,0.2239819004524887,2.0478345184227535
kubernetes,docker,2024-06-01,35,442,341,2880,0.07918552036199095,0.6687809344355834
kubernetes,gcp,2024-06-01,28,442,330,2880,0.06334841628959276,0.5528589058000822
kubernetes,hadoop,2024-06-01,87,442,670,2880,0.19683257918552036,0.8460863105288039
kubernetes,hive,2024-06-01,49,442,457,2880,0.11085972850678733,0.6986346129092943
kubernetes,java,2024-06-01,73,442,586,2880,0.16515837104072398,0.8116998440226708
kubernetes,kafka,2024-06-01,199,442,1657,2880,0.4502262443438914,0.7825296220340417
kubernetes,powerbi,2024-06-01,73,442,586,2880,0.16515837104072398,0.8116998440226708
kubernetes,python,2024-06-01,58,442,585,2880,0.13122171945701358,0.6460146188652977
kubernetes,scala,2024-06-01,73,442,586,2880,0.16515837104072398,0.8116998440226708
kubernetes,snowflake,2024-06-01,167,442,630,2880,0.3778280542986425,1.7272139625080802
kubernetes,spark,2024-06-01,57,442,573,2880,0.12895927601809956,0.6481722773684585
kubernetes,sql,2024-06-01,58,442,585,2880,0.13122171945701358,0.6460146188652977
kubernetes,tableau,2024-06-01,73,442,586,2880,0.16515837104072398,0.8116998440226708
kubernetes,terraform,2024-06-01,73,442,585,2880,0.16515837104072398,0.8130873651235642
powerbi,airflow,2024-06-01,443,586,1793,2880,0.7559726962457338,1.2142785081916974
powerbi,aws,2024-06-01,56,586,404,2880,0.09556313993174062,0.6812421856520123
powerbi,azure,2024-06-01,51,586,329,2880,0.08703071672354949,0.7618494351483968
powerbi,databricks,2024-06-01,165,586,490,2880,0.2815699658703072,1.6549418402173155
powerbi,dbt,2024-06-01,60,586,315,2880,0.10238907849829351,0.9361287176986836
powerbi,docker,2024-06-01,53,586,341,2880,0.09044368600682594,0.7638645621690872
powerbi,gcp,2024-06-01,51,586,330,2880,0.08703071672354949,0.7595408004964319
powerbi,hadoop,2024-06-01,86,586,670,2880,0.14675767918088736,0.6308389791656054
powerbi,hive,2024-06-01,74,586,457,2880,0.12627986348122866,0.7958118311289685
powerbi,java,2024-06-01,82,586,586,2880,0.13993174061433447,0.6877191347598691
powerbi,kafka,2024-06-01,224,586,1657,2880,0.3822525597269625,0.6643858612031696
powerbi,kubernetes,2024-06-01,73,586,442,2880,0.12457337883959044,0.8116998440226708
powerbi,python,2024-06-01,82,586,585,2880,0.13993174061433447,0.6888947230244159
powerbi,scala,2024-06-01,82,586,586,2880,0.13993174061433447,0.6877191347598691
powerbi,snowflake,2024-06-01,84,586,630,2880,0.14334470989761092,0.6552901023890785
powerbi,spark,2024-06-01,81,586,573,2880,0.13822525597269625,0.6947447420617193
powerbi,sql,2024-06-01,82,586,585,2880,0.13993174061433447,0.6888947230244159
powerbi,tableau,2024-06-01,82,586,586,2880,0.13993174061433447,0.6877191347598691
powerbi,terraform,2024-06-01,82,586,585,2880,0.13993174061433447,0.6888947230244159
python,airflow,2024-06-01,232,585,1793,2880,0.39658119658119656,0.6370071646145266
python,aws,2024-06-01,70,585,404,2880,0.11965811965811966,0.853008377760853
python,azure,2024-06-01,51,585,329,2880,0.08717948717948718,0.7631517418751461
python,databricks,2024-06-01,145,585,490,2880,0.24786324786324787,1.456828885400314
python,dbt,2024-06-01,59,585,315,2880,0.10085470085470086,0.9221001221001222
python,docker,2024-06-01,51,585,341,2880,0.08717948717948718,0.7362959621024138
python,gcp,2024-06-01,51,585,330,2880,0.08717948717948718,0.7608391608391608
python,hadoop,2024-06-01,87,585,670,2880,0.14871794871794872,0.6392652123995407
python,hive,2024-06-01,74,585,457,2880,0.1264957264957265,0.7971721932334623
python,java,2024-06-01,82,585,586,2880,0.14017094017094017,0.6888947230244159
python,kafka,2024-06-01,434,585,1657,2880,0.7418803418803419,1.2894480293393993
python,kubernetes,2024-06-01,58,585,442,2880,0.09914529914529914,0.6460146188652977
python,powerbi,2024-06-01,82,585,586,2880,0.14017094017094017,0.6888947230244159
python,scala,2024-06-01,82,585,586,2880,0.14017094017094017,0.6888947230244159
python,snowflake,2024-06-01,82,585,630,2880,0.14017094017094017,0.6407814407814408
python,spark,2024-06-01,82,585,573,2880,0.14017094017094017,0.7045240971942542
python,sql,2024-06-01,82,585,585,2880,0.14017094017094017,0.6900723208415516
python,tableau,2024-06-01,82,585,586,2880,0.14017094017094017,0.6888947230244159
python,terraform,2024-06-01,82,585,585,2880,0.14017094017094017,0.6900723208415516
scala,airflow,2024-06-01,443,586,1793,2880,0.7559726962457338,1.2142785081916974
scala,aws,2024-06-01,56,586,404,2880,0.09556313993174062,0.6812421856520123
scala,azure,2024-06-01,51,586,329,2880,0.08703071672354949,0.7618494351483968
scala,databricks,2024-06-01,60,586,490,2880,0.10238907849829351,0.6017970328062966
scala,dbt,2024-06-01,166,586,315,2880,0.2832764505119454,2.589956118966358
scala,docker,2024-06-01,53,586,341,2880,0.09044368600682594,0.7638645621690872
scala,gcp,2024-06-01,51,586,330,2880,0.08703071672354949,0.7595408004964319
scala,hadoop,2024-06-01,87,586,670,2880,0.14846416382252559,0.6381743161326473
scala,hive,2024-06-01,74,586,457,2880,0.12627986348122866,0.7958118311289685
scala,java,2024-06-01,82,586,586,2880,0.13993174061433447,0.6877191347598691
scala,kafka,2024-06-01,224,586,1657,2880,0.3822525597269625,0.6643858612031696
scala,kubernetes,2024-06-01,73,586,442,2880,0.12457337883959044,0.8116998440226708
scala,powerbi,2024-06-01,82,586,586,2880,0.13993174061433447,0.6877191347598691
scala,python,2024-06-01,82,586,585,2880,0.13993174061433447,0.6888947230244159
scala,snowflake,2024-06-01,310,586,630,2880,0.5290102389078498,2.418332520721599
scala,spark,2024-06-01,81,586,573,2880,0.13822525597269625,0.6947447420617193
scala,sql,2024-06-01,82,586,585,2880,0.13993174061433447,0.6888947230244159
scala,tableau,2024-06-01,82,586,586,2880,0.13993174061433447,0.6877191347598691
scala,terraform,2024-06-01,82,586,585,2880,0.13993174061433447,0.6888947230244159
snowflake,airflow,2024-06-01,630,630,1793,2880,1.0,1.6062465142219744
snowflake,aws,2024-06-01,69,630,404,2880,0.10952380952380952,0.7807637906647807
snowflake,azure,2024-06-01,69,630,329,2880,0.10952380952380952,0.9587494572297004
snowflake,dbt,2024-06-01,315,630,315,2880,0.5,4.571428571428571
snowflake,docker,2024-06-01,77,630,341,2880,0.12222222222222222,1.032258064516129
snowflake,gcp,2024-06-01,70,630,330,2880,0.1111111111111111,0.9696969696969697
snowflake,hive,2024-06-01,69,630,457,2880,0.10952380952380952,0.6902156924038763
snowflake,java,2024-06-01,98,630,586,2880,0.15555555555555556,0.764505119453925
snowflake,kafka,2024-06-01,69,630,1657,2880,0.10952380952380952,0.19036123803776187
snowflake,kubernetes,2024-06-01,167,630,442,2880,0.2650793650793651,1.7272139625080802
snowflake,powerbi,2024-06-01,84,630,586,2880,0.13333333333333333,0.6552901023890785
snowflake,python,2024-06-01,82,630,585,2880,0.13015873015873017,0.6407814407814408
snowflake,scala,2024-06-01,310,630,586,2880,0.49206349206349204,2.418332520721599
snowflake,spark,2024-06-01,69,630,573,2880,0.10952380952380952,0.550486163051608
snowflake,sql,2024-06-01,69,630,585,2880,0.10952380952380952,0.5391941391941392
snowflake,tableau,2024-06-01,84,630,586,2880,0.13333333333333333,0.6552901023890785
snowflake,terraform,2024-06-01,310,630,585,2880,0.49206349206349204,2.4224664224664223
spark,airflow,2024-06-01,232,573,1793,2880,0.4048865619546248,0.6503476287949355
spark,aws,2024-06-01,69,573,404,2880,0.12041884816753927,0.8584313928775077
spark,azure,2024-06-01,50,573,329,2880,0.08726003490401396,0.7638568404971435
spark,databricks,2024-06-01,61,573,490,2880,0.10645724258289703,0.6257078747729459
spark,dbt,2024-06-01,53,573,315,2880,0.0924956369982548,0.8456743954126154
spark,docker,2024-06-01,50,573,341,2880,0.08726003490401396,0.7369762478696781
spark,gcp,2024-06-01,50,573,330,2880,0.08726003490401396,0.7615421227986673
spark,hadoop,2024-06-01,312,573,670,2880,0.5445026178010471,2.3405485660701726
spark,hive,2024-06-01,62,573,457,2880,0.1082024432809773,0.6818884828210386
spark,java,2024-06-01,81,573,586,2880,0.14136125654450263,0.6947447420617193
spark,kafka,2024-06-01,422,573,1657,2880,0.7364746945898778,1.2800525771990634
spark,kubernetes,2024-06-01,57,573,442,2880,0.09947643979057591,0.6481722773684585
spark,powerbi,2024-06-01,81,573,586,2880,0.14136125654450263,0.6947447420617193
spark,python,2024-06-01,82,573,585,2880,0.1431064572425829,0.7045240971942542
spark,scala,2024-06-01,81,573,586,2880,0.14136125654450263,0.6947447420617193
spark,snowflake,2024-06-01,69,573,630,2880,0.12041884816753927,0.550486163051608
spark,sql,2024-06-01,82,573,585,2880,0.1431064572425829,0.7045240971942542
spark,tableau,2024-06-01,81,573,586,2880,0.14136125654450263,0.6947447420617193
spark,terraform,2024-06-01,81,573,585,2880,0.14136125654450263,0.6959323399113975
sql,airflow,2024-06-01,232,585,1793,2880,0.39658119658119656,0.6370071646145266
sql,aws,2024-06-01,70,585,404,2880,0.11965811965811966,0.853008377760853
sql,azure,2024-06-01,51,585,329,2880,0.08717948717948718,0.7631517418751461
sql,databricks,2024-06-01,61,585,490,2880,0.10427350427350428,0.61287284144427
sql,dbt,2024-06-01,16,585,315,2880,0.02735042735042735,0.25006105006105006
sql,docker,2024-06-01,51,585,341,2880,0.08717948717948718,0.7362959621024138
sql,gcp,2024-06-01,51,585,330,2880,0.08717948717948718,0.7608391608391608
sql,hadoop,2024-06-01,177,585,670,2880,0.30256410256410254,1.3005740528128589
sql,hive,2024-06-01,74,585,457,2880,0.1264957264957265,0.7971721932334623
sql,java,2024-06-01,82,585,586,2880,0.14017094017094017,0.6888947230244159
sql,kafka,2024-06-01,434,585,1657,2880,0.7418803418803419,1.2894480293393993
sql,kubernetes,2024-06-01,58,585,442,2880,0.09914529914529914,0.6460146188652977
sql,powerbi,2024-06-01,82,585,586,2880,0.14017094017094017,0.6888947230244159
sql,python,2024-06-01,82,585,585,2880,0.14017094017094017,0.6900723208415516
sql,scala,2024-06-01,82,585,586,2880,0.14017094017094017,0.6888947230244159
sql,snowflake,2024-06-01,69,585,630,2880,0.11794871794871795,0.5391941391941392
sql,spark,2024-06-01,82,585,573,2880,0.14017094017094017,0.7045240971942542
sql,tableau,2024-06-01,82,585,586,2880,0.14017094017094017,0.6888947230244159
sql,terraform,2024-06-01,82,585,585,2880,0.14017094017094017,0.6900723208415516
tableau,airflow,2024-06-01,443,586,1793,2880,0.7559726962457338,1.2142785081916974
tableau,aws,2024-06-01,56,586,404,2880,0.09556313993174062,0.6812421856520123
tableau,azure,2024-06-01,51,586,329,2880,0.08703071672354949,0.7618494351483968
tableau,databricks,2024-06-01,285,586,490,2880,0.4863481228668942,2.8585359058299087
tableau,dbt,2024-06-01,24,586,315,2880,0.040955631399317405,0.37445148707947346
tableau,docker,2024-06-01,53,586,341,2880,0.09044368600682594,0.7638645621690872
tableau,gcp,2024-06-01,51,586,330,2880,0.08703071672354949,0.7595408004964319
tableau,hadoop,2024-06-01,86,586,670,2880,0.14675767918088736,0.6308389791656054
tableau,hive,2024-06-01,74,586,457,2880,0.12627986348122866,0.7958118311289685
tableau,java,2024-06-01,82,586,586,2880,0.13993174061433447,0.6877191347598691
tableau,kafka,2024-06-01,224,586,1657,2880,0.3822525597269625,0.6643858612031696
tableau,kubernetes,2024-06-01,73,586,442,2880,0.12457337883959044,0.8116998440226708
tableau,powerbi,2024-06-01,82,586,586,2880,0.13993174061433447,0.6877191347598691
tableau,python,2024-06-01,82,586,585,2880,0.13993174061433447,0.6888947230244159
tableau,scala,2024-06-01,82,586,586,2880,0.13993174061433447,0.6877191347598691
tableau,snowflake,2024-06-01,84,586,630,2880,0.14334470989761092,0.6552901023890785
tableau,spark,2024-06-01,81,586,573,2880,0.13822525597269625,0.6947447420617193
tableau,sql,2024-06-01,82,586,585,2880,0.13993174061433447,0.6888947230244159
tableau,terraform,2024-06-01,82,586,585,2880,0.13993174061433447,0.6888947230244159
terraform,airflow,2024-06-01,443,585,1793,2880,0.7572649572649572,1.21635419794929
terraform,aws,2024-06-01,56,585,404,2880,0.09572649572649573,0.6824067022086824
terraform,azure,2024-06-01,51,585,329,2880,0.08717948717948718,0.7631517418751461
terraform,databricks,2024-06-01,60,585,490,2880,0.10256410256410256,0.6028257456828885
terraform,dbt,2024-06-01,144,585,315,2880,0.24615384615384617,2.2505494505494505
terraform,docker,2024-06-01,52,585,341,2880,0.08888888888888889,0.750733137829912
terraform,gcp,2024-06-01,51,585,330,2880,0.08717948717948718,0.7608391608391608
terraform,hadoop,2024-06-01,87,585,670,2880,0.14871794871794872,0.6392652123995407
terraform,hive,2024-06-01,73,585,457,2880,0.12478632478632479,0.7863995960276048
terraform,java,2024-06-01,82,585,586,2880,0.14017094017094017,0.6888947230244159
terraform,kafka,2024-06-01,223,585,1657,2880,0.3811965811965812,0.6625504851213964
terraform,kubernetes,2024-06-01,73,585,442,2880,0.12478632478632479,0.8130873651235642
terraform,powerbi,2024-06-01,82,585,586,2880,0.14017094017094017,0.6888947230244159
terraform,python,2024-06-01,82,585,585,2880,0.14017094017094017,0.6900723208415516
terraform,scala,2024-06-01,82,585,586,2880,0.14017094017094017,0.6888947230244159
terraform,snowflake,2024-06-01,310,585,630,2880,0.5299145299145299,2.4224664224664223
terraform,spark,2024-06-01,81,585,573,2880,0.13846153846153847,0.6959323399113975
terraform,sql,2024-06-01,82,585,585,2880,0.14017094017094017,0.6900723208415516
terraform,tableau,2024-06-01,82,585,586,2880,0.14017094017094017,0.6888947230244159
airflow,aws,2024-07-01,32,330,511,2880,0.09696969696969697,0.5465219711795054
airflow,azure,2024-07-01,51,330,586,2880,0.15454545454545454,0.7595408004964319
airflow,databricks,2024-07-01,58,330,508,2880,0.17575757575757575,0.9964209019327129
airflow,dbt,2024-07-01,16,330,326,2880,0.048484848484848485,0.4283324037925265
airflow,docker,2024-07-01,51,330,585,2880,0.15454545454545454,0.7608391608391608
airflow,gcp,2024-07-01,51,330,585,2880,0.15454545454545454,0.7608391608391608
airflow,hadoop,2024-07-01,69,330,632,2880,0.20909090909090908,0.952819332566168
airflow,hive,2024-07-01,59,330,705,2880,0.1787878787878788,0.73036750483559
airflow,java,2024-07-01,51,330,581,2880,0.15454545454545454,0.7660772961977781
airflow,kafka,2024-07-01,292,330,2521,2880,0.8848484848484849,1.010854278605171
airflow,kubernetes,2024-07-01,51,330,585,2880,0.15454545454545454,0.7608391608391608
airflow,powerbi,2024-07-01,50,330,569,2880,0.15151515151515152,0.7668956702348618
airflow,python,2024-07-01,48,330,528,2880,0.14545454545454545,0.7933884297520661
airflow,scala,2024-07-01,51,330,584,2880,0.15454545454545454,0.7621419676214197
airflow,snowflake,2024-07-01,71,330,652,2880,0.21515151515151515,0.9503625209146681
airflow,spark,2024-07-01,21,330,337,2880,0.06363636363636363,0.5438359859724845
airflow,sql,2024-07-01,30,330,492,2880,0.09090909090909091,0.532150776053215
airflow,tableau,2024-07-01,50,330,569,2880,0.15151515151515152,0.7668956702348618
airflow,terraform,2024-07-01,51,330,585,2880,0.15454545454545454,0.7608391608391608
aws,airflow,2024-07-01,32,511,330,2880,0.06262230919765166,0.5465219711795054
aws,azure,2024-07-01,77,511,586,2880,0.1506849315068493,0.7405675814671092
aws,databricks,2024-07-01,61,511,508,2880,0.11937377690802348,0.6767647194785583
aws,dbt,2024-07-01,132,511,326,2880,0.2583170254403131,2.282064519227306
aws,docker,2024-07-01,77,511,585,2880,0.1506849315068493,0.7418335089567967
aws,gcp,2024-07-01,77,511,585,2880,0.1506849315068493,0.7418335089567967
aws,hadoop,2024-07-01,84,511,632,2880,0.1643835616438356,0.7490896479972255
aws,hive,2024-07-01,100,511,705,2880,0.19569471624266144,0.7994337344381064
aws,java,2024-07-01,77,511,581,2880,0.1506849315068493,0.7469407964539174
aws,kafka,2024-07-01,458,511,2521,2880,0.8962818003913894,1.023915741819596
aws,kubernetes,2024-07-01,77,511,585,2880,0.1506849315068493,0.7418335089567967
aws,powerbi,2024-07-01,76,511,569,2880,0.1487279843444227,0.7527883917608741
aws,python,2024-07-01,60,511,528,2880,0.11741682974559686,0.6404554349759829
aws,scala,2024-07-01,77,511,584,2880,0.1506849315068493,0.7431037718145994
aws,snowflake,2024-07-01,236,511,652,2880,0.461839530332681,2.0400273732486522
aws,spark,2024-07-01,33,511,337,2880,0.06457925636007827,0.5518939415935473
aws,sql,2024-07-01,57,511,492,2880,0.11154598825831702,0.6529521263901484
aws,tableau,2024-07-01,76,511,569,2880,0.1487279843444227,0.7527883917608741
aws,terraform,2024-07-01,77,511,585,2880,0.1506849315068493,0.7418335089567967
azure,airflow,2024-07-01,51,586,330,2880,0.08703071672354949,0.7595408004964319
azure,aws,2024-07-01,77,586,511,2880,0.13139931740614336,0.7405675814671092
azure,databricks,2024-07-01,61,586,508,2880,0.10409556313993173,0.5901480744941012
azure,dbt,2024-07-01,144,586,326,2880,0.24573378839590443,2.1708997257061498
azure,docker,2024-07-01,82,586,585,2880,0.13993174061433447,0.6888947230244159
azure,gcp,2024-07-01,82,586,585,2880,0.13993174061433447,0.6888947230244159
azure,hadoop,2024-07-01,84,586,632,2880,0.14334470989761092,0.6532163995334168
azure,hive,2024-07-01,105,586,705,2880,0.17918088737201365,0.7319729867112047
azure,java,2024-07-01,82,586,581,2880,0.13993174061433447,0.6936375438369764
azure,kafka,2024-07-01,533,586,2521,2880,0.909556313993174,1.0390805967077912
azure,kubernetes,2024-07-01,82,586,585,2880,0.13993174061433447,0.6888947230244159
azure,powerbi,2024-07-01,81,586,569,2880,0.13822525597269625,0.6996287121289371
azure,python,2024-07-01,79,586,528,2880,0.1348122866894198,0.7353397455786534
azure,scala,2024-07-01,82,586,584,2880,0.13993174061433447,0.69007433727617
azure,snowflake,2024-07-01,311,586,652,2880,0.5307167235494881,2.344270189911849
azure,spark,2024-07-01,52,586,337,2880,0.08873720136518772,0.7583475962366191
azure,sql,2024-07-01,76,586,492,2880,0.1296928327645051,0.7591775576458836
azure,tableau,2024-07-01,81,586,569,2880,0.13822525597269625,0.6996287121289371
azure,terraform,2024-07-01,82,586,585,2880,0.13993174061433447,0.6888947230244159
databricks,airflow,2024-07-01,58,508,330,2880,0.1141732283464567,0.9964209019327129
databricks,aws,2024-07-01,61,508,511,2880,0.12007874015748031,0.6767647194785583
databricks,azure,2024-07-01,61,508,586,2880,0.12007874015748031,0.5901480744941012
databricks,docker,2024-07-01,62,508,585,2880,0.1220472440944882,0.600847970926711
databricks,gcp,2024-07-01,62,508,585,2880,0.1220472440944882,0.600847970926711
databricks,hive,2024-07-01,61,508,705,2880,0.12007874015748031,0.4905344278773664
databricks,java,2024-07-01,62,508,581,2880,0.1220472440944882,0.6049846178866196
databricks,kafka,2024-07-01,508,508,2521,2880,1.0,1.1424038080126935
databricks,kubernetes,2024-07-01,234,508,585,2880,0.46062992125984253,2.267716535433071
databricks,powerbi,2024-07-01,62,508,569,2880,0.1220472440944882,0.6177435201970579
databricks,python,2024-07-01,62,508,528,2880,0.1220472440944882,0.6657122405153901
databricks,scala,2024-07-01,111,508,584,2880,0.21850393700787402,1.077553661956639
databricks,spark,2024-07-01,62,508,337,2880,0.1220472440944882,1.0430150237155074
databricks,sql,2024-07-01,62,508,492,2880,0.1220472440944882,0.7144228922604187
databricks,tableau,2024-07-01,62,508,569,2880,0.1220472440944882,0.6177435201970579
databricks,terraform,2024-07-01,287,508,585,2880,0.5649606299212598,2.7813446396123562
dbt,airflow,2024-07-01,16,326,330,2880,0.049079754601226995,0.4283324037925265
dbt,aws,2024-07-01,132,326,511,2880,0.4049079754601227,2.282064519227306
dbt,azure,2024-07-01,144,326,586,2880,0.44171779141104295,2.1708997257061498
dbt,docker,2024-07-01,24,326,585,2880,0.0736196319018405,0.3624351109013686
dbt,gcp,2024-07-01,151,326,585,2880,0.46319018404907975,2.2803209060877774
dbt,hive,2024-07-01,24,326,705,2880,0.0736196319018405,0.30074402819475266
dbt,java,2024-07-01,22,326,581,2880,0.06748466257668712,0.3345194977983802
dbt,kafka,2024-07-01,326,326,2521,2880,1.0,1.1424038080126935
dbt,kubernetes,2024-07-01,62,326,585,2880,0.1901840490797546,0.9362907031618688
dbt,powerbi,2024-07-01,54,326,569,2880,0.1656441717791411,0.8384098677046158
dbt,python,2024-07-01,55,326,528,2880,0.1687116564417178,0.9202453987730062
dbt,scala,2024-07-01,61,326,584,2880,0.18711656441717792,0.9227666190436171
dbt,snowflake,2024-07-01,326,326,652,2880,1.0,4.41717791411043
dbt,spark,2024-07-01,55,326,337,2880,0.1687116564417178,1.441808814694799
dbt,sql,2024-07-01,16,326,492,2880,0.049079754601226995,0.28729612449498726
dbt,tableau,2024-07-01,16,326,569,2880,0.049079754601226995,0.24841773857914543
dbt,terraform,2024-07-01,24,326,585,2880,0.0736196319018405,0.3624351109013686
docker,airflow,2024-07-01,51,585,330,2880,0.08717948717948718,0.7608391608391608
docker,aws,2024-07-01,77,585,511,2880,0.13162393162393163,0.7418335089567967
docker,azure,2024-07-01,82,585,586,2880,0.14017094017094017,0.6888947230244159
docker,databricks,2024-07-01,62,585,508,2880,0.10598290598290598,0.600847970926711
docker,dbt,2024-07-01,24,585,326,2880,0.041025641025641026,0.3624351109013686
docker,gcp,2024-07-01,82,585,585,2880,0.14017094017094017,0.6900723208415516
docker,hadoop,2024-07-01,85,585,632,2880,0.1452991452991453,0.6621226874391432
docker,hive,2024-07-01,104,585,705,2880,0.17777777777777778,0.7262411347517731
docker,java,2024-07-01,82,585,581,2880,0.14017094017094017,0.6948232490401165
docker,kafka,2024-07-01,533,585,2521,2880,0.9111111111111111,1.0408568028560095
docker,kubernetes,2024-07-01,82,585,585,2880,0.14017094017094017,0.6900723208415516
docker,powerbi,2024-07-01,81,585,569,2880,0.13846153846153847,0.7008246586453968
docker,python,2024-07-01,78,585,528,2880,0.13333333333333333,0.7272727272727273
docker,scala,2024-07-01,82,585,584,2880,0.14017094017094017,0.6912539515279241
docker,snowflake,2024-07-01,86,585,652,2880,0.147008547008547,0.6493629070316187
docker,spark,2024-07-01,51,585,337,2880,0.08717948717948718,0.7450353800502169
docker,sql,2024-07-01,76,585,492,2880,0.12991452991452992,0.760475297060663
docker,tableau,2024-07-01,81,585,569,2880,0.13846153846153847,0.7008246586453968
docker,terraform,2024-07-01,82,585,585,2880,0.14017094017094017,0.6900723208415516
gcp,airflow,2024-07-01,51,585,330,2880,0.08717948717948718,0.7608391608391608
gcp,aws,2024-07-01,77,585,511,2880,0.13162393162393163,0.7418335089567967
gcp,azure,2024-07-01,82,585,586,2880,0.14017094017094017,0.6888947230244159
gcp,databricks,2024-07-01,62,585,508,2880,0.10598290598290598,0.600847970926711
gcp,dbt,2024-07-01,151,585,326,2880,0.25811965811965815,2.2803209060877774
gcp,docker,2024-07-01,82,585,585,2880,0.14017094017094017,0.6900723208415516
gcp,hadoop,2024-07-01,85,585,632,2880,0.1452991452991453,0.6621226874391432
gcp,hive,2024-07-01,104,585,705,2880,0.17777777777777778,0.7262411347517731
gcp,java,2024-07-01,82,585,581,2880,0.14017094017094017,0.6948232490401165
gcp,kafka,2024-07-01,533,585,2521,2880,0.9111111111111111,1.0408568028560095
gcp,kubernetes,2024-07-01,82,585,585,2880,0.14017094017094017,0.6900723208415516
gcp,powerbi,2024-07-01,81,585,569,2880,0.13846153846153847,0.7008246586453968
gcp,python,2024-07-01,78,585,528,2880,0.13333333333333333,0.7272727272727273
gcp,scala,2024-07-01,82,585,584,2880,0.14017094017094017,0.6912539515279241
gcp,snowflake,2024-07-01,277,585,652,2880,0.4735042735042735,2.091552619159981
gcp,spark,2024-07-01,51,585,337,2880,0.08717948717948718,0.7450353800502169
gcp,sql,2024-07-01,76,585,492,2880,0.12991452991452992,0.760475297060663
gcp,tableau,2024-07-01,81,585,569,2880,0.13846153846153847,0.7008246586453968
gcp,terraform,2024-07-01,82,585,585,2880,0.14017094017094017,0.6900723208415516
hadoop,airflow,2024-07-01,69,632,330,2880,0.10917721518987342,0.952819332566168
hadoop,aws,2024-07-01,84,632,511,2880,0.13291139240506328,0.7490896479972255
hadoop,azure,2024-07-01,84,632,586,2880,0.13291139240506328,0.6532163995334168
hadoop,docker,2024-07-01,85,632,585,2880,0.13449367088607594,0.6621226874391432
hadoop,gcp,2024-07-01,85,632,585,2880,0.13449367088607594,0.6621226874391432
hadoop,hive,2024-07-01,77,632,705,2880,0.12183544303797468,0.49771074602747106
hadoop,java,2024-07-01,212,632,581,2880,0.33544303797468356,1.6627813242118565
hadoop,kafka,2024-07-01,632,632,2521,2880,1.0,1.1424038080126935
hadoop,kubernetes,2024-07-01,85,632,585,2880,0.13449367088607594,0.6621226874391432
hadoop,powerbi,2024-07-01,295,632,569,2880,0.46677215189873417,2.3625725790304997
hadoop,python,2024-07-01,69,632,528,2880,0.10917721518987342,0.595512082853855
hadoop,scala,2024-07-01,85,632,584,2880,0.13449367088607594,0.6632564591642102
hadoop,spark,2024-07-01,69,632,337,2880,0.10917721518987342,0.933027833076663
hadoop,sql,2024-07-01,69,632,492,2880,0.10917721518987342,0.63908613769682
hadoop,tableau,2024-07-01,265,632,569,2880,0.41930379746835444,2.1223109608240085
hadoop,terraform,2024-07-01,85,632,585,2880,0.13449367088607594,0.6621226874391432
hive,airflow,2024-07-01,59,705,330,2880,0.08368794326241134,0.73036750483559
hive,aws,2024-07-01,100,705,511,2880,0.14184397163120568,0.7994337344381064
hive,azure,2024-07-01,105,705,586,2880,0.14893617021276595,0.7319729867112047
hive,databricks,2024-07-01,61,705,508,2880,0.08652482269503546,0.4905344278773664
hive,dbt,2024-07-01,24,705,326,2880,0.03404255319148936,0.30074402819475266
hive,docker,2024-07-01,104,705,585,2880,0.1475177304964539,0.7262411347517731
hive,gcp,2024-07-01,104,705,585,2880,0.1475177304964539,0.7262411347517731
hive,hadoop,2024-07-01,77,705,632,2880,0.10921985815602837,0.49771074602747106
hive,java,2024-07-01,100,705,581,2880,0.14184397163120568,0.7031164170359249
hive,kafka,2024-07-01,346,705,2521,2880,0.4907801418439716,0.560669102939563
hive,kubernetes,2024-07-01,104,705,585,2880,0.1475177304964539,0.7262411347517731
hive,powerbi,2024-07-01,88,705,569,2880,0.12482269503546099,0.6317914968402947
hive,python,2024-07-01,257,705,528,2880,0.3645390070921986,1.988394584139265
hive,scala,2024-07-01,103,705,584,2880,0.14609929078014183,0.7204896531623434
hive,snowflake,2024-07-01,86,705,652,2880,0.12198581560283688,0.5388330505155985
hive,spark,2024-07-01,66,705,337,2880,0.09361702127659574,0.8000505082391565
hive,sql,2024-07-01,221,705,492,2880,0.31347517730496455,1.8349766476388167
hive,tableau,2024-07-01,88,705,569,2880,0.12482269503546099,0.6317914968402947
hive,terraform,2024-07-01,104,705,585,2880,0.1475177304964539,0.7262411347517731
java,airflow,2024-07-01,51,581,330,2880,0.08777969018932874,0.7660772961977781
java,aws,2024-07-01,77,581,511,2880,0.13253012048192772,0.7469407964539174
java,azure,2024-07-01,82,581,586,2880,0.14113597246127366,0.6936375438369764
java,databricks,2024-07-01,62,581,508,2880,0.10671256454388985,0.6049846178866196
java,dbt,2024-07-01,22,581,326,2880,0.0378657487091222,0.3345194977983802
java,docker,2024-07-01,82,581,585,2880,0.14113597246127366,0.6948232490401165
java,gcp,2024-07-01,82,581,585,2880,0.14113597246127366,0.6948232490401165
java,hadoop,2024-07-01,212,581,632,2880,0.3648881239242685,1.6627813242118565
java,hive,2024-07-01,100,581,705,2880,0.1721170395869191,0.7031164170359249
java,kafka,2024-07-01,533,581,2521,2880,0.9173838209982789,1.0480227705176688
java,kubernetes,2024-07-01,82,581,585,2880,0.14113597246127366,0.6948232490401165
java,powerbi,2024-07-01,80,581,569,2880,0.13769363166953527,0.696937889645451
java,python,2024-07-01,74,581,528,2880,0.12736660929432014,0.6947269597872008
java,scala,2024-07-01,81,581,584,2880,0.13941480206540446,0.6875250512814467
java,snowflake,2024-07-01,82,581,652,2880,0.14113597246127366,0.6234227004424359
java,spark,2024-07-01,51,581,337,2880,0.08777969018932874,0.7501647114102872
java,sql,2024-07-01,76,581,492,2880,0.13080895008605853,0.7657109273330255
java,tableau,2024-07-01,80,581,569,2880,0.13769363166953527,0.696937889645451
java,terraform,2024-07-01,82,581,585,2880,0.14113597246127366,0.6948232490401165
kafka,airflow,2024-07-01,292,2521,330,2880,0.11582705275684252,1.010854278605171
kafka,aws,2024-07-01,458,2521,511,2880,0.18167393891312972,1.023915741819596
kafka,azure,2024-07-01,533,2521,586,2880,0.21142403808012694,1.0390805967077912
kafka,databricks,2024-07-01,508,2521,508,2880,0.20150733835779452,1.1424038080126935
kafka,dbt,2024-07-01,326,2521,326,2880,0.1293137643792146,1.1424038080126935
kafka,docker,2024-07-01,533,2521,585,2880,0.21142403808012694,1.0408568028560095
kafka,gcp,2024-07-01,533,2521,585,2880,0.21142403808012694,1.0408568028560095
kafka,hadoop,2024-07-01,632,2521,632,2880,0.2506941689805633,1.1424038080126935
kafka,hive,2024-07-01,346,2521,705,2880,0.1372471241570805,0.560669102939563
kafka,java,2024-07-01,533,2521,581,2880,0.21142403808012694,1.0480227705176688
kafka,kubernetes,2024-07-01,533,2521,585,2880,0.21142403808012694,1.0408568028560095
kafka,powerbi,2024-07-01,532,2521,569,2880,0.21102737009123362,1.0681174443985113
kafka,python,2024-07-01,320,2521,528,2880,0.1269337564458548,0.6923659442501172
kafka,scala,2024-07-01,533,2521,584,2880,0.21142403808012694,1.0426390919019959
kafka,snowflake,2024-07-01,652,2521,652,2880,0.2586275287584292,1.1424038080126935
kafka,spark,2024-07-01,293,2521,337,2880,0.11622372074573582,0.9932472277380391
kafka,sql,2024-07-01,303,2521,492,2880,0.12019040063466878,0.703553564690744
kafka,tableau,2024-07-01,532,2521,569,2880,0.21102737009123362,1.0681174443985113
kafka,terraform,2024-07-01,533,2521,585,2880,0.21142403808012694,1.0408568028560095
kubernetes,airflow,2024-07-01,51,585,330,2880,0.08717948717948718,0.7608391608391608
kubernetes,aws,2024-07-01,77,585,511,2880,0.13162393162393163,0.7418335089567967
kubernetes,azure,2024-07-01,82,585,586,2880,0.14017094017094017,0.6888947230244159
kubernetes,databricks,2024-07-01,234,585,508,2880,0.4,2.267716535433071
kubernetes,dbt,2024-07-01,62,585,326,2880,0.10598290598290598,0.9362907031618688
kubernetes,docker,2024-07-01,82,585,585,2880,0.14017094017094017,0.6900723208415516
kubernetes,gcp,2024-07-01,82,585,585,2880,0.14017094017094017,0.6900723208415516
kubernetes,hadoop,2024-07-01,85,585,632,2880,0.1452991452991453,0.6621226874391432
kubernetes,hive,2024-07-01,104,585,705,2880,0.17777777777777778,0.7262411347517731
kubernetes,java,2024-07-01,82,585,581,2880,0.14017094017094017,0.6948232490401165
kubernetes,kafka,2024-07-01,533,585,2521,2880,0.9111111111111111,1.0408568028560095
kubernetes,powerbi,2024-07-01,81,585,569,2880,0.13846153846153847,0.7008246586453968
kubernetes,python,2024-07-01,78,585,528,2880,0.13333333333333333,0.7272727272727273
kubernetes,scala,2024-07-01,82,585,584,2880,0.14017094017094017,0.6912539515279241
kubernetes,snowflake,2024-07-01,86,585,652,2880,0.147008547008547,0.6493629070316187
kubernetes,spark,2024-07-01,51,585,337,2880,0.08717948717948718,0.7450353800502169
kubernetes,sql,2024-07-01,76,585,492,2880,0.12991452991452992,0.760475297060663
kubernetes,tableau,2024-07-01,81,585,569,2880,0.13846153846153847,0.7008246586453968
kubernetes,terraform,2024-07-01,82,585,585,2880,0.14017094017094017,0.6900723208415516
powerbi,airflow,2024-07-01,50,569,330,2880,0.08787346221441125,0.7668956702348618
powerbi,aws,2024-07-01,76,569,511,2880,0.1335676625659051,0.7527883917608741
powerbi,azure,2024-07-01,81,569,586,2880,0.14235500878734622,0.6996287121289371
powerbi,databricks,2024-07-01,62,569,508,2880,0.10896309314586995,0.6177435201970579
powerbi,dbt,2024-07-01,54,569,326,2880,0.09490333919156414,0.8384098677046158
powerbi,docker,2024-07-01,81,569,585,2880,0.14235500878734622,0.7008246586453968
powerbi,gcp,2024-07-01,81,569,585,2880,0.14235500878734622,0.7008246586453968
powerbi,hadoop,2024-07-01,295,569,632,2880,0.5184534270650264,2.3625725790304997
powerbi,hive,2024-07-01,88,569,705,2880,0.1546572934973638,0.6317914968402947
powerbi,java,2024-07-01,80,569,581,2880,0.140597539543058,0.696937889645451
powerbi,kafka,2024-07-01,532,569,2521,2880,0.9349736379613357,1.0681174443985113
powerbi,kubernetes,2024-07-01,81,569,585,2880,0.14235500878734622,0.7008246586453968
powerbi,python,2024-07-01,62,569,528,2880,0.10896309314586995,0.5943441444320179
powerbi,scala,2024-07-01,81,569,584,2880,0.14235500878734622,0.7020247008691046
powerbi,snowflake,2024-07-01,70,569,652,2880,0.12302284710017575,0.5434138031418806
powerbi,spark,2024-07-01,50,569,337,2880,0.08787346221441125,0.7509660865801318
powerbi,sql,2024-07-01,75,569,492,2880,0.13181019332161686,0.77157186334605
powerbi,tableau,2024-07-01,80,569,569,2880,0.140597539543058,0.7116360525202232
powerbi,terraform,2024-07-01,81,569,585,2880,0.14235500878734622,0.7008246586453968
python,airflow,2024-07-01,48,528,330,2880,0.09090909090909091,0.7933884297520661
python,aws,2024-07-01,60,528,511,2880,0.11363636363636363,0.6404554349759829
python,azure,2024-07-01,79,528,586,2880,0.14962121212121213,0.7353397455786534
python,databricks,2024-07-01,62,528,508,2880,0.11742424242424243,0.6657122405153901
python,dbt,2024-07-01,55,528,326,2880,0.10416666666666667,0.9202453987730062
python,docker,2024-07-01,78,528,585,2880,0.14772727272727273,0.7272727272727273
python,gcp,2024-07-01,78,528,585,2880,0.14772727272727273,0.7272727272727273
python,hadoop,2024-07-01,69,528,632,2880,0.13068181818181818,0.595512082853855
python,hive,2024-07-01,257,528,705,2880,0.48674242424242425,1.988394584139265
python,java,2024-07-01,74,528,581,2880,0.14015151515151514,0.6947269597872008
python,kafka,2024-07-01,320,528,2521,2880,0.6060606060606061,0.6923659442501172
python,kubernetes,2024-07-01,78,528,585,2880,0.14772727272727273,0.7272727272727273
python,powerbi,2024-07-01,62,528,569,2880,0.11742424242424243,0.5943441444320179
python,scala,2024-07-01,77,528,584,2880,0.14583333333333334,0.7191780821917808
python,snowflake,2024-07-01,71,528,652,2880,0.13446969696969696,0.5939765755716676
python,spark,2024-07-01,55,528,337,2880,0.10416666666666667,0.8902077151335311
python,sql,2024-07-01,58,528,492,2880,0.10984848484848485,0.6430155210643016
python,tableau,2024-07-01,62,528,569,2880,0.11742424242424243,0.5943441444320179
python,terraform,2024-07-01,78,528,585,2880,0.14772727272727273,0.7272727272727273
scala,airflow,2024-07-01,51,584,330,2880,0.08732876712328767,0.7621419676214197
scala,aws,2024-07-01,77,584,511,2880,0.13184931506849315,0.7431037718145994
scala,azure,2024-07-01,82,584,586,2880,0.1404109589041096,0.69007433727617
scala,databricks,2024-07-01,111,584,508,2880,0.19006849315068494,1.077553661956639
scala,dbt,2024-07-01,61,584,326,2880,0.10445205479452055,0.9227666190436171
scala,docker,2024-07-01,82,584,585,2880,0.1404109589041096,0.6912539515279241
scala,gcp,2024-07-01,82,584,585,2880,0.1404109589041096,0.6912539515279241
scala,hadoop,2024-07-01,85,584,632,2880,0.14554794520547945,0.6632564591642102
scala,hive,2024-07-01,103,584,705,2880,0.17636986301369864,0.7204896531623434
scala,java,2024-07-01,81,584,581,2880,0.1386986301369863,0.6875250512814467
scala,kafka,2024-07-01,533,584,2521,2880,0.9126712328767124,1.0426390919019959
scala,kubernetes,2024-07-01,82,584,585,2880,0.1404109589041096,0.6912539515279241
scala,powerbi,2024-07-01,81,584,569,2880,0.1386986301369863,0.7020247008691046
scala,python,2024-07-01,77,584,528,2880,0.13184931506849315,0.7191780821917808
scala,snowflake,2024-07-01,85,584,652,2880,0.14554794520547945,0.6429111690057988
scala,spark,2024-07-01,51,584,337,2880,0.08732876712328767,0.7463111255640015
scala,sql,2024-07-01,76,584,492,2880,0.13013698630136986,0.7617774807885065
scala,tableau,2024-07-01,81,584,569,2880,0.1386986301369863,0.7020247008691046
scala,terraform,2024-07-01,82,584,585,2880,0.1404109589041096,0.6912539515279241
snowflake,airflow,2024-07-01,71,652,330,2880,0.10889570552147239,0.9503625209146681
snowflake,aws,2024-07-01,236,652,511,2880,0.3619631901840491,2.0400273732486522
snowflake,azure,2024-07-01,311,652,586,2880,0.47699386503067487,2.344270189911849
snowflake,dbt,2024-07-01,326,652,326,2880,0.5,4.41717791411043
snowflake,docker,2024-07-01,86,652,585,2880,0.13190184049079753,0.6493629070316187
snowflake,gcp,2024-07-01,277,652,585,2880,0.42484662576687116,2.091552619159981
snowflake,hive,2024-07-01,86,652,705,2880,0.13190184049079753,0.5388330505155985
snowflake,java,2024-07-01,82,652,581,2880,0.12576687116564417,0.6234227004424359
snowflake,kafka,2024-07-01,652,652,2521,2880,1.0,1.1424038080126935
snowflake,kubernetes,2024-07-01,86,652,585,2880,0.13190184049079753,0.6493629070316187
snowflake,powerbi,2024-07-01,70,652,569,2880,0.10736196319018405,0.5434138031418806
snowflake,python,2024-07-01,71,652,528,2880,0.10889570552147239,0.5939765755716676
snowflake,scala,2024-07-01,85,652,584,2880,0.1303680981595092,0.6429111690057988
snowflake,spark,2024-07-01,71,652,337,2880,0.10889570552147239,0.9306220531211884
snowflake,sql,2024-07-01,71,652,492,2880,0.10889570552147239,0.637438276223253
snowflake,tableau,2024-07-01,70,652,569,2880,0.10736196319018405,0.5434138031418806
snowflake,terraform,2024-07-01,86,652,585,2880,0.13190184049079753,0.6493629070316187
spark,airflow,2024-07-01,21,337,330,2880,0.06231454005934718,0.5438359859724845
spark,aws,2024-07-01,33,337,511,2880,0.09792284866468842,0.5518939415935473
spark,azure,2024-07-01,52,337,586,2880,0.1543026706231454,0.7583475962366191
spark,databricks,2024-07-01,62,337,508,2880,0.18397626112759644,1.0430150237155074
spark,dbt,2024-07-01,55,337,326,2880,0.1632047477744807,1.441808814694799
spark,docker,2024-07-01,51,337,585,2880,0.1513353115727003,0.7450353800502169
spark,gcp,2024-07-01,51,337,585,2880,0.1513353115727003,0.7450353800502169
spark,hadoop,2024-07-01,69,337,632,2880,0.20474777448071216,0.933027833076663
spark,hive,2024-07-01,66,337,705,2880,0.19584569732937684,0.8000505082391565
spark,java,2024-07-01,51,337,581,2880,0.1513353115727003,0.7501647114102872
spark,kafka,2024-07-01,293,337,2521,2880,0.8694362017804155,0.9932472277380391
spark,kubernetes,2024-07-01,51,337,585,2880,0.1513353115727003,0.7450353800502169
spark,powerbi,2024-07-01,50,337,569,2880,0.14836795252225518,0.7509660865801318
spark,python,2024-07-01,55,337,528,2880,0.1632047477744807,0.8902077151335311
spark,scala,2024-07-01,51,337,584,2880,0.1513353115727003,0.7463111255640015
spark,snowflake,2024-07-01,71,337,652,2880,0.21068249258160238,0.9306220531211884
spark,sql,2024-07-01,31,337,492,2880,0.09198813056379822,0.5384671057393067
spark,tableau,2024-07-01,50,337,569,2880,0.14836795252225518,0.7509660865801318
spark,terraform,2024-07-01,51,337,585,2880,0.1513353115727003,0.7450353800502169
sql,airflow,2024-07-01,30,492,330,2880,0.06097560975609756,0.532150776053215
sql,aws,2024-07-01,57,492,511,2880,0.11585365853658537,0.6529521263901484
sql,azure,2024-07-01,76,492,586,2880,0.15447154471544716,0.7591775576458836
sql,databricks,2024-07-01,62,492,508,2880,0.12601626016260162,0.7144228922604187
sql,dbt,2024-07-01,16,492,326,2880,0.032520325203252036,0.28729612449498726
sql,docker,2024-07-01,76,492,585,2880,0.15447154471544716,0.760475297060663
sql,gcp,2024-07-01,76,492,585,2880,0.15447154471544716,0.760475297060663
sql,hadoop,2024-07-01,69,492,632,2880,0.1402439024390244,0.63908613769682
sql,hive,2024-07-01,221,492,705,2880,0.4491869918699187,1.8349766476388167
sql,java,2024-07-01,76,492,581,2880,0.15447154471544716,0.7657109273330255
sql,kafka,2024-07-01,303,492,2521,2880,0.6158536585365854,0.703553564690744
sql,kubernetes,2024-07-01,76,492,585,2880,0.15447154471544716,0.760475297060663
sql,powerbi,2024-07-01,75,492,569,2880,0.1524390243902439,0.77157186334605
sql,python,2024-07-01,58,492,528,2880,0.11788617886178862,0.6430155210643016
sql,scala,2024-07-01,76,492,584,2880,0.15447154471544716,0.7617774807885065
sql,snowflake,2024-07-01,71,492,652,2880,0.1443089430894309,0.637438276223253
sql,spark,2024-07-01,31,492,337,2880,0.06300813008130081,0.5384671057393067
sql,tableau,2024-07-01,75,492,569,2880,0.1524390243902439,0.77157186334605
sql,terraform,2024-07-01,76,492,585,2880,0.15447154471544716,0.760475297060663
tableau,airflow,2024-07-01,50,569,330,2880,0.08787346221441125,0.7668956702348618
tableau,aws,2024-07-01,76,569,511,2880,0.1335676625659051,0.7527883917608741
tableau,azure,2024-07-01,81,569,586,2880,0.14235500878734622,0.6996287121289371
tableau,databricks,2024-07-01,62,569,508,2880,0.10896309314586995,0.6177435201970579
tableau,dbt,2024-07-01,16,569,326,2880,0.028119507908611598,0.24841773857914543
tableau,docker,2024-07-01,81,569,585,2880,0.14235500878734622,0.7008246586453968
tableau,gcp,2024-07-01,81,569,585,2880,0.14235500878734622,0.7008246586453968
tableau,hadoop,2024-07-01,265,569,632,2880,0.46572934973637964,2.1223109608240085
tableau,hive,2024-07-01,88,569,705,2880,0.1546572934973638,0.6317914968402947
tableau,java,2024-07-01,80,569,581,2880,0.140597539543058,0.696937889645451
tableau,kafka,2024-07-01,532,569,2521,2880,0.9349736379613357,1.0681174443985113
tableau,kubernetes,2024-07-01,81,569,585,2880,0.14235500878734622,0.7008246586453968
tableau,powerbi,2024-07-01,80,569,569,2880,0.140597539543058,0.7116360525202232
tableau,python,2024-07-01,62,569,528,2880,0.10896309314586995,0.5943441444320179
tableau,scala,2024-07-01,81,569,584,2880,0.14235500878734622,0.7020247008691046
tableau,snowflake,2024-07-01,70,569,652,2880,0.12302284710017575,0.5434138031418806
tableau,spark,2024-07-01,50,569,337,2880,0.08787346221441125,0.7509660865801318
tableau,sql,2024-07-01,75,569,492,2880,0.13181019332161686,0.77157186334605
tableau,terraform,2024-07-01,81,569,585,2880,0.14235500878734622,0.7008246586453968
terraform,airflow,2024-07-01,51,585,330,2880,0.08717948717948718,0.7608391608391608
terraform,aws,2024-07-01,77,585,511,2880,0.13162393162393163,0.7418335089567967
terraform,azure,2024-07-01,82,585,586,2880,0.14017094017094017,0.6888947230244159
terraform,databricks,2024-07-01,287,585,508,2880,0.4905982905982906,2.7813446396123562
terraform,dbt,2024-07-01,24,585,326,2880,0.041025641025641026,0.3624351109013686
terraform,docker,2024-07-01,82,585,585,2880,0.14017094017094017,0.6900723208415516
terraform,gcp,2024-07-01,82,585,585,2880,0.14017094017094017,0.6900723208415516
terraform,hadoop,2024-07-01,85,585,632,2880,0.1452991452991453,0.6621226874391432
terraform,hive,2024-07-01,104,585,705,2880,0.17777777777777778,0.7262411347517731
terraform,java,2024-07-01,82,585,581,2880,0.14017094017094017,0.6948232490401165
terraform,kafka,2024-07-01,533,585,2521,2880,0.9111111111111111,1.0408568028560095
terraform,kubernetes,2024-07-01,82,585,585,2880,0.14017094017094017,0.6900723208415516
terraform,powerbi,2024-07-01,81,585,569,2880,0.13846153846153847,0.7008246586453968
terraform,python,2024-07-01,78,585,528,2880,0.13333333333333333,0.7272727272727273
terraform,scala,2024-07-01,82,585,584,2880,0.14017094017094017,0.6912539515279241
terraform,snowflake,2024-07-01,86,585,652,2880,0.147008547008547,0.6493629070316187
terraform,spark,2024-07-01,51,585,337,2880,0.08717948717948718,0.7450353800502169
terraform,sql,2024-07-01,76,585,492,2880,0.12991452991452992,0.760475297060663
terraform,tableau,2024-07-01,81,585,569,2880,0.13846153846153847,0.7008246586453968
airflow,aws,2024-08-01,82,585,584,2880,0.14017094017094017,0.6912539515279241
airflow,azure,2024-08-01,82,585,584,2880,0.14017094017094017,0.6912539515279241
airflow,databricks,2024-08-01,63,585,526,2880,0.1076923076923077,0.5896460953495174
airflow,dbt,2024-08-01,144,585,337,2880,0.24615384615384617,2.1036293083770827
airflow,docker,2024-08-01,82,585,574,2880,0.14017094017094017,0.7032967032967034
airflow,gcp,2024-08-01,82,585,585,2880,0.14017094017094017,0.6900723208415516
airflow,hadoop,2024-08-01,82,585,594,2880,0.14017094017094017,0.6796166796166796
airflow,hive,2024-08-01,585,585,2880,2880,1.0,1.0
airflow,java,2024-08-01,76,585,499,2880,0.12991452991452992,0.7498073069215354
airflow,kafka,2024-08-01,82,585,584,2880,0.14017094017094017,0.6912539515279241
airflow,kubernetes,2024-08-01,81,585,570,2880,0.13846153846153847,0.6995951417004048
airflow,powerbi,2024-08-01,51,585,331,2880,0.08717948717948718,0.7585405531024867
airflow,python,2024-08-01,51,585,342,2880,0.08717948717948718,0.7341430499325237
airflow,scala,2024-08-01,75,585,470,2880,0.1282051282051282,0.7855973813420621
airflow,snowflake,2024-08-01,312,585,674,2880,0.5333333333333333,2.27893175074184
airflow,spark,2024-08-01,81,585,578,2880,0.13846153846153847,0.6899121639606068
airflow,sql,2024-08-01,53,585,360,2880,0.0905982905982906,0.7247863247863248
airflow,tableau,2024-08-01,51,585,331,2880,0.08717948717948718,0.7585405531024867
airflow,terraform,2024-08-01,81,585,570,2880,0.13846153846153847,0.6995951417004048
aws,airflow,2024-08-01,82,584,585,2880,0.1404109589041096,0.6912539515279241
aws,azure,2024-08-01,82,584,584,2880,0.1404109589041096,0.6924376055545131
aws,databricks,2024-08-01,288,584,526,2880,0.4931506849315068,2.7001406323246004
aws,dbt,2024-08-01,63,584,337,2880,0.10787671232876712,0.9219137433437665
aws,docker,2024-08-01,81,584,574,2880,0.1386986301369863,0.6959095031263424
aws,gcp,2024-08-01,82,584,585,2880,0.1404109589041096,0.6912539515279241
aws,hadoop,2024-08-01,69,584,594,2880,0.11815068493150685,0.572851805728518
aws,hive,2024-08-01,584,584,2880,2880,1.0,1.0
aws,java,2024-08-01,76,584,499,2880,0.13013698630136986,0.7510912235429764
aws,kafka,2024-08-01,82,584,584,2880,0.1404109589041096,0.6924376055545131
aws,kubernetes,2024-08-01,81,584,570,2880,0.1386986301369863,0.7007930785868781
aws,powerbi,2024-08-01,51,584,331,2880,0.08732876712328767,0.7598394239125936
aws,python,2024-08-01,51,584,342,2880,0.08732876712328767,0.7354001441961067
aws,scala,2024-08-01,74,584,470,2880,0.1267123287671233,0.7764500145730108
aws,snowflake,2024-08-01,87,584,674,2880,0.14897260273972604,0.6365594894516483
aws,spark,2024-08-01,81,584,578,2880,0.1386986301369863,0.6910935204057449
aws,sql,2024-08-01,53,584,360,2880,0.09075342465753425,0.726027397260274
aws,tableau,2024-08-01,51,584,331,2880,0.08732876712328767,0.7598394239125936
aws,terraform,2024-08-01,81,584,570,2880,0.1386986301369863,0.7007930785868781
azure,airflow,2024-08-01,82,584,585,2880,0.1404109589041096,0.6912539515279241
azure,aws,2024-08-01,82,584,584,2880,0.1404109589041096,0.6924376055545131
azure,databricks,2024-08-01,286,584,526,2880,0.4897260273972603,2.681389655711235
azure,dbt,2024-08-01,24,584,337,2880,0.0410958904109589,0.3512052355595301
azure,docker,2024-08-01,81,584,574,2880,0.1386986301369863,0.6959095031263424
azure,gcp,2024-08-01,82,584,585,2880,0.1404109589041096,0.6912539515279241
azure,hadoop,2024-08-01,67,584,594,2880,0.11472602739726027,0.5562474055624741
azure,hive,2024-08-01,584,584,2880,2880,1.0,1.0
azure,java,2024-08-01,76,584,499,2880,0.13013698630136986,0.7510912235429764
azure,kafka,2024-08-01,82,584,584,2880,0.1404109589041096,0.6924376055545131
azure,kubernetes,2024-08-01,81,584,570,2880,0.1386986301369863,0.7007930785868781
azure,powerbi,2024-08-01,51,584,331,2880,0.08732876712328767,0.7598394239125936
azure,python,2024-08-01,51,584,342,2880,0.08732876712328767,0.7354001441961067
azure,scala,2024-08-01,74,584,470,2880,0.1267123287671233,0.7764500145730108
azure,snowflake,2024-08-01,87,584,674,2880,0.14897260273972604,0.6365594894516483
azure,spark,2024-08-01,81,584,578,2880,0.1386986301369863,0.6910935204057449
azure,sql,2024-08-01,53,584,360,2880,0.09075342465753425,0.726027397260274
azure,tableau,2024-08-01,51,584,331,2880,0.08732876712328767,0.7598394239125936
azure,terraform,2024-08-01,81,584,570,2880,0.1386986301369863,0.7007930785868781
databricks,airflow,2024-08-01,63,526,585,2880,0.11977186311787072,0.5896460953495174
databricks,aws,2024-08-01,288,526,584,2880,0.5475285171102662,2.7001406323246004
databricks,azure,2024-08-01,286,526,584,2880,0.5437262357414449,2.681389655711235
databricks,docker,2024-08-01,63,526,574,2880,0.11977186311787072,0.6009459334137067
databricks,gcp,2024-08-01,63,526,585,2880,0.11977186311787072,0.5896460953495174
databricks,hive,2024-08-01,526,526,2880,2880,1.0,1.0
databricks,java,2024-08-01,63,526,499,2880,0.11977186311787072,0.6912684684959273
databricks,kafka,2024-08-01,63,526,584,2880,0.11977186311787072,0.5906557633210063
databricks,kubernetes,2024-08-01,63,526,570,2880,0.11977186311787072,0.6051630978587152
databricks,powerbi,2024-08-01,62,526,331,2880,0.11787072243346007,1.0255821166415862
databricks,python,2024-08-01,63,526,342,2880,0.11977186311787072,1.0086051630978587
databricks,scala,2024-08-01,63,526,470,2880,0.11977186311787072,0.7339212037861015
databricks,spark,2024-08-01,63,526,578,2880,0.11977186311787072,0.5967871380267606
databricks,sql,2024-08-01,63,526,360,2880,0.11977186311787072,0.9581749049429658
databricks,tableau,2024-08-01,76,526,331,2880,0.1444866920152091,1.2571651752380733
databricks,terraform,2024-08-01,63,526,570,2880,0.11977186311787072,0.6051630978587152
dbt,airflow,2024-08-01,144,337,585,2880,0.42729970326409494,2.1036293083770827
dbt,aws,2024-08-01,63,337,584,2880,0.18694362017804153,0.9219137433437665
dbt,azure,2024-08-01,24,337,584,2880,0.0712166172106825,0.3512052355595301
dbt,docker,2024-08-01,24,337,574,2880,0.0712166172106825,0.3573237936703233
dbt,gcp,2024-08-01,64,337,585,2880,0.18991097922848665,0.9349463592787035
dbt,hive,2024-08-01,337,337,2880,2880,1.0,1.0
dbt,java,2024-08-01,16,337,499,2880,0.04747774480712166,0.27401984978859795
dbt,kafka,2024-08-01,130,337,584,2880,0.3857566765578635,1.9023616926141214
dbt,kubernetes,2024-08-01,61,337,570,2880,0.18100890207715134,0.9145712947056067
dbt,powerbi,2024-08-01,56,337,331,2880,0.1661721068249258,1.4458479385371188
dbt,python,2024-08-01,60,337,342,2880,0.17804154302670624,1.499297204435421
dbt,scala,2024-08-01,56,337,470,2880,0.1661721068249258,1.0182461013952901
dbt,snowflake,2024-08-01,337,337,674,2880,1.0,4.27299703264095
dbt,spark,2024-08-01,165,337,578,2880,0.4896142433234421,2.4396003819576357
dbt,sql,2024-08-01,24,337,360,2880,0.0712166172106825,0.56973293768546
dbt,tableau,2024-08-01,16,337,331,2880,0.04747774480712166,0.4130994110106054
dbt,terraform,2024-08-01,16,337,570,2880,0.04747774480712166,0.23988755270966736
docker,airflow,2024-08-01,82,574,585,2880,0.14285714285714285,0.7032967032967034
docker,aws,2024-08-01,81,574,584,2880,0.14111498257839722,0.6959095031263424
docker,azure,2024-08-01,81,574,584,2880,0.14111498257839722,0.6959095031263424
docker,databricks,2024-08-01,63,574,526,2880,0.10975609756097561,0.6009459334137067
docker,dbt,2024-08-01,24,574,337,2880,0.041811846689895474,0.3573237936703233
docker,gcp,2024-08-01,81,574,585,2880,0.14111498257839722,0.6947199142321093
docker,hadoop,2024-08-01,277,574,594,2880,0.48257839721254353,2.33977404709112
docker,hive,2024-08-01,574,574,2880,2880,1.0,1.0
docker,java,2024-08-01,75,574,499,2880,0.13066202090592335,0.7541214833848883
docker,kafka,2024-08-01,81,574,584,2880,0.14111498257839722,0.6959095031263424
docker,kubernetes,2024-08-01,80,574,570,2880,0.13937282229965156,0.7041995231982395
docker,powerbi,2024-08-01,50,574,331,2880,0.08710801393728224,0.75791867111593
docker,python,2024-08-01,52,574,342,2880,0.09059233449477352,0.7628828167980928
docker,scala,2024-08-01,63,574,470,2880,0.10975609756097561,0.6725480020757655
docker,snowflake,2024-08-01,88,574,674,2880,0.15331010452961671,0.655093621728926
docker,spark,2024-08-01,82,574,578,2880,0.14285714285714285,0.7118141374196737
docker,sql,2024-08-01,53,574,360,2880,0.09233449477351917,0.7386759581881533
docker,tableau,2024-08-01,50,574,331,2880,0.08710801393728224,0.75791867111593
docker,terraform,2024-08-01,80,574,570,2880,0.13937282229965156,0.7041995231982395
gcp,airflow,2024-08-01,82,585,585,2880,0.14017094017094017,0.6900723208415516
gcp,aws,2024-08-01,82,585,584,2880,0.14017094017094017,0.6912539515279241
gcp,azure,2024-08-01,82,585,584,2880,0.14017094017094017,0.6912539515279241
gcp,databricks,2024-08-01,63,585,526,2880,0.1076923076923077,0.5896460953495174
gcp,dbt,2024-08-01,64,585,337,2880,0.1094017094017094,0.9349463592787035
gcp,docker,2024-08-01,81,585,574,2880,0.13846153846153847,0.6947199142321093
gcp,hadoop,2024-08-01,67,585,594,2880,0.11452991452991453,0.5552965552965553
gcp,hive,2024-08-01,585,585,2880,2880,1.0,1.0
gcp,java,2024-08-01,76,585,499,2880,0.12991452991452992,0.7498073069215354
gcp,kafka,2024-08-01,82,585,584,2880,0.14017094017094017,0.6912539515279241
gcp,kubernetes,2024-08-01,81,585,570,2880,0.13846153846153847,0.6995951417004048
gcp,powerbi,2024-08-01,51,585,331,2880,0.08717948717948718,0.7585405531024867
gcp,python,2024-08-01,52,585,342,2880,0.08888888888888889,0.7485380116959064
gcp,scala,2024-08-01,74,585,470,2880,0.1264957264957265,0.7751227495908347
gcp,snowflake,2024-08-01,88,585,674,2880,0.15042735042735042,0.6427756220041086
gcp,spark,2024-08-01,82,585,578,2880,0.14017094017094017,0.6984295980835773
gcp,sql,2024-08-01,53,585,360,2880,0.0905982905982906,0.7247863247863248
gcp,tableau,2024-08-01,51,585,331,2880,0.08717948717948718,0.7585405531024867
gcp,terraform,2024-08-01,81,585,570,2880,0.13846153846153847,0.6995951417004048
hadoop,airflow,2024-08-01,82,594,585,2880,0.13804713804713806,0.6796166796166796
hadoop,aws,2024-08-01,69,594,584,2880,0.11616161616161616,0.572851805728518
hadoop,azure,2024-08-01,67,594,584,2880,0.1127946127946128,0.5562474055624741
hadoop,docker,2024-08-01,277,594,574,2880,0.4663299663299663,2.33977404709112
hadoop,gcp,2024-08-01,67,594,585,2880,0.1127946127946128,0.5552965552965553
hadoop,hive,2024-08-01,594,594,2880,2880,1.0,1.0
hadoop,java,2024-08-01,67,594,499,2880,0.1127946127946128,0.6509989676322342
hadoop,kafka,2024-08-01,82,594,584,2880,0.13804713804713806,0.680780406807804
hadoop,kubernetes,2024-08-01,292,594,570,2880,0.49158249158249157,2.483785220627326
hadoop,powerbi,2024-08-01,67,594,331,2880,0.1127946127946128,0.9814153620800147
hadoop,python,2024-08-01,68,594,342,2880,0.11447811447811448,0.9640262271841219
hadoop,scala,2024-08-01,67,594,470,2880,0.1127946127946128,0.6911669890393295
hadoop,spark,2024-08-01,82,594,578,2880,0.13804713804713806,0.6878473314459473
hadoop,sql,2024-08-01,83,594,360,2880,0.13973063973063973,1.1178451178451179
hadoop,tableau,2024-08-01,67,594,331,2880,0.1127946127946128,0.9814153620800147
hadoop,terraform,2024-08-01,159,594,570,2880,0.2676767676767677,1.3524720893141946
hive,airflow,2024-08-01,585,2880,585,2880,0.203125,1.0
hive,aws,2024-08-01,584,2880,584,2880,0.20277777777777778,1.0
hive,azure,2024-08-01,584,2880,584,2880,0.20277777777777778,1.0
hive,databricks,2024-08-01,526,2880,526,2880,0.18263888888888888,1.0
hive,dbt,2024-08-01,337,2880,337,2880,0.11701388888888889,1.0
hive,docker,2024-08-01,574,2880,574,2880,0.19930555555555557,1.0
hive,gcp,2024-08-01,585,2880,585,2880,0.203125,1.0
hive,hadoop,2024-08-01,594,2880,594,2880,0.20625,1.0
hive,java,2024-08-01,499,2880,499,2880,0.17326388888888888,1.0
hive,kafka,2024-08-01,584,2880,584,2880,0.20277777777777778,1.0
hive,kubernetes,2024-08-01,570,2880,570,2880,0.19791666666666666,1.0
hive,powerbi,2024-08-01,331,2880,331,2880,0.11493055555555555,1.0
hive,python,2024-08-01,342,2880,342,2880,0.11875,1.0
hive,scala,2024-08-01,470,2880,470,2880,0.16319444444444445,1.0
hive,snowflake,2024-08-01,674,2880,674,2880,0.23402777777777778,1.0
hive,spark,2024-08-01,578,2880,578,2880,0.20069444444444445,1.0
hive,sql,2024-08-01,360,2880,360,2880,0.125,1.0
hive,tableau,2024-08-01,331,2880,331,2880,0.11493055555555555,1.0
hive,terraform,2024-08-01,570,2880,570,2880,0.19791666666666666,1.0
java,airflow,2024-08-01,76,499,585,2880,0.1523046092184369,0.7498073069215354
java,aws,2024-08-01,76,499,584,2880,0.1523046092184369,0.7510912235429764
java,azure,2024-08-01,76,499,584,2880,0.1523046092184369,0.7510912235429764
java,databricks,2024-08-01,63,499,526,2880,0.12625250501002003,0.6912684684959273
java,dbt,2024-08-01,16,499,337,2880,0.03206412825651302,0.27401984978859795
java,docker,2024-08-01,75,499,574,2880,0.15030060120240482,0.7541214833848883
java,gcp,2024-08-01,76,499,585,2880,0.1523046092184369,0.7498073069215354
java,hadoop,2024-08-01,67,499,594,2880,0.1342685370741483,0.6509989676322342
java,hive,2024-08-01,499,499,2880,2880,1.0,1.0
java,kafka,2024-08-01,76,499,584,2880,0.1523046092184369,0.7510912235429764
java,kubernetes,2024-08-01,75,499,570,2880,0.15030060120240482,0.7594135639700453
java,powerbi,2024-08-01,32,499,331,2880,0.06412825651302605,0.5579739539501964
java,python,2024-08-01,36,499,342,2880,0.07214428857715431,0.6075308511760363
java,scala,2024-08-01,41,499,470,2880,0.08216432865731463,0.5034750351767364
java,snowflake,2024-08-01,72,499,674,2880,0.14428857715430862,0.6165446620243454
java,spark,2024-08-01,76,499,578,2880,0.1523046092184369,0.7588880182510349
java,sql,2024-08-01,47,499,360,2880,0.09418837675350701,0.7535070140280561
java,tableau,2024-08-01,32,499,331,2880,0.06412825651302605,0.5579739539501964
java,terraform,2024-08-01,75,499,570,2880,0.15030060120240482,0.7594135639700453
kafka,airflow,2024-08-01,82,584,585,2880,0.1404109589041096,0.6912539515279241
kafka,aws,2024-08-01,82,584,584,2880,0.1404109589041096,0.6924376055545131
kafka,azure,2024-08-01,82,584,584,2880,0.1404109589041096,0.6924376055545131
kafka,databricks,2024-08-01,63,584,526,2880,0.10787671232876712,0.5906557633210063
kafka,dbt,2024-08-01,130,584,337,2880,0.2226027397260274,1.9023616926141214
kafka,docker,2024-08-01,81,584,574,2880,0.1386986301369863,0.6959095031263424
kafka,gcp,2024-08-01,82,584,585,2880,0.1404109589041096,0.6912539515279241
kafka,hadoop,2024-08-01,82,584,594,2880,0.1404109589041096,0.680780406807804
kafka,hive,2024-08-01,584,584,2880,2880,1.0,1.0
kafka,java,2024-08-01,76,584,499,2880,0.13013698630136986,0.7510912235429764
kafka,kubernetes,2024-08-01,81,584,570,2880,0.1386986301369863,0.7007930785868781
kafka,powerbi,2024-08-01,51,584,331,2880,0.08732876712328767,0.7598394239125936
kafka,python,2024-08-01,51,584,342,2880,0.08732876712328767,0.7354001441961067
kafka,scala,2024-08-01,74,584,470,2880,0.1267123287671233,0.7764500145730108
kafka,snowflake,2024-08-01,231,584,674,2880,0.3955479452054795,1.6901751961302387
kafka,spark,2024-08-01,81,584,578,2880,0.1386986301369863,0.6910935204057449
kafka,sql,2024-08-01,53,584,360,2880,0.09075342465753425,0.726027397260274
kafka,tableau,2024-08-01,51,584,331,2880,0.08732876712328767,0.7598394239125936
kafka,terraform,2024-08-01,81,584,570,2880,0.1386986301369863,0.7007930785868781
kubernetes,airflow,2024-08-01,81,570,585,2880,0.14210526315789473,0.6995951417004048
kubernetes,aws,2024-08-01,81,570,584,2880,0.14210526315789473,0.7007930785868781
kubernetes,azure,2024-08-01,81,570,584,2880,0.14210526315789473,0.7007930785868781
kubernetes,databricks,2024-08-01,63,570,526,2880,0.11052631578947368,0.6051630978587152
kubernetes,dbt,2024-08-01,61,570,337,2880,0.10701754385964912,0.9145712947056067
kubernetes,docker,2024-08-01,80,570,574,2880,0.14035087719298245,0.7041995231982395
kubernetes,gcp,2024-08-01,81,570,585,2880,0.14210526315789473,0.6995951417004048
kubernetes,hadoop,2024-08-01,292,570,594,2880,0.512280701754386,2.483785220627326
kubernetes,hive,2024-08-01,570,570,2880,2880,1.0,1.0
kubernetes,java,2024-08-01,75,570,499,2880,0.13157894736842105,0.7594135639700453
kubernetes,kafka,2024-08-01,81,570,584,2880,0.14210526315789473,0.7007930785868781
kubernetes,powerbi,2024-08-01,50,570,331,2880,0.08771929824561403,0.763237398632533
kubernetes,python,2024-08-01,51,570,342,2880,0.08947368421052632,0.7534626038781164
kubernetes,scala,2024-08-01,59,570,470,2880,0.10350877192982456,0.6342665173572228
kubernetes,snowflake,2024-08-01,82,570,674,2880,0.14385964912280702,0.6147118538185226
kubernetes,spark,2024-08-01,81,570,578,2880,0.14210526315789473,0.7080677472227281
kubernetes,sql,2024-08-01,52,570,360,2880,0.0912280701754386,0.7298245614035088
kubernetes,tableau,2024-08-01,50,570,331,2880,0.08771929824561403,0.763237398632533
kubernetes,terraform,2024-08-01,80,570,570,2880,0.14035087719298245,0.7091412742382271
powerbi,airflow,2024-08-01,51,331,585,2880,0.1540785498489426,0.7585405531024867
powerbi,aws,2024-08-01,51,331,584,2880,0.1540785498489426,0.7598394239125936
powerbi,azure,2024-08-01,51,331,584,2880,0.1540785498489426,0.7598394239125936
powerbi,databricks,2024-08-01,62,331,526,2880,0.18731117824773413,1.0255821166415862
powerbi,dbt,2024-08-01,56,331,337,2880,0.1691842900302115,1.4458479385371188
powerbi,docker,2024-08-01,50,331,574,2880,0.1510574018126888,0.75791867111593
powerbi,gcp,2024-08-01,51,331,585,2880,0.1540785498489426,0.7585405531024867
powerbi,hadoop,2024-08-01,67,331,594,2880,0.20241691842900303,0.9814153620800147
powerbi,hive,2024-08-01,331,331,2880,2880,1.0,1.0
powerbi,java,2024-08-01,32,331,499,2880,0.09667673716012085,0.5579739539501964
powerbi,kafka,2024-08-01,51,331,584,2880,0.1540785498489426,0.7598394239125936
powerbi,kubernetes,2024-08-01,50,331,570,2880,0.1510574018126888,0.763237398632533
powerbi,python,2024-08-01,22,331,342,2880,0.06646525679758308,0.5597074256638576
powerbi,scala,2024-08-01,29,331,470,2880,0.08761329305135952,0.5368644340168413
powerbi,snowflake,2024-08-01,72,331,674,2880,0.2175226586102719,0.9294736747738621
powerbi,spark,2024-08-01,51,331,578,2880,0.1540785498489426,0.767727030389195
powerbi,sql,2024-08-01,22,331,360,2880,0.06646525679758308,0.5317220543806647
powerbi,tableau,2024-08-01,20,331,331,2880,0.06042296072507553,0.5257345223208989
powerbi,terraform,2024-08-01,50,331,570,2880,0.1510574018126888,0.763237398632533
python,airflow,2024-08-01,51,342,585,2880,0.14912280701754385,0.7341430499325237
python,aws,2024-08-01,51,342,584,2880,0.14912280701754385,0.7354001441961067
python,azure,2024-08-01,51,342,584,2880,0.14912280701754385,0.7354001441961067
python,databricks,2024-08-01,63,342,526,2880,0.18421052631578946,1.0086051630978587
python,dbt,2024-08-01,60,342,337,2880,0.17543859649122806,1.499297204435421
python,docker,2024-08-01,52,342,574,2880,0.15204678362573099,0.7628828167980928
python,gcp,2024-08-01,52,342,585,2880,0.15204678362573099,0.7485380116959064
python,hadoop,2024-08-01,68,342,594,2880,0.19883040935672514,0.9640262271841219
python,hive,2024-08-01,342,342,2880,2880,1.0,1.0
python,java,2024-08-01,36,342,499,2880,0.10526315789473684,0.6075308511760363
python,kafka,2024-08-01,51,342,584,2880,0.14912280701754385,0.7354001441961067
python,kubernetes,2024-08-01,51,342,570,2880,0.14912280701754385,0.7534626038781164
python,powerbi,2024-08-01,22,342,331,2880,0.06432748538011696,0.5597074256638576
python,scala,2024-08-01,46,342,470,2880,0.13450292397660818,0.8241881298992161
python,snowflake,2024-08-01,80,342,674,2880,0.23391812865497075,0.9995314696236139
python,spark,2024-08-01,44,342,578,2880,0.1286549707602339,0.6410489892551448
python,sql,2024-08-01,22,342,360,2880,0.06432748538011696,0.5146198830409356
python,tableau,2024-08-01,22,342,331,2880,0.06432748538011696,0.5597074256638576
python,terraform,2024-08-01,51,342,570,2880,0.14912280701754385,0.7534626038781164
scala,airflow,2024-08-01,75,470,585,2880,0.1595744680851064,0.7855973813420621
scala,aws,2024-08-01,74,470,584,2880,0.1574468085106383,0.7764500145730108
scala,azure,2024-08-01,74,470,584,2880,0.1574468085106383,0.7764500145730108
scala,databricks,2024-08-01,63,470,526,2880,0.13404255319148936,0.7339212037861015
scala,dbt,2024-08-01,56,470,337,2880,0.11914893617021277,1.0182461013952901
scala,docker,2024-08-01,63,470,574,2880,0.13404255319148936,0.6725480020757655
scala,gcp,2024-08-01,74,470,585,2880,0.1574468085106383,0.7751227495908347
scala,hadoop,2024-08-01,67,470,594,2880,0.1425531914893617,0.6911669890393295
scala,hive,2024-08-01,470,470,2880,2880,1.0,1.0
scala,java,2024-08-01,41,470,499,2880,0.08723404255319149,0.5034750351767364
scala,kafka,2024-08-01,74,470,584,2880,0.1574468085106383,0.7764500145730108
scala,kubernetes,2024-08-01,59,470,570,2880,0.125531914893617,0.6342665173572228
scala,powerbi,2024-08-01,29,470,331,2880,0.06170212765957447,0.5368644340168413
scala,python,2024-08-01,46,470,342,2880,0.09787234042553192,0.8241881298992161
scala,snowflake,2024-08-01,72,470,674,2880,0.15319148936170213,0.6545867794684008
scala,spark,2024-08-01,75,470,578,2880,0.1595744680851064,0.7951115364794228
scala,sql,2024-08-01,46,470,360,2880,0.09787234042553192,0.7829787234042553
scala,tableau,2024-08-01,29,470,331,2880,0.06170212765957447,0.5368644340168413
scala,terraform,2024-08-01,59,470,570,2880,0.125531914893617,0.6342665173572228
snowflake,airflow,2024-08-01,312,674,585,2880,0.4629080118694362,2.27893175074184
snowflake,aws,2024-08-01,87,674,584,2880,0.129080118694362,0.6365594894516483
snowflake,azure,2024-08-01,87,674,584,2880,0.129080118694362,0.6365594894516483
snowflake,dbt,2024-08-01,337,674,337,2880,0.5,4.27299703264095
snowflake,docker,2024-08-01,88,674,574,2880,0.13056379821958458,0.655093621728926
snowflake,gcp,2024-08-01,88,674,585,2880,0.13056379821958458,0.6427756220041086
snowflake,hive,2024-08-01,674,674,2880,2880,1.0,1.0
snowflake,java,2024-08-01,72,674,499,2880,0.10682492581602374,0.6165446620243454
snowflake,kafka,2024-08-01,231,674,584,2880,0.3427299703264095,1.6901751961302387
snowflake,kubernetes,2024-08-01,82,674,570,2880,0.12166172106824925,0.6147118538185226
snowflake,powerbi,2024-08-01,72,674,331,2880,0.10682492581602374,0.9294736747738621
snowflake,python,2024-08-01,80,674,342,2880,0.11869436201780416,0.9995314696236139
snowflake,scala,2024-08-01,72,674,470,2880,0.10682492581602374,0.6545867794684008
snowflake,spark,2024-08-01,305,674,578,2880,0.45252225519287836,2.2547821712032694
snowflake,sql,2024-08-01,87,674,360,2880,0.129080118694362,1.032640949554896
snowflake,tableau,2024-08-01,72,674,331,2880,0.10682492581602374,0.9294736747738621
snowflake,terraform,2024-08-01,72,674,570,2880,0.10682492581602374,0.5397469935967515
spark,airflow,2024-08-01,81,578,585,2880,0.14013840830449828,0.6899121639606068
spark,aws,2024-08-01,81,578,584,2880,0.14013840830449828,0.6910935204057449
spark,azure,2024-08-01,81,578,584,2880,0.14013840830449828,0.6910935204057449
spark,databricks,2024-08-01,63,578,526,2880,0.10899653979238755,0.5967871380267606
spark,dbt,2024-08-01,165,578,337,2880,0.28546712802768165,2.4396003819576357
spark,docker,2024-08-01,82,578,574,2880,0.14186851211072665,0.7118141374196737
spark,gcp,2024-08-01,82,578,585,2880,0.14186851211072665,0.6984295980835773
spark,hadoop,2024-08-01,82,578,594,2880,0.14186851211072665,0.6878473314459473
spark,hive,2024-08-01,578,578,2880,2880,1.0,1.0
spark,java,2024-08-01,76,578,499,2880,0.1314878892733564,0.7588880182510349
spark,kafka,2024-08-01,81,578,584,2880,0.14013840830449828,0.6910935204057449
spark,kubernetes,2024-08-01,81,578,570,2880,0.14013840830449828,0.7080677472227281
spark,powerbi,2024-08-01,51,578,331,2880,0.08823529411764706,0.767727030389195
spark,python,2024-08-01,44,578,342,2880,0.07612456747404844,0.6410489892551448
spark,scala,2024-08-01,75,578,470,2880,0.12975778546712802,0.7951115364794228
spark,snowflake,2024-08-01,305,578,674,2880,0.527681660899654,2.2547821712032694
spark,sql,2024-08-01,52,578,360,2880,0.08996539792387544,0.7197231833910035
spark,tableau,2024-08-01,51,578,331,2880,0.08823529411764706,0.767727030389195
spark,terraform,2024-08-01,81,578,570,2880,0.14013840830449828,0.7080677472227281
sql,airflow,2024-08-01,53,360,585,2880,0.14722222222222223,0.7247863247863248
sql,aws,2024-08-01,53,360,584,2880,0.14722222222222223,0.726027397260274
sql,azure,2024-08-01,53,360,584,2880,0.14722222222222223,0.726027397260274
sql,databricks,2024-08-01,63,360,526,2880,0.175,0.9581749049429658
sql,dbt,2024-08-01,24,360,337,2880,0.06666666666666667,0.56973293768546
sql,docker,2024-08-01,53,360,574,2880,0.14722222222222223,0.7386759581881533
sql,gcp,2024-08-01,53,360,585,2880,0.14722222222222223,0.7247863247863248
sql,hadoop,2024-08-01,83,360,594,2880,0.23055555555555557,1.1178451178451179
sql,hive,2024-08-01,360,360,2880,2880,1.0,1.0
sql,java,2024-08-01,47,360,499,2880,0.13055555555555556,0.7535070140280561
sql,kafka,2024-08-01,53,360,584,2880,0.14722222222222223,0.726027397260274
sql,kubernetes,2024-08-01,52,360,570,2880,0.14444444444444443,0.7298245614035088
sql,powerbi,2024-08-01,22,360,331,2880,0.06111111111111111,0.5317220543806647
sql,python,2024-08-01,22,360,342,2880,0.06111111111111111,0.5146198830409356
sql,scala,2024-08-01,46,360,470,2880,0.12777777777777777,0.7829787234042553
sql,snowflake,2024-08-01,87,360,674,2880,0.24166666666666667,1.032640949554896
sql,spark,2024-08-01,52,360,578,2880,0.14444444444444443,0.7197231833910035
sql,tableau,2024-08-01,22,360,331,2880,0.06111111111111111,0.5317220543806647
sql,terraform,2024-08-01,52,360,570,2880,0.14444444444444443,0.7298245614035088
tableau,airflow,2024-08-01,51,331,585,2880,0.1540785498489426,0.7585405531024867
tableau,aws,2024-08-01,51,331,584,2880,0.1540785498489426,0.7598394239125936
tableau,azure,2024-08-01,51,331,584,2880,0.1540785498489426,0.7598394239125936
tableau,databricks,2024-08-01,76,331,526,2880,0.229607250755287,1.2571651752380733
tableau,dbt,2024-08-01,16,331,337,2880,0.04833836858006042,0.4130994110106054
tableau,docker,2024-08-01,50,331,574,2880,0.1510574018126888,0.75791867111593
tableau,gcp,2024-08-01,51,331,585,2880,0.1540785498489426,0.7585405531024867
tableau,hadoop,2024-08-01,67,331,594,2880,0.20241691842900303,0.9814153620800147
tableau,hive,2024-08-01,331,331,2880,2880,1.0,1.0
tableau,java,2024-08-01,32,331,499,2880,0.09667673716012085,0.5579739539501964
tableau,kafka,2024-08-01,51,331,584,2880,0.1540785498489426,0.7598394239125936
tableau,kubernetes,2024-08-01,50,331,570,2880,0.1510574018126888,0.763237398632533
tableau,powerbi,2024-08-01,20,331,331,2880,0.06042296072507553,0.5257345223208989
tableau,python,2024-08-01,22,331,342,2880,0.06646525679758308,0.5597074256638576
tableau,scala,2024-08-01,29,331,470,2880,0.08761329305135952,0.5368644340168413
tableau,snowflake,2024-08-01,72,331,674,2880,0.2175226586102719,0.9294736747738621
tableau,spark,2024-08-01,51,331,578,2880,0.1540785498489426,0.767727030389195
tableau,sql,2024-08-01,22,331,360,2880,0.06646525679758308,0.5317220543806647
tableau,terraform,2024-08-01,50,331,570,2880,0.1510574018126888,0.763237398632533
terraform,airflow,2024-08-01,81,570,585,2880,0.14210526315789473,0.6995951417004048
terraform,aws,2024-08-01,81,570,584,2880,0.14210526315789473,0.7007930785868781
terraform,azure,2024-08-01,81,570,584,2880,0.14210526315789473,0.7007930785868781
terraform,databricks,2024-08-01,63,570,526,2880,0.11052631578947368,0.6051630978587152
terraform,dbt,2024-08-01,16,570,337,2880,0.028070175438596492,0.23988755270966736
terraform,docker,2024-08-01,80,570,574,2880,0.14035087719298245,0.7041995231982395
terraform,gcp,2024-08-01,81,570,585,2880,0.14210526315789473,0.6995951417004048
terraform,hadoop,2024-08-01,159,570,594,2880,0.2789473684210526,1.3524720893141946
terraform,hive,2024-08-01,570,570,2880,2880,1.0,1.0
terraform,java,2024-08-01,75,570,499,2880,0.13157894736842105,0.7594135639700453
terraform,kafka,2024-08-01,81,570,584,2880,0.14210526315789473,0.7007930785868781
terraform,kubernetes,2024-08-01,80,570,570,2880,0.14035087719298245,0.7091412742382271
terraform,powerbi,2024-08-01,50,570,331,2880,0.08771929824561403,0.763237398632533
terraform,python,2024-08-01,51,570,342,2880,0.08947368421052632,0.7534626038781164
terraform,scala,2024-08-01,59,570,470,2880,0.10350877192982456,0.6342665173572228
terraform,snowflake,2024-08-01,72,570,674,2880,0.12631578947368421,0.5397469935967515
terraform,spark,2024-08-01,81,570,578,2880,0.14210526315789473,0.7080677472227281
terraform,sql,2024-08-01,52,570,360,2880,0.0912280701754386,0.7298245614035088
terraform,tableau,2024-08-01,50,570,331,2880,0.08771929824561403,0.763237398632533
airflow,aws,2024-09-01,523,585,2370,2880,0.8940170940170941,1.0864005193119117
airflow,azure,2024-09-01,81,585,563,2880,0.13846153846153847,0.7082934827162181
airflow,databricks,2024-09-01,236,585,544,2880,0.40341880341880343,2.1357466063348416
airflow,dbt,2024-09-01,24,585,348,2880,0.041025641025641026,0.3395225464190981
airflow,docker,2024-09-01,73,585,443,2880,0.12478632478632479,0.811251953464143
airflow,gcp,2024-09-01,73,585,457,2880,0.12478632478632479,0.7863995960276048
airflow,hadoop,2024-09-01,65,585,556,2880,0.1111111111111111,0.5755395683453237
airflow,hive,2024-09-01,143,585,1081,2880,0.24444444444444444,0.6512488436632747
airflow,java,2024-09-01,56,585,404,2880,0.09572649572649573,0.6824067022086824
airflow,kafka,2024-09-01,82,585,582,2880,0.14017094017094017,0.6936293946603225
airflow,kubernetes,2024-09-01,51,585,330,2880,0.08717948717948718,0.7608391608391608
airflow,powerbi,2024-09-01,82,585,584,2880,0.14017094017094017,0.6912539515279241
airflow,python,2024-09-01,82,585,585,2880,0.14017094017094017,0.6900723208415516
airflow,scala,2024-09-01,52,585,355,2880,0.08888888888888889,0.7211267605633803
airflow,snowflake,2024-09-01,89,585,696,2880,0.15213675213675212,0.6295313881520778
airflow,spark,2024-09-01,82,585,585,2880,0.14017094017094017,0.6900723208415516
airflow,sql,2024-09-01,82,585,585,2880,0.14017094017094017,0.6900723208415516
airflow,tableau,2024-09-01,82,585,584,2880,0.14017094017094017,0.6912539515279241
airflow,terraform,2024-09-01,51,585,330,2880,0.08717948717948718,0.7608391608391608
aws,airflow,2024-09-01,523,2370,585,2880,0.22067510548523206,1.0864005193119117
aws,azure,2024-09-01,501,2370,563,2880,0.21139240506329113,1.0813678980147041
aws,databricks,2024-09-01,544,2370,544,2880,0.22953586497890296,1.2151898734177216
aws,dbt,2024-09-01,110,2370,348,2880,0.046413502109704644,0.3841117415975557
aws,docker,2024-09-01,381,2370,443,2880,0.16075949367088607,1.0451181529845415
aws,gcp,2024-09-01,395,2370,457,2880,0.16666666666666666,1.0503282275711159
aws,hadoop,2024-09-01,556,2370,556,2880,0.23459915611814347,1.2151898734177216
aws,hive,2024-09-01,571,2370,1081,2880,0.24092827004219408,0.6418810524713404
aws,java,2024-09-01,286,2370,404,2880,0.12067510548523207,0.8602581777165058
aws,kafka,2024-09-01,520,2370,582,2880,0.21940928270042195,1.0857366566618818
aws,kubernetes,2024-09-01,268,2370,330,2880,0.11308016877637131,0.9868814729574223
aws,powerbi,2024-09-01,312,2370,584,2880,0.13164556962025317,0.6492110282642621
aws,python,2024-09-01,523,2370,585,2880,0.22067510548523206,1.0864005193119117
aws,scala,2024-09-01,279,2370,355,2880,0.11772151898734177,0.9550365484043501
aws,snowflake,2024-09-01,186,2370,696,2880,0.07848101265822785,0.3247490178961152
aws,spark,2024-09-01,523,2370,585,2880,0.22067510548523206,1.0864005193119117
aws,sql,2024-09-01,523,2370,585,2880,0.22067510548523206,1.0864005193119117
aws,tableau,2024-09-01,312,2370,584,2880,0.13164556962025317,0.6492110282642621
aws,terraform,2024-09-01,268,2370,330,2880,0.11308016877637131,0.9868814729574223
azure,airflow,2024-09-01,81,563,585,2880,0.1438721136767318,0.7082934827162181
azure,aws,2024-09-01,501,563,2370,2880,0.8898756660746003,1.0813678980147041
azure,databricks,2024-09-01,64,563,544,2880,0.11367673179396093,0.6018179918503813
azure,dbt,2024-09-01,20,563,348,2880,0.035523978685612786,0.2939915477430024
azure,docker,2024-09-01,64,563,443,2880,0.11367673179396093,0.7390270599697686
azure,gcp,2024-09-01,58,563,457,2880,0.10301953818827708,0.6492259737029278
azure,hadoop,2024-09-01,64,563,556,2880,0.11367673179396093,0.5888291143284307
azure,hive,2024-09-01,142,563,1081,2880,0.2522202486678508,0.6719651398366423
azure,java,2024-09-01,54,563,404,2880,0.09591474245115453,0.6837486590577353
azure,kafka,2024-09-01,81,563,582,2880,0.1438721136767318,0.7119444800498068
azure,kubernetes,2024-09-01,49,563,330,2880,0.08703374777975133,0.7595672533505571
azure,powerbi,2024-09-01,80,563,584,2880,0.14209591474245115,0.7007469768120879
azure,python,2024-09-01,81,563,585,2880,0.1438721136767318,0.7082934827162181
azure,scala,2024-09-01,51,563,355,2880,0.0905861456483126,0.734896054837015
azure,snowflake,2024-09-01,81,563,696,2880,0.1438721136767318,0.5953328841795799
azure,spark,2024-09-01,81,563,585,2880,0.1438721136767318,0.7082934827162181
azure,sql,2024-09-01,81,563,585,2880,0.1438721136767318,0.7082934827162181
azure,tableau,2024-09-01,80,563,584,2880,0.14209591474245115,0.7007469768120879
azure,terraform,2024-09-01,49,563,330,2880,0.08703374777975133,0.7595672533505571
databricks,airflow,2024-09-01,236,544,585,2880,0.4338235294117647,2.1357466063348416
databricks,aws,2024-09-01,544,544,2370,2880,1.0,1.2151898734177216
databricks,azure,2024-09-01,64,544,563,2880,0.11764705882352941,0.6018179918503813
databricks,docker,2024-09-01,64,544,443,2880,0.11764705882352941,0.7648386668437126
databricks,gcp,2024-09-01,64,544,457,2880,0.11764705882352941,0.7414081606384348
databricks,hive,2024-09-01,64,544,1081,2880,0.11764705882352941,0.3134352723513087
databricks,java,2024-09-01,64,544,404,2880,0.11764705882352941,0.8386721025043681
databricks,kafka,2024-09-01,64,544,582,2880,0.11764705882352941,0.582171012734991
databricks,kubernetes,2024-09-01,71,544,330,2880,0.13051470588235295,1.13903743315508
databricks,powerbi,2024-09-01,64,544,584,2880,0.11764705882352941,0.580177276390008
databricks,python,2024-09-01,64,544,585,2880,0.11764705882352941,0.579185520361991
databricks,scala,2024-09-01,72,544,355,2880,0.1323529411764706,1.0737365368682685
databricks,spark,2024-09-01,289,544,585,2880,0.53125,2.6153846153846154
databricks,sql,2024-09-01,147,544,585,2880,0.2702205882352941,1.330316742081448
databricks,tableau,2024-09-01,64,544,584,2880,0.11764705882352941,0.580177276390008
databricks,terraform,2024-09-01,79,544,330,2880,0.14522058823529413,1.267379679144385
dbt,airflow,2024-09-01,24,348,585,2880,0.06896551724137931,0.3395225464190981
dbt,aws,2024-09-01,110,348,2370,2880,0.3160919540229885,0.3841117415975557
dbt,azure,2024-09-01,20,348,563,2880,0.05747126436781609,0.2939915477430024
dbt,docker,2024-09-01,16,348,443,2880,0.04597701149425287,0.29890246750214056
dbt,gcp,2024-09-01,57,348,457,2880,0.16379310344827586,1.0322191201992001
dbt,hive,2024-09-01,296,348,1081,2880,0.8505747126436781,2.266100992057163
dbt,java,2024-09-01,48,348,404,2880,0.13793103448275862,0.9832707408671901
dbt,kafka,2024-09-01,65,348,582,2880,0.1867816091954023,0.9242801279772485
dbt,kubernetes,2024-09-01,57,348,330,2880,0.16379310344827586,1.4294670846394983
dbt,powerbi,2024-09-01,169,348,584,2880,0.48563218390804597,2.3948984411903638
dbt,python,2024-09-01,110,348,585,2880,0.3160919540229885,1.5561450044208665
dbt,scala,2024-09-01,64,348,355,2880,0.1839080459770115,1.4919864011656143
dbt,snowflake,2024-09-01,348,348,696,2880,1.0,4.137931034482759
dbt,spark,2024-09-01,65,348,585,2880,0.1867816091954023,0.9195402298850575
dbt,sql,2024-09-01,24,348,585,2880,0.06896551724137931,0.3395225464190981
dbt,tableau,2024-09-01,144,348,584,2880,0.41379310344827586,2.040623523854511
dbt,terraform,2024-09-01,16,348,330,2880,0.04597701149425287,0.4012539184952978
docker,airflow,2024-09-01,73,443,585,2880,0.16478555304740405,0.811251953464143
docker,aws,2024-09-01,381,443,2370,2880,0.8600451467268623,1.0451181529845415
docker,azure,2024-09-01,64,443,563,2880,0.14446952595936793,0.7390270599697686
docker,databricks,2024-09-01,64,443,544,2880,0.14446952595936793,0.7648386668437126
docker,dbt,2024-09-01,16,443,348,2880,0.03611738148984198,0.29890246750214056
docker,gcp,2024-09-01,36,443,457,2880,0.08126410835214447,0.5121239213439301
docker,hadoop,2024-09-01,65,443,556,2880,0.14672686230248308,0.7600240349481138
docker,hive,2024-09-01,134,443,1081,2880,0.30248306997742663,0.8058753390702948
docker,java,2024-09-01,32,443,404,2880,0.07223476297968397,0.5149408846076481
docker,kafka,2024-09-01,73,443,582,2880,0.16478555304740405,0.8154336645644737
docker,kubernetes,2024-09-01,27,443,330,2880,0.060948081264108354,0.5319105273958548
docker,powerbi,2024-09-01,58,443,584,2880,0.1309255079006772,0.6456600389622438
docker,python,2024-09-01,73,443,585,2880,0.16478555304740405,0.811251953464143
docker,scala,2024-09-01,29,443,355,2880,0.0654627539503386,0.5310781165548596
docker,snowflake,2024-09-01,73,443,696,2880,0.16478555304740405,0.6818712539892582
docker,spark,2024-09-01,73,443,585,2880,0.16478555304740405,0.811251953464143
docker,sql,2024-09-01,73,443,585,2880,0.16478555304740405,0.811251953464143
docker,tableau,2024-09-01,58,443,584,2880,0.1309255079006772,0.6456600389622438
docker,terraform,2024-09-01,27,443,330,2880,0.060948081264108354,0.5319105273958548
gcp,airflow,2024-09-01,73,457,585,2880,0.15973741794310722,0.7863995960276048
gcp,aws,2024-09-01,395,457,2370,2880,0.8643326039387309,1.0503282275711159
gcp,azure,2024-09-01,58,457,563,2880,0.12691466083150985,0.6492259737029278
gcp,databricks,2024-09-01,64,457,544,2880,0.1400437636761488,0.7414081606384348
gcp,dbt,2024-09-01,57,457,348,2880,0.12472647702407003,1.0322191201992001
gcp,docker,2024-09-01,36,457,443,2880,0.0787746170678337,0.5121239213439301
gcp,hadoop,2024-09-01,65,457,556,2880,0.1422319474835886,0.7367410229365742
gcp,hive,2024-09-01,121,457,1081,2880,0.2647702407002188,0.7054008262873545
gcp,java,2024-09-01,47,457,404,2880,0.10284463894967177,0.7331499014234028
gcp,kafka,2024-09-01,70,457,582,2880,0.15317286652078774,0.757968824020393
gcp,kubernetes,2024-09-01,29,457,330,2880,0.06345733041575492,0.553809429082952
gcp,powerbi,2024-09-01,73,457,584,2880,0.15973741794310722,0.787746170678337
gcp,python,2024-09-01,73,457,585,2880,0.15973741794310722,0.7863995960276048
gcp,scala,2024-09-01,40,457,355,2880,0.087527352297593,0.7100810552593461
gcp,snowflake,2024-09-01,73,457,696,2880,0.15973741794310722,0.6609824190749264
gcp,spark,2024-09-01,73,457,585,2880,0.15973741794310722,0.7863995960276048
gcp,sql,2024-09-01,73,457,585,2880,0.15973741794310722,0.7863995960276048
gcp,tableau,2024-09-01,73,457,584,2880,0.15973741794310722,0.787746170678337
gcp,terraform,2024-09-01,29,457,330,2880,0.06345733041575492,0.553809429082952
hadoop,airflow,2024-09-01,65,556,585,2880,0.11690647482014388,0.5755395683453237
hadoop,aws,2024-09-01,556,556,2370,2880,1.0,1.2151898734177216
hadoop,azure,2024-09-01,64,556,563,2880,0.11510791366906475,0.5888291143284307
hadoop,docker,2024-09-01,65,556,443,2880,0.11690647482014388,0.7600240349481138
hadoop,gcp,2024-09-01,65,556,457,2880,0.11690647482014388,0.7367410229365742
hadoop,hive,2024-09-01,289,556,1081,2880,0.5197841726618705,1.3848088966384708
hadoop,java,2024-09-01,80,556,404,2880,0.14388489208633093,1.025714082199587
hadoop,kafka,2024-09-01,117,556,582,2880,0.210431654676259,1.0413112808722094
hadoop,kubernetes,2024-09-01,65,556,330,2880,0.11690647482014388,1.0202746893394374
hadoop,powerbi,2024-09-01,80,556,584,2880,0.14388489208633093,0.7095693308367005
hadoop,python,2024-09-01,65,556,585,2880,0.11690647482014388,0.5755395683453237
hadoop,scala,2024-09-01,72,556,355,2880,0.12949640287769784,1.0505623670078021
hadoop,spark,2024-09-01,65,556,585,2880,0.11690647482014388,0.5755395683453237
hadoop,sql,2024-09-01,65,556,585,2880,0.11690647482014388,0.5755395683453237
hadoop,tableau,2024-09-01,69,556,584,2880,0.12410071942446044,0.6120035478466542
hadoop,terraform,2024-09-01,65,556,330,2880,0.11690647482014388,1.0202746893394374
hive,airflow,2024-09-01,143,1081,585,2880,0.1322849213691027,0.6512488436632747
hive,aws,2024-09-01,571,1081,2370,2880,0.5282146160962072,0.6418810524713404
hive,azure,2024-09-01,142,1081,563,2880,0.13135985198889916,0.6719651398366423
hive,databricks,2024-09-01,64,1081,544,2880,0.05920444033302498,0.3134352723513087
hive,dbt,2024-09-01,296,1081,348,2880,0.2738205365402405,2.266100992057163
hive,docker,2024-09-01,134,1081,443,2880,0.12395929694727105,0.8058753390702948
hive,gcp,2024-09-01,121,1081,457,2880,0.11193339500462535,0.7054008262873545
hive,hadoop,2024-09-01,289,1081,556,2880,0.26734505087881594,1.3848088966384708
hive,java,2024-09-01,173,1081,404,2880,0.16003700277520813,1.1408578415658401
hive,kafka,2024-09-01,143,1081,582,2880,0.1322849213691027,0.6546057964656627
hive,kubernetes,2024-09-01,112,1081,330,2880,0.1036077705827937,0.9042132705407451
hive,powerbi,2024-09-01,353,1081,584,2880,0.3265494912118409,1.610381052551544
hive,python,2024-09-01,143,1081,585,2880,0.1322849213691027,0.6512488436632747
hive,scala,2024-09-01,128,1081,355,2880,0.11840888066604996,0.9606128910372503
hive,snowflake,2024-09-01,599,1081,696,2880,0.5541165587419057,2.29289610513892
hive,spark,2024-09-01,143,1081,585,2880,0.1322849213691027,0.6512488436632747
hive,sql,2024-09-01,143,1081,585,2880,0.1322849213691027,0.6512488436632747
hive,tableau,2024-09-01,353,1081,584,2880,0.3265494912118409,1.610381052551544
hive,terraform,2024-09-01,112,1081,330,2880,0.1036077705827937,0.9042132705407451
java,airflow,2024-09-01,56,404,585,2880,0.13861386138613863,0.6824067022086824
java,aws,2024-09-01,286,404,2370,2880,0.7079207920792079,0.8602581777165058
java,azure,2024-09-01,54,404,563,2880,0.13366336633663367,0.6837486590577353
java,databricks,2024-09-01,64,404,544,2880,0.15841584158415842,0.8386721025043681
java,dbt,2024-09-01,48,404,348,2880,0.1188118811881188,0.9832707408671901
java,docker,2024-09-01,32,404,443,2880,0.07920792079207921,0.5149408846076481
java,gcp,2024-09-01,47,404,457,2880,0.11633663366336634,0.7331499014234028
java,hadoop,2024-09-01,80,404,556,2880,0.19801980198019803,1.025714082199587
java,hive,2024-09-01,173,404,1081,2880,0.4282178217821782,1.1408578415658401
java,kafka,2024-09-01,55,404,582,2880,0.13613861386138615,0.6736756149841788
java,kubernetes,2024-09-01,25,404,330,2880,0.06188118811881188,0.54005400540054
java,powerbi,2024-09-01,70,404,584,2880,0.17326732673267325,0.8544690085446901
java,python,2024-09-01,56,404,585,2880,0.13861386138613863,0.6824067022086824
java,scala,2024-09-01,41,404,355,2880,0.10148514851485149,0.8233161344303445
java,snowflake,2024-09-01,133,404,696,2880,0.3292079207920792,1.3622396722430863
java,spark,2024-09-01,56,404,585,2880,0.13861386138613863,0.6824067022086824
java,sql,2024-09-01,56,404,585,2880,0.13861386138613863,0.6824067022086824
java,tableau,2024-09-01,70,404,584,2880,0.17326732673267325,0.8544690085446901
java,terraform,2024-09-01,25,404,330,2880,0.06188118811881188,0.54005400540054
kafka,airflow,2024-09-01,82,582,585,2880,0.140893470790378,0.6936293946603225
kafka,aws,2024-09-01,520,582,2370,2880,0.8934707903780069,1.0857366566618818
kafka,azure,2024-09-01,81,582,563,2880,0.13917525773195877,0.7119444800498068
kafka,databricks,2024-09-01,64,582,544,2880,0.10996563573883161,0.582171012734991
kafka,dbt,2024-09-01,65,582,348,2880,0.11168384879725086,0.9242801279772485
kafka,docker,2024-09-01,73,582,443,2880,0.1254295532646048,0.8154336645644737
kafka,gcp,2024-09-01,70,582,457,2880,0.12027491408934708,0.757968824020393
kafka,hadoop,2024-09-01,117,582,556,2880,0.20103092783505155,1.0413112808722094
kafka,hive,2024-09-01,143,582,1081,2880,0.24570446735395188,0.6546057964656627
kafka,java,2024-09-01,55,582,404,2880,0.09450171821305842,0.6736756149841788
kafka,kubernetes,2024-09-01,51,582,330,2880,0.08762886597938144,0.7647610121836926
kafka,powerbi,2024-09-01,81,582,584,2880,0.13917525773195877,0.6863437367603445
kafka,python,2024-09-01,82,582,585,2880,0.140893470790378,0.6936293946603225
kafka,scala,2024-09-01,52,582,355,2880,0.08934707903780069,0.724843908813707
kafka,snowflake,2024-09-01,89,582,696,2880,0.15292096219931273,0.6327763953075008
kafka,spark,2024-09-01,82,582,585,2880,0.140893470790378,0.6936293946603225
kafka,sql,2024-09-01,82,582,585,2880,0.140893470790378,0.6936293946603225
kafka,tableau,2024-09-01,81,582,584,2880,0.13917525773195877,0.6863437367603445
kafka,terraform,2024-09-01,51,582,330,2880,0.08762886597938144,0.7647610121836926
kubernetes,airflow,2024-09-01,51,330,585,2880,0.15454545454545454,0.7608391608391608
kubernetes,aws,2024-09-01,268,330,2370,2880,0.8121212121212121,0.9868814729574223
kubernetes,azure,2024-09-01,49,330,563,2880,0.1484848484848485,0.7595672533505571
kubernetes,databricks,2024-09-01,71,330,544,2880,0.21515151515151515,1.13903743315508
kubernetes,dbt,2024-09-01,57,330,348,2880,0.17272727272727273,1.4294670846394983
kubernetes,docker,2024-09-01,27,330,443,2880,0.08181818181818182,0.5319105273958548
kubernetes,gcp,2024-09-01,29,330,457,2880,0.08787878787878788,0.553809429082952
kubernetes,hadoop,2024-09-01,65,330,556,2880,0.19696969696969696,1.0202746893394374
kubernetes,hive,2024-09-01,112,330,1081,2880,0.3393939393939394,0.9042132705407451
kubernetes,java,2024-09-01,25,330,404,2880,0.07575757575757576,0.54005400540054
kubernetes,kafka,2024-09-01,51,330,582,2880,0.15454545454545454,0.7647610121836926
kubernetes,powerbi,2024-09-01,51,330,584,2880,0.15454545454545454,0.7621419676214197
kubernetes,python,2024-09-01,51,330,585,2880,0.15454545454545454,0.7608391608391608
kubernetes,scala,2024-09-01,22,330,355,2880,0.06666666666666667,0.5408450704225352
kubernetes,snowflake,2024-09-01,73,330,696,2880,0.22121212121212122,0.9153605015673981
kubernetes,spark,2024-09-01,51,330,585,2880,0.15454545454545454,0.7608391608391608
kubernetes,sql,2024-09-01,51,330,585,2880,0.15454545454545454,0.7608391608391608
kubernetes,tableau,2024-09-01,51,330,584,2880,0.15454545454545454,0.7621419676214197
kubernetes,terraform,2024-09-01,20,330,330,2880,0.06060606060606061,0.5289256198347108
powerbi,airflow,2024-09-01,82,584,585,2880,0.1404109589041096,0.6912539515279241
powerbi,aws,2024-09-01,312,584,2370,2880,0.5342465753424658,0.6492110282642621
powerbi,azure,2024-09-01,80,584,563,2880,0.136986301369863,0.7007469768120879
powerbi,databricks,2024-09-01,64,584,544,2880,0.1095890410958904,0.580177276390008
powerbi,dbt,2024-09-01,169,584,348,2880,0.2893835616438356,2.3948984411903638
powerbi,docker,2024-09-01,58,584,443,2880,0.09931506849315068,0.6456600389622438
powerbi,gcp,2024-09-01,73,584,457,2880,0.125,0.787746170678337
powerbi,hadoop,2024-09-01,80,584,556,2880,0.136986301369863,0.7095693308367005
powerbi,hive,2024-09-01,353,584,1081,2880,0.6044520547945206,1.610381052551544
powerbi,java,2024-09-01,70,584,404,2880,0.11986301369863013,0.8544690085446901
powerbi,kafka,2024-09-01,81,584,582,2880,0.1386986301369863,0.6863437367603445
powerbi,kubernetes,2024-09-01,51,584,330,2880,0.08732876712328767,0.7621419676214197
powerbi,python,2024-09-01,82,584,585,2880,0.1404109589041096,0.6912539515279241
powerbi,scala,2024-09-01,53,584,355,2880,0.09075342465753425,0.7362531352498553
powerbi,snowflake,2024-09-01,313,584,696,2880,0.535958904109589,2.2177609825224374
powerbi,spark,2024-09-01,82,584,585,2880,0.1404109589041096,0.6912539515279241
powerbi,sql,2024-09-01,82,584,585,2880,0.1404109589041096,0.6912539515279241
powerbi,tableau,2024-09-01,82,584,584,2880,0.1404109589041096,0.6924376055545131
powerbi,terraform,2024-09-01,51,584,330,2880,0.08732876712328767,0.7621419676214197
python,airflow,2024-09-01,82,585,585,2880,0.14017094017094017,0.6900723208415516
python,aws,2024-09-01,523,585,2370,2880,0.8940170940170941,1.0864005193119117
python,azure,2024-09-01,81,585,563,2880,0.13846153846153847,0.7082934827162181
python,databricks,2024-09-01,64,585,544,2880,0.1094017094017094,0.579185520361991
python,dbt,2024-09-01,110,585,348,2880,0.18803418803418803,1.5561450044208665
python,docker,2024-09-01,73,585,443,2880,0.12478632478632479,0.811251953464143
python,gcp,2024-09-01,73,585,457,2880,0.12478632478632479,0.7863995960276048
python,hadoop,2024-09-01,65,585,556,2880,0.1111111111111111,0.5755395683453237
python,hive,2024-09-01,143,585,1081,2880,0.24444444444444444,0.6512488436632747
python,java,2024-09-01,56,585,404,2880,0.09572649572649573,0.6824067022086824
python,kafka,2024-09-01,82,585,582,2880,0.14017094017094017,0.6936293946603225
python,kubernetes,2024-09-01,51,585,330,2880,0.08717948717948718,0.7608391608391608
python,powerbi,2024-09-01,82,585,584,2880,0.14017094017094017,0.6912539515279241
python,scala,2024-09-01,52,585,355,2880,0.08888888888888889,0.7211267605633803
python,snowflake,2024-09-01,186,585,696,2880,0.31794871794871793,1.3156498673740054
python,spark,2024-09-01,82,585,585,2880,0.14017094017094017,0.6900723208415516
python,sql,2024-09-01,82,585,585,2880,0.14017094017094017,0.6900723208415516
python,tableau,2024-09-01,82,585,584,2880,0.14017094017094017,0.6912539515279241
python,terraform,2024-09-01,51,585,330,2880,0.08717948717948718,0.7608391608391608
scala,airflow,2024-09-01,52,355,585,2880,0.14647887323943662,0.7211267605633803
scala,aws,2024-09-01,279,355,2370,2880,0.7859154929577464,0.9550365484043501
scala,azure,2024-09-01,51,355,563,2880,0.14366197183098592,0.734896054837015
scala,databricks,2024-09-01,72,355,544,2880,0.2028169014084507,1.0737365368682685
scala,dbt,2024-09-01,64,355,348,2880,0.18028169014084508,1.4919864011656143
scala,docker,2024-09-01,29,355,443,2880,0.08169014084507042,0.5310781165548596
scala,gcp,2024-09-01,40,355,457,2880,0.11267605633802817,0.7100810552593461
scala,hadoop,2024-09-01,72,355,556,2880,0.2028169014084507,1.0505623670078021
scala,hive,2024-09-01,128,355,1081,2880,0.36056338028169016,0.9606128910372503
scala,java,2024-09-01,41,355,404,2880,0.11549295774647887,0.8233161344303445
scala,kafka,2024-09-01,52,355,582,2880,0.14647887323943662,0.724843908813707
scala,kubernetes,2024-09-01,22,355,330,2880,0.061971830985915494,0.5408450704225352
scala,powerbi,2024-09-01,53,355,584,2880,0.14929577464788732,0.7362531352498553
scala,python,2024-09-01,52,355,585,2880,0.14647887323943662,0.7211267605633803
scala,snowflake,2024-09-01,88,355,696,2880,0.24788732394366197,1.0257406508013598
scala,spark,2024-09-01,52,355,585,2880,0.14647887323943662,0.7211267605633803
scala,sql,2024-09-01,52,355,585,2880,0.14647887323943662,0.7211267605633803
scala,tableau,2024-09-01,53,355,584,2880,0.14929577464788732,0.7362531352498553
scala,terraform,2024-09-01,22,355,330,2880,0.061971830985915494,0.5408450704225352
snowflake,airflow,2024-09-01,89,696,585,2880,0.1278735632183908,0.6295313881520778
snowflake,aws,2024-09-01,186,696,2370,2880,0.2672413793103448,0.3247490178961152
snowflake,azure,2024-09-01,81,696,563,2880,0.11637931034482758,0.5953328841795799
snowflake,dbt,2024-09-01,348,696,348,2880,0.5,4.137931034482759
snowflake,docker,2024-09-01,73,696,443,2880,0.10488505747126436,0.6818712539892582
snowflake,gcp,2024-09-01,73,696,457,2880,0.10488505747126436,0.6609824190749264
snowflake,hive,2024-09-01,599,696,1081,2880,0.860632183908046,2.29289610513892
snowflake,java,2024-09-01,133,696,404,2880,0.1910919540229885,1.3622396722430863
snowflake,kafka,2024-09-01,89,696,582,2880,0.1278735632183908,0.6327763953075008
snowflake,kubernetes,2024-09-01,73,696,330,2880,0.10488505747126436,0.9153605015673981
snowflake,powerbi,2024-09-01,313,696,584,2880,0.44971264367816094,2.2177609825224374
snowflake,python,2024-09-01,186,696,585,2880,0.2672413793103448,1.3156498673740054
snowflake,scala,2024-09-01,88,696,355,2880,0.12643678160919541,1.0257406508013598
snowflake,spark,2024-09-01,89,696,585,2880,0.1278735632183908,0.6295313881520778
snowflake,sql,2024-09-01,89,696,585,2880,0.1278735632183908,0.6295313881520778
snowflake,tableau,2024-09-01,313,696,584,2880,0.44971264367816094,2.2177609825224374
snowflake,terraform,2024-09-01,73,696,330,2880,0.10488505747126436,0.9153605015673981
spark,airflow,2024-09-01,82,585,585,2880,0.14017094017094017,0.6900723208415516
spark,aws,2024-09-01,523,585,2370,2880,0.8940170940170941,1.0864005193119117
spark,azure,2024-09-01,81,585,563,2880,0.13846153846153847,0.7082934827162181
spark,databricks,2024-09-01,289,585,544,2880,0.49401709401709404,2.6153846153846154
spark,dbt,2024-09-01,65,585,348,2880,0.1111111111111111,0.9195402298850575
spark,docker,2024-09-01,73,585,443,2880,0.12478632478632479,0.811251953464143
spark,gcp,2024-09-01,73,585,457,2880,0.12478632478632479,0.7863995960276048
spark,hadoop,2024-09-01,65,585,556,2880,0.1111111111111111,0.5755395683453237
spark,hive,2024-09-01,143,585,1081,2880,0.24444444444444444,0.6512488436632747
spark,java,2024-09-01,56,585,404,2880,0.09572649572649573,0.6824067022086824
spark,kafka,2024-09-01,82,585,582,2880,0.14017094017094017,0.6936293946603225
spark,kubernetes,2024-09-01,51,585,330,2880,0.08717948717948718,0.7608391608391608
spark,powerbi,2024-09-01,82,585,584,2880,0.14017094017094017,0.6912539515279241
spark,python,2024-09-01,82,585,585,2880,0.14017094017094017,0.6900723208415516
spark,scala,2024-09-01,52,585,355,2880,0.08888888888888889,0.7211267605633803
spark,snowflake,2024-09-01,89,585,696,2880,0.15213675213675212,0.6295313881520778
spark,sql,2024-09-01,82,585,585,2880,0.14017094017094017,0.6900723208415516
spark,tableau,2024-09-01,82,585,584,2880,0.14017094017094017,0.6912539515279241
spark,terraform,2024-09-01,51,585,330,2880,0.08717948717948718,0.7608391608391608
sql,airflow,2024-09-01,82,585,585,2880,0.14017094017094017,0.6900723208415516
sql,aws,2024-09-01,523,585,2370,2880,0.8940170940170941,1.0864005193119117
sql,azure,2024-09-01,81,585,563,2880,0.13846153846153847,0.7082934827162181
sql,databricks,2024-09-01,147,585,544,2880,0.2512820512820513,1.330316742081448
sql,dbt,2024-09-01,24,585,348,2880,0.041025641025641026,0.3395225464190981
sql,docker,2024-09-01,73,585,443,2880,0.12478632478632479,0.811251953464143
sql,gcp,2024-09-01,73,585,457,2880,0.12478632478632479,0.7863995960276048
sql,hadoop,2024-09-01,65,585,556,2880,0.1111111111111111,0.5755395683453237
sql,hive,2024-09-01,143,585,1081,2880,0.24444444444444444,0.6512488436632747
sql,java,2024-09-01,56,585,404,2880,0.09572649572649573,0.6824067022086824
sql,kafka,2024-09-01,82,585,582,2880,0.14017094017094017,0.6936293946603225
sql,kubernetes,2024-09-01,51,585,330,2880,0.08717948717948718,0.7608391608391608
sql,powerbi,2024-09-01,82,585,584,2880,0.14017094017094017,0.6912539515279241
sql,python,2024-09-01,82,585,585,2880,0.14017094017094017,0.6900723208415516
sql,scala,2024-09-01,52,585,355,2880,0.08888888888888889,0.7211267605633803
sql,snowflake,2024-09-01,89,585,696,2880,0.15213675213675212,0.6295313881520778
sql,spark,2024-09-01,82,585,585,2880,0.14017094017094017,0.6900723208415516
sql,tableau,2024-09-01,82,585,584,2880,0.14017094017094017,0.6912539515279241
sql,terraform,2024-09-01,51,585,330,2880,0.08717948717948718,0.7608391608391608
tableau,airflow,2024-09-01,82,584,585,2880,0.1404109589041096,0.6912539515279241
tableau,aws,2024-09-01,312,584,2370,2880,0.5342465753424658,0.6492110282642621
tableau,azure,2024-09-01,80,584,563,2880,0.136986301369863,0.7007469768120879
tableau,databricks,2024-09-01,64,584,544,2880,0.1095890410958904,0.580177276390008
tableau,dbt,2024-09-01,144,584,348,2880,0.2465753424657534,2.040623523854511
tableau,docker,2024-09-01,58,584,443,2880,0.09931506849315068,0.6456600389622438
tableau,gcp,2024-09-01,73,584,457,2880,0.125,0.787746170678337
tableau,hadoop,2024-09-01,69,584,556,2880,0.11815068493150685,0.6120035478466542
tableau,hive,2024-09-01,353,584,1081,2880,0.6044520547945206,1.610381052551544
tableau,java,2024-09-01,70,584,404,2880,0.11986301369863013,0.8544690085446901
tableau,kafka,2024-09-01,81,584,582,2880,0.1386986301369863,0.6863437367603445
tableau,kubernetes,2024-09-01,51,584,330,2880,0.08732876712328767,0.7621419676214197
tableau,powerbi,2024-09-01,82,584,584,2880,0.1404109589041096,0.6924376055545131
tableau,python,2024-09-01,82,584,585,2880,0.1404109589041096,0.6912539515279241
tableau,scala,2024-09-01,53,584,355,2880,0.09075342465753425,0.7362531352498553
tableau,snowflake,2024-09-01,313,584,696,2880,0.535958904109589,2.2177609825224374
tableau,spark,2024-09-01,82,584,585,2880,0.1404109589041096,0.6912539515279241
tableau,sql,2024-09-01,82,584,585,2880,0.1404109589041096,0.6912539515279241
tableau,terraform,2024-09-01,51,584,330,2880,0.08732876712328767,0.7621419676214197
terraform,airflow,2024-09-01,51,330,585,2880,0.15454545454545454,0.7608391608391608
terraform,aws,2024-09-01,268,330,2370,2880,0.8121212121212121,0.9868814729574223
terraform,azure,2024-09-01,49,330,563,2880,0.1484848484848485,0.7595672533505571
terraform,databricks,2024-09-01,79,330,544,2880,0.23939393939393938,1.267379679144385
terraform,dbt,2024-09-01,16,330,348,2880,0.048484848484848485,0.4012539184952978
terraform,docker,2024-09-01,27,330,443,2880,0.08181818181818182,0.5319105273958548
terraform,gcp,2024-09-01,29,330,457,2880,0.08787878787878788,0.553809429082952
terraform,hadoop,2024-09-01,65,330,556,2880,0.19696969696969696,1.0202746893394374
terraform,hive,2024-09-01,112,330,1081,2880,0.3393939393939394,0.9042132705407451
terraform,java,2024-09-01,25,330,404,2880,0.07575757575757576,0.54005400540054
terraform,kafka,2024-09-01,51,330,582,2880,0.15454545454545454,0.7647610121836926
terraform,kubernetes,2024-09-01,20,330,330,2880,0.06060606060606061,0.5289256198347108
terraform,powerbi,2024-09-01,51,330,584,2880,0.15454545454545454,0.7621419676214197
terraform,python,2024-09-01,51,330,585,2880,0.15454545454545454,0.7608391608391608
terraform,scala,2024-09-01,22,330,355,2880,0.06666666666666667,0.5408450704225352
terraform,snowflake,2024-09-01,73,330,696,2880,0.22121212121212122,0.9153605015673981
terraform,spark,2024-09-01,51,330,585,2880,0.15454545454545454,0.7608391608391608
terraform,sql,2024-09-01,51,330,585,2880,0.15454545454545454,0.7608391608391608
terraform,tableau,2024-09-01,51,330,584,2880,0.15454545454545454,0.7621419676214197
airflow,aws,2024-10-01,231,555,1807,2880,0.41621621621621624,0.6633661885460447
airflow,azure,2024-10-01,373,555,1410,2880,0.6720720720720721,1.372742955721679
airflow,databricks,2024-10-01,65,555,562,2880,0.11711711711711711,0.6001731268635183
airflow,dbt,2024-10-01,24,555,359,2880,0.043243243243243246,0.3469095836783859
airflow,docker,2024-10-01,58,555,472,2880,0.1045045045045045,0.6376546037562987
airflow,gcp,2024-10-01,51,555,360,2880,0.0918918918918919,0.7351351351351352
airflow,hadoop,2024-10-01,63,555,518,2880,0.11351351351351352,0.631117604090577
airflow,hive,2024-10-01,52,555,374,2880,0.0936936936936937,0.7214915450209568
airflow,java,2024-10-01,80,555,586,2880,0.14414414414414414,0.7084217323125173
airflow,kafka,2024-10-01,58,555,457,2880,0.1045045045045045,0.6585841859364835
airflow,kubernetes,2024-10-01,80,555,585,2880,0.14414414414414414,0.7096327096327096
airflow,powerbi,2024-10-01,80,555,586,2880,0.14414414414414414,0.7084217323125173
airflow,python,2024-10-01,80,555,573,2880,0.14414414414414414,0.7244941276354889
airflow,scala,2024-10-01,80,555,586,2880,0.14414414414414414,0.7084217323125173
airflow,snowflake,2024-10-01,90,555,718,2880,0.16216216216216217,0.6504554693969736
airflow,spark,2024-10-01,79,555,570,2880,0.14234234234234233,0.719203413940256
airflow,sql,2024-10-01,79,555,570,2880,0.14234234234234233,0.719203413940256
airflow,tableau,2024-10-01,80,555,586,2880,0.14414414414414414,0.7084217323125173
airflow,terraform,2024-10-01,80,555,585,2880,0.14414414414414414,0.7096327096327096
aws,airflow,2024-10-01,231,1807,555,2880,0.12783619258439402,0.6633661885460447
aws,azure,2024-10-01,337,1807,1410,2880,0.18649695628112894,0.3809299532550719
aws,databricks,2024-10-01,562,1807,562,2880,0.31101272827891535,1.5938018815716657
aws,dbt,2024-10-01,359,1807,359,2880,0.19867183176535694,1.5938018815716657
aws,docker,2024-10-01,331,1807,472,2880,0.1831765356945213,1.117687336441147
aws,gcp,2024-10-01,219,1807,360,2880,0.12119535141117875,0.96956281128943
aws,hadoop,2024-10-01,62,1807,518,2880,0.03431101272827892,0.19076393177112602
aws,hive,2024-10-01,205,1807,374,2880,0.11344770337576093,0.8736079832144157
aws,java,2024-10-01,444,1807,586,2880,0.24571112340896514,1.207590504125972
aws,kafka,2024-10-01,210,1807,457,2880,0.11621472053126729,0.7323816085996714
aws,kubernetes,2024-10-01,444,1807,585,2880,0.24571112340896514,1.2096547613979822
aws,powerbi,2024-10-01,444,1807,586,2880,0.24571112340896514,1.207590504125972
aws,python,2024-10-01,232,1807,573,2880,0.1283895960154953,0.6453089642663637
aws,scala,2024-10-01,444,1807,586,2880,0.24571112340896514,1.207590504125972
aws,snowflake,2024-10-01,718,1807,718,2880,0.3973436635307139,1.5938018815716657
aws,spark,2024-10-01,232,1807,570,2880,0.1283895960154953,0.6487053272361868
aws,sql,2024-10-01,232,1807,570,2880,0.1283895960154953,0.6487053272361868
aws,tableau,2024-10-01,444,1807,586,2880,0.24571112340896514,1.207590504125972
aws,terraform,2024-10-01,444,1807,585,2880,0.24571112340896514,1.2096547613979822
azure,airflow,2024-10-01,373,1410,555,2880,0.2645390070921986,1.372742955721679
azure,aws,2024-10-01,337,1410,1807,2880,0.23900709219858157,0.3809299532550719
azure,databricks,2024-10-01,80,1410,562,2880,0.05673758865248227,0.290754902703112
azure,dbt,2024-10-01,20,1410,359,2880,0.014184397163120567,0.11379126414982517
azure,docker,2024-10-01,178,1410,472,2880,0.12624113475177304,0.7702848900108186
azure,gcp,2024-10-01,164,1410,360,2880,0.11631205673758865,0.9304964539007092
azure,hadoop,2024-10-01,518,1410,518,2880,0.36737588652482267,2.0425531914893615
azure,hive,2024-10-01,192,1410,374,2880,0.13617021276595745,1.048583456593469
azure,java,2024-10-01,194,1410,586,2880,0.1375886524822695,0.6762036162951129
azure,kafka,2024-10-01,275,1410,457,2880,0.1950354609929078,1.2291075003491783
azure,kubernetes,2024-10-01,193,1410,585,2880,0.13687943262411348,0.6738679759956355
azure,powerbi,2024-10-01,194,1410,586,2880,0.1375886524822695,0.6762036162951129
azure,python,2024-10-01,391,1410,573,2880,0.2773049645390071,1.3937841149604544
azure,scala,2024-10-01,194,1410,586,2880,0.1375886524822695,0.6762036162951129
azure,snowflake,2024-10-01,82,1410,718,2880,0.05815602836879433,0.2332720915071416
azure,spark,2024-10-01,388,1410,570,2880,0.275177304964539,1.3903695408734602
azure,sql,2024-10-01,388,1410,570,2880,0.275177304964539,1.3903695408734602
azure,tableau,2024-10-01,194,1410,586,2880,0.1375886524822695,0.6762036162951129
azure,terraform,2024-10-01,193,1410,585,2880,0.13687943262411348,0.6738679759956355
databricks,airflow,2024-10-01,65,562,555,2880,0.11565836298932385,0.6001731268635183
databricks,aws,2024-10-01,562,562,1807,2880,1.0,1.5938018815716657
databricks,azure,2024-10-01,80,562,1410,2880,0.1423487544483986,0.290754902703112
databricks,docker,2024-10-01,67,562,472,2880,0.11921708185053381,0.7274262621388503
databricks,gcp,2024-10-01,80,562,360,2880,0.1423487544483986,1.1387900355871887
databricks,hive,2024-10-01,65,562,374,2880,0.11565836298932385,0.8906312444097665
databricks,java,2024-10-01,200,562,586,2880,0.35587188612099646,1.7489949352021668
databricks,kafka,2024-10-01,65,562,457,2880,0.11565836298932385,0.7288754604141197
databricks,kubernetes,2024-10-01,65,562,585,2880,0.11565836298932385,0.5693950177935944
databricks,powerbi,2024-10-01,290,562,586,2880,0.5160142348754448,2.5360426560431417
databricks,python,2024-10-01,66,562,573,2880,0.11743772241992882,0.5902628980268674
databricks,scala,2024-10-01,65,562,586,2880,0.11565836298932385,0.5684233539407042
databricks,spark,2024-10-01,65,562,570,2880,0.11565836298932385,0.5843790972092152
databricks,sql,2024-10-01,66,562,570,2880,0.11743772241992882,0.5933695448585877
databricks,tableau,2024-10-01,202,562,586,2880,0.3594306049822064,1.7664848845541885
databricks,terraform,2024-10-01,65,562,585,2880,0.11565836298932385,0.5693950177935944
dbt,airflow,2024-10-01,24,359,555,2880,0.06685236768802229,0.3469095836783859
dbt,aws,2024-10-01,359,359,1807,2880,1.0,1.5938018815716657
dbt,azure,2024-10-01,20,359,1410,2880,0.055710306406685235,0.11379126414982517
dbt,docker,2024-10-01,84,359,472,2880,0.233983286908078,1.427694631981493
dbt,gcp,2024-10-01,66,359,360,2880,0.18384401114206128,1.4707520891364902
dbt,hive,2024-10-01,16,359,374,2880,0.04456824512534819,0.34319932075134435
dbt,java,2024-10-01,24,359,586,2880,0.06685236768802229,0.3285577115042733
dbt,kafka,2024-10-01,61,359,457,2880,0.16991643454038996,1.0708081651560681
dbt,kubernetes,2024-10-01,171,359,585,2880,0.4763231197771588,2.3449753589029356
dbt,powerbi,2024-10-01,66,359,586,2880,0.18384401114206128,0.9035337066367517
dbt,python,2024-10-01,66,359,573,2880,0.18384401114206128,0.9240327261590515
dbt,scala,2024-10-01,97,359,586,2880,0.27019498607242337,1.3279207506631048
dbt,snowflake,2024-10-01,359,359,718,2880,1.0,4.011142061281337
dbt,spark,2024-10-01,66,359,570,2880,0.18384401114206128,0.9288960562967307
dbt,sql,2024-10-01,24,359,570,2880,0.06685236768802229,0.33778038410790207
dbt,tableau,2024-10-01,24,359,586,2880,0.06685236768802229,0.3285577115042733
dbt,terraform,2024-10-01,144,359,585,2880,0.4011142061281337,1.974716091707735
docker,airflow,2024-10-01,58,472,555,2880,0.1228813559322034,0.6376546037562987
docker,aws,2024-10-01,331,472,1807,2880,0.701271186440678,1.117687336441147
docker,azure,2024-10-01,178,472,1410,2880,0.3771186440677966,0.7702848900108186
docker,databricks,2024-10-01,67,472,562,2880,0.1419491525423729,0.7274262621388503
docker,dbt,2024-10-01,84,472,359,2880,0.17796610169491525,1.427694631981493
docker,gcp,2024-10-01,46,472,360,2880,0.09745762711864407,0.7796610169491526
docker,hadoop,2024-10-01,62,472,518,2880,0.13135593220338984,0.7303186964203914
docker,hive,2024-10-01,32,472,374,2880,0.06779661016949153,0.5220701531768331
docker,java,2024-10-01,75,472,586,2880,0.15889830508474576,0.7809336495632556
docker,kafka,2024-10-01,51,472,457,2880,0.10805084745762712,0.6809331305863591
docker,kubernetes,2024-10-01,75,472,585,2880,0.15889830508474576,0.7822685788787483
docker,powerbi,2024-10-01,75,472,586,2880,0.15889830508474576,0.7809336495632556
docker,python,2024-10-01,59,472,573,2880,0.125,0.6282722513089005
docker,scala,2024-10-01,75,472,586,2880,0.15889830508474576,0.7809336495632556
docker,snowflake,2024-10-01,202,472,718,2880,0.4279661016949153,1.7166328313110806
docker,spark,2024-10-01,59,472,570,2880,0.125,0.631578947368421
docker,sql,2024-10-01,59,472,570,2880,0.125,0.631578947368421
docker,tableau,2024-10-01,75,472,586,2880,0.15889830508474576,0.7809336495632556
docker,terraform,2024-10-01,75,472,585,2880,0.15889830508474576,0.7822685788787483
gcp,airflow,2024-10-01,51,360,555,2880,0.14166666666666666,0.7351351351351352
gcp,aws,2024-10-01,219,360,1807,2880,0.6083333333333333,0.96956281128943
gcp,azure,2024-10-01,164,360,1410,2880,0.45555555555555555,0.9304964539007092
gcp,databricks,2024-10-01,80,360,562,2880,0.2222222222222222,1.1387900355871887
gcp,dbt,2024-10-01,66,360,359,2880,0.18333333333333332,1.4707520891364902
gcp,docker,2024-10-01,46,360,472,2880,0.12777777777777777,0.7796610169491526
gcp,hadoop,2024-10-01,68,360,518,2880,0.18888888888888888,1.05019305019305
gcp,hive,2024-10-01,25,360,374,2880,0.06944444444444445,0.5347593582887701
gcp,java,2024-10-01,53,360,586,2880,0.14722222222222223,0.7235494880546075
gcp,kafka,2024-10-01,44,360,457,2880,0.12222222222222222,0.7702407002188184
gcp,kubernetes,2024-10-01,53,360,585,2880,0.14722222222222223,0.7247863247863248
gcp,powerbi,2024-10-01,53,360,586,2880,0.14722222222222223,0.7235494880546075
gcp,python,2024-10-01,52,360,573,2880,0.14444444444444443,0.7260034904013961
gcp,scala,2024-10-01,53,360,586,2880,0.14722222222222223,0.7235494880546075
gcp,snowflake,2024-10-01,90,360,718,2880,0.25,1.0027855153203342
gcp,spark,2024-10-01,52,360,570,2880,0.14444444444444443,0.7298245614035088
gcp,sql,2024-10-01,52,360,570,2880,0.14444444444444443,0.7298245614035088
gcp,tableau,2024-10-01,53,360,586,2880,0.14722222222222223,0.7235494880546075
gcp,terraform,2024-10-01,53,360,585,2880,0.14722222222222223,0.7247863247863248
hadoop,airflow,2024-10-01,63,518,555,2880,0.12162162162162163,0.631117604090577
hadoop,aws,2024-10-01,62,518,1807,2880,0.11969111969111969,0.19076393177112602
hadoop,azure,2024-10-01,518,518,1410,2880,1.0,2.0425531914893615
hadoop,docker,2024-10-01,62,518,472,2880,0.11969111969111969,0.7303186964203914
hadoop,gcp,2024-10-01,68,518,360,2880,0.13127413127413126,1.05019305019305
hadoop,hive,2024-10-01,63,518,374,2880,0.12162162162162163,0.9365515247868189
hadoop,java,2024-10-01,62,518,586,2880,0.11969111969111969,0.5882430455809295
hadoop,kafka,2024-10-01,63,518,457,2880,0.12162162162162163,0.7664557336329765
hadoop,kubernetes,2024-10-01,62,518,585,2880,0.11969111969111969,0.5892485892485892
hadoop,powerbi,2024-10-01,62,518,586,2880,0.11969111969111969,0.5882430455809295
hadoop,python,2024-10-01,183,518,573,2880,0.3532818532818533,1.7756574824637652
hadoop,scala,2024-10-01,62,518,586,2880,0.11969111969111969,0.5882430455809295
hadoop,spark,2024-10-01,173,518,570,2880,0.333976833976834,1.6874618979882139
hadoop,sql,2024-10-01,288,518,570,2880,0.555984555984556,2.8091851249745985
hadoop,tableau,2024-10-01,62,518,586,2880,0.11969111969111969,0.5882430455809295
hadoop,terraform,2024-10-01,62,518,585,2880,0.11969111969111969,0.5892485892485892
hive,airflow,2024-10-01,52,374,555,2880,0.13903743315508021,0.7214915450209568
hive,aws,2024-10-01,205,374,1807,2880,0.5481283422459893,0.8736079832144157
hive,azure,2024-10-01,192,374,1410,2880,0.5133689839572193,1.048583456593469
hive,databricks,2024-10-01,65,374,562,2880,0.17379679144385027,0.8906312444097665
hive,dbt,2024-10-01,16,374,359,2880,0.0427807486631016,0.34319932075134435
hive,docker,2024-10-01,32,374,472,2880,0.0855614973262032,0.5220701531768331
hive,gcp,2024-10-01,25,374,360,2880,0.06684491978609626,0.5347593582887701
hive,hadoop,2024-10-01,63,374,518,2880,0.16844919786096257,0.9365515247868189
hive,java,2024-10-01,54,374,586,2880,0.1443850267379679,0.7096055921592962
hive,kafka,2024-10-01,31,374,457,2880,0.08288770053475936,0.5223557495407154
hive,kubernetes,2024-10-01,54,374,585,2880,0.1443850267379679,0.7108185931715344
hive,powerbi,2024-10-01,54,374,586,2880,0.1443850267379679,0.7096055921592962
hive,python,2024-10-01,67,374,573,2880,0.17914438502673796,0.9004115687207772
hive,scala,2024-10-01,54,374,586,2880,0.1443850267379679,0.7096055921592962
hive,snowflake,2024-10-01,75,374,718,2880,0.20053475935828877,0.8043734080109634
hive,spark,2024-10-01,67,374,570,2880,0.17914438502673796,0.9051505769772024
hive,sql,2024-10-01,67,374,570,2880,0.17914438502673796,0.9051505769772024
hive,tableau,2024-10-01,54,374,586,2880,0.1443850267379679,0.7096055921592962
hive,terraform,2024-10-01,54,374,585,2880,0.1443850267379679,0.7108185931715344
java,airflow,2024-10-01,80,586,555,2880,0.13651877133105803,0.7084217323125173
java,aws,2024-10-01,444,586,1807,2880,0.757679180887372,1.207590504125972
java,azure,2024-10-01,194,586,1410,2880,0.3310580204778157,0.6762036162951129
java,databricks,2024-10-01,200,586,562,2880,0.3412969283276451,1.7489949352021668
java,dbt,2024-10-01,24,586,359,2880,0.040955631399317405,0.3285577115042733
java,docker,2024-10-01,75,586,472,2880,0.12798634812286688,0.7809336495632556
java,gcp,2024-10-01,53,586,360,2880,0.09044368600682594,0.7235494880546075
java,hadoop,2024-10-01,62,586,518,2880,0.10580204778156997,0.5882430455809295
java,hive,2024-10-01,54,586,374,2880,0.09215017064846416,0.7096055921592962
java,kafka,2024-10-01,74,586,457,2880,0.12627986348122866,0.7958118311289685
java,kubernetes,2024-10-01,82,586,585,2880,0.13993174061433447,0.6888947230244159
java,powerbi,2024-10-01,82,586,586,2880,0.13993174061433447,0.6877191347598691
java,python,2024-10-01,81,586,573,2880,0.13822525597269625,0.6947447420617193
java,scala,2024-10-01,82,586,586,2880,0.13993174061433447,0.6877191347598691
java,snowflake,2024-10-01,90,586,718,2880,0.15358361774744028,0.6160457090705125
java,spark,2024-10-01,81,586,570,2880,0.13822525597269625,0.6984012933357284
java,sql,2024-10-01,81,586,570,2880,0.13822525597269625,0.6984012933357284
java,tableau,2024-10-01,82,586,586,2880,0.13993174061433447,0.6877191347598691
java,terraform,2024-10-01,82,586,585,2880,0.13993174061433447,0.6888947230244159
kafka,airflow,2024-10-01,58,457,555,2880,0.12691466083150985,0.6585841859364835
kafka,aws,2024-10-01,210,457,1807,2880,0.45951859956236324,0.7323816085996714
kafka,azure,2024-10-01,275,457,1410,2880,0.6017505470459519,1.2291075003491783
kafka,databricks,2024-10-01,65,457,562,2880,0.1422319474835886,0.7288754604141197
kafka,dbt,2024-10-01,61,457,359,2880,0.13347921225382933,1.0708081651560681
kafka,docker,2024-10-01,51,457,472,2880,0.11159737417943107,0.6809331305863591
kafka,gcp,2024-10-01,44,457,360,2880,0.0962800875273523,0.7702407002188184
kafka,hadoop,2024-10-01,63,457,518,2880,0.13785557986870897,0.7664557336329765
kafka,hive,2024-10-01,31,457,374,2880,0.06783369803063458,0.5223557495407154
kafka,java,2024-10-01,74,457,586,2880,0.16192560175054704,0.7958118311289685
kafka,kubernetes,2024-10-01,73,457,585,2880,0.15973741794310722,0.7863995960276048
kafka,powerbi,2024-10-01,74,457,586,2880,0.16192560175054704,0.7958118311289685
kafka,python,2024-10-01,62,457,573,2880,0.13566739606126915,0.6818884828210386
kafka,scala,2024-10-01,74,457,586,2880,0.16192560175054704,0.7958118311289685
kafka,snowflake,2024-10-01,80,457,718,2880,0.175054704595186,0.7021692886269298
kafka,spark,2024-10-01,59,457,570,2880,0.12910284463894967,0.652309109754693
kafka,sql,2024-10-01,59,457,570,2880,0.12910284463894967,0.652309109754693
kafka,tableau,2024-10-01,74,457,586,2880,0.16192560175054704,0.7958118311289685
kafka,terraform,2024-10-01,73,457,585,2880,0.15973741794310722,0.7863995960276048
kubernetes,airflow,2024-10-01,80,585,555,2880,0.13675213675213677,0.7096327096327096
kubernetes,aws,2024-10-01,444,585,1807,2880,0.7589743589743589,1.2096547613979822
kubernetes,azure,2024-10-01,193,585,1410,2880,0.3299145299145299,0.6738679759956355
kubernetes,databricks,2024-10-01,65,585,562,2880,0.1111111111111111,0.5693950177935944
kubernetes,dbt,2024-10-01,171,585,359,2880,0.2923076923076923,2.3449753589029356
kubernetes,docker,2024-10-01,75,585,472,2880,0.1282051282051282,0.7822685788787483
kubernetes,gcp,2024-10-01,53,585,360,2880,0.0905982905982906,0.7247863247863248
kubernetes,hadoop,2024-10-01,62,585,518,2880,0.10598290598290598,0.5892485892485892
kubernetes,hive,2024-10-01,54,585,374,2880,0.09230769230769231,0.7108185931715344
kubernetes,java,2024-10-01,82,585,586,2880,0.14017094017094017,0.6888947230244159
kubernetes,kafka,2024-10-01,73,585,457,2880,0.12478632478632479,0.7863995960276048
kubernetes,powerbi,2024-10-01,82,585,586,2880,0.14017094017094017,0.6888947230244159
kubernetes,python,2024-10-01,81,585,573,2880,0.13846153846153847,0.6959323399113975
kubernetes,scala,2024-10-01,82,585,586,2880,0.14017094017094017,0.6888947230244159
kubernetes,snowflake,2024-10-01,315,585,718,2880,0.5384615384615384,2.159845725305335
kubernetes,spark,2024-10-01,81,585,570,2880,0.13846153846153847,0.6995951417004048
kubernetes,sql,2024-10-01,81,585,570,2880,0.13846153846153847,0.6995951417004048
kubernetes,tableau,2024-10-01,82,585,586,2880,0.14017094017094017,0.6888947230244159
kubernetes,terraform,2024-10-01,82,585,585,2880,0.14017094017094017,0.6900723208415516
powerbi,airflow,2024-10-01,80,586,555,2880,0.13651877133105803,0.7084217323125173
powerbi,aws,2024-10-01,444,586,1807,2880,0.757679180887372,1.207590504125972
powerbi,azure,2024-10-01,194,586,1410,2880,0.3310580204778157,0.6762036162951129
powerbi,databricks,2024-10-01,290,586,562,2880,0.4948805460750853,2.5360426560431417
powerbi,dbt,2024-10-01,66,586,359,2880,0.11262798634812286,0.9035337066367517
powerbi,docker,2024-10-01,75,586,472,2880,0.12798634812286688,0.7809336495632556
powerbi,gcp,2024-10-01,53,586,360,2880,0.09044368600682594,0.7235494880546075
powerbi,hadoop,2024-10-01,62,586,518,2880,0.10580204778156997,0.5882430455809295
powerbi,hive,2024-10-01,54,586,374,2880,0.09215017064846416,0.7096055921592962
powerbi,java,2024-10-01,82,586,586,2880,0.13993174061433447,0.6877191347598691
powerbi,kafka,2024-10-01,74,586,457,2880,0.12627986348122866,0.7958118311289685
powerbi,kubernetes,2024-10-01,82,586,585,2880,0.13993174061433447,0.6888947230244159
powerbi,python,2024-10-01,81,586,573,2880,0.13822525597269625,0.6947447420617193
powerbi,scala,2024-10-01,82,586,586,2880,0.13993174061433447,0.6877191347598691
powerbi,snowflake,2024-10-01,90,586,718,2880,0.15358361774744028,0.6160457090705125
powerbi,spark,2024-10-01,81,586,570,2880,0.13822525597269625,0.6984012933357284
powerbi,sql,2024-10-01,81,586,570,2880,0.13822525597269625,0.6984012933357284
powerbi,tableau,2024-10-01,82,586,586,2880,0.13993174061433447,0.6877191347598691
powerbi,terraform,2024-10-01,82,586,585,2880,0.13993174061433447,0.6888947230244159
python,airflow,2024-10-01,80,573,555,2880,0.13961605584642234,0.7244941276354889
python,aws,2024-10-01,232,573,1807,2880,0.4048865619546248,0.6453089642663637
python,azure,2024-10-01,391,573,1410,2880,0.6823734729493892,1.3937841149604544
python,databricks,2024-10-01,66,573,562,2880,0.11518324607329843,0.5902628980268674
python,dbt,2024-10-01,66,573,359,2880,0.11518324607329843,0.9240327261590515
python,docker,2024-10-01,59,573,472,2880,0.10296684118673648,0.6282722513089005
python,gcp,2024-10-01,52,573,360,2880,0.09075043630017451,0.7260034904013961
python,hadoop,2024-10-01,183,573,518,2880,0.3193717277486911,1.7756574824637652
python,hive,2024-10-01,67,573,374,2880,0.1169284467713787,0.9004115687207772
python,java,2024-10-01,81,573,586,2880,0.14136125654450263,0.6947447420617193
python,kafka,2024-10-01,62,573,457,2880,0.1082024432809773,0.6818884828210386
python,kubernetes,2024-10-01,81,573,585,2880,0.14136125654450263,0.6959323399113975
python,powerbi,2024-10-01,81,573,586,2880,0.14136125654450263,0.6947447420617193
python,scala,2024-10-01,81,573,586,2880,0.14136125654450263,0.6947447420617193
python,snowflake,2024-10-01,90,573,718,2880,0.15706806282722513,0.6300223132902624
python,spark,2024-10-01,81,573,570,2880,0.14136125654450263,0.7142463488564342
python,sql,2024-10-01,81,573,570,2880,0.14136125654450263,0.7142463488564342
python,tableau,2024-10-01,81,573,586,2880,0.14136125654450263,0.6947447420617193
python,terraform,2024-10-01,81,573,585,2880,0.14136125654450263,0.6959323399113975
scala,airflow,2024-10-01,80,586,555,2880,0.13651877133105803,0.7084217323125173
scala,aws,2024-10-01,444,586,1807,2880,0.757679180887372,1.207590504125972
scala,azure,2024-10-01,194,586,1410,2880,0.3310580204778157,0.6762036162951129
scala,databricks,2024-10-01,65,586,562,2880,0.11092150170648464,0.5684233539407042
scala,dbt,2024-10-01,97,586,359,2880,0.16552901023890784,1.3279207506631048
scala,docker,2024-10-01,75,586,472,2880,0.12798634812286688,0.7809336495632556
scala,gcp,2024-10-01,53,586,360,2880,0.09044368600682594,0.7235494880546075
scala,hadoop,2024-10-01,62,586,518,2880,0.10580204778156997,0.5882430455809295
scala,hive,2024-10-01,54,586,374,2880,0.09215017064846416,0.7096055921592962
scala,java,2024-10-01,82,586,586,2880,0.13993174061433447,0.6877191347598691
scala,kafka,2024-10-01,74,586,457,2880,0.12627986348122866,0.7958118311289685
scala,kubernetes,2024-10-01,82,586,585,2880,0.13993174061433447,0.6888947230244159
scala,powerbi,2024-10-01,82,586,586,2880,0.13993174061433447,0.6877191347598691
scala,python,2024-10-01,81,586,573,2880,0.13822525597269625,0.6947447420617193
scala,snowflake,2024-10-01,156,586,718,2880,0.26621160409556316,1.0678125623888883
scala,spark,2024-10-01,81,586,570,2880,0.13822525597269625,0.6984012933357284
scala,sql,2024-10-01,81,586,570,2880,0.13822525597269625,0.6984012933357284
scala,tableau,2024-10-01,82,586,586,2880,0.13993174061433447,0.6877191347598691
scala,terraform,2024-10-01,82,586,585,2880,0.13993174061433447,0.6888947230244159
snowflake,airflow,2024-10-01,90,718,555,2880,0.12534818941504178,0.6504554693969736
snowflake,aws,2024-10-01,718,718,1807,2880,1.0,1.5938018815716657
snowflake,azure,2024-10-01,82,718,1410,2880,0.11420612813370473,0.2332720915071416
snowflake,dbt,2024-10-01,359,718,359,2880,0.5,4.011142061281337
snowflake,docker,2024-10-01,202,718,472,2880,0.28133704735376047,1.7166328313110806
snowflake,gcp,2024-10-01,90,718,360,2880,0.12534818941504178,1.0027855153203342
snowflake,hive,2024-10-01,75,718,374,2880,0.10445682451253482,0.8043734080109634
snowflake,java,2024-10-01,90,718,586,2880,0.12534818941504178,0.6160457090705125
snowflake,kafka,2024-10-01,80,718,457,2880,0.11142061281337047,0.7021692886269298
snowflake,kubernetes,2024-10-01,315,718,585,2880,0.4387186629526462,2.159845725305335
snowflake,powerbi,2024-10-01,90,718,586,2880,0.12534818941504178,0.6160457090705125
snowflake,python,2024-10-01,90,718,573,2880,0.12534818941504178,0.6300223132902624
snowflake,scala,2024-10-01,156,718,586,2880,0.21727019498607242,1.0678125623888883
snowflake,spark,2024-10-01,90,718,570,2880,0.12534818941504178,0.6333382202023163
snowflake,sql,2024-10-01,90,718,570,2880,0.12534818941504178,0.6333382202023163
snowflake,tableau,2024-10-01,90,718,586,2880,0.12534818941504178,0.6160457090705125
snowflake,terraform,2024-10-01,315,718,585,2880,0.4387186629526462,2.159845725305335
spark,airflow,2024-10-01,79,570,555,2880,0.13859649122807016,0.719203413940256
spark,aws,2024-10-01,232,570,1807,2880,0.4070175438596491,0.6487053272361868
spark,azure,2024-10-01,388,570,1410,2880,0.6807017543859649,1.3903695408734602
spark,databricks,2024-10-01,65,570,562,2880,0.11403508771929824,0.5843790972092152
spark,dbt,2024-10-01,66,570,359,2880,0.11578947368421053,0.9288960562967307
spark,docker,2024-10-01,59,570,472,2880,0.10350877192982456,0.631578947368421
spark,gcp,2024-10-01,52,570,360,2880,0.0912280701754386,0.7298245614035088
spark,hadoop,2024-10-01,173,570,518,2880,0.30350877192982456,1.6874618979882139
spark,hive,2024-10-01,67,570,374,2880,0.11754385964912281,0.9051505769772024
spark,java,2024-10-01,81,570,586,2880,0.14210526315789473,0.6984012933357284
spark,kafka,2024-10-01,59,570,457,2880,0.10350877192982456,0.652309109754693
spark,kubernetes,2024-10-01,81,570,585,2880,0.14210526315789473,0.6995951417004048
spark,powerbi,2024-10-01,81,570,586,2880,0.14210526315789473,0.6984012933357284
spark,python,2024-10-01,81,570,573,2880,0.14210526315789473,0.7142463488564342
spark,scala,2024-10-01,81,570,586,2880,0.14210526315789473,0.6984012933357284
spark,snowflake,2024-10-01,90,570,718,2880,0.15789473684210525,0.6333382202023163
spark,sql,2024-10-01,80,570,570,2880,0.14035087719298245,0.7091412742382271
spark,tableau,2024-10-01,81,570,586,2880,0.14210526315789473,0.6984012933357284
spark,terraform,2024-10-01,81,570,585,2880,0.14210526315789473,0.6995951417004048
sql,airflow,2024-10-01,79,570,555,2880,0.13859649122807016,0.719203413940256
sql,aws,2024-10-01,232,570,1807,2880,0.4070175438596491,0.6487053272361868
sql,azure,2024-10-01,388,570,1410,2880,0.6807017543859649,1.3903695408734602
sql,databricks,2024-10-01,66,570,562,2880,0.11578947368421053,0.5933695448585877
sql,dbt,2024-10-01,24,570,359,2880,0.042105263157894736,0.33778038410790207
sql,docker,2024-10-01,59,570,472,2880,0.10350877192982456,0.631578947368421
sql,gcp,2024-10-01,52,570,360,2880,0.0912280701754386,0.7298245614035088
sql,hadoop,2024-10-01,288,570,518,2880,0.5052631578947369,2.8091851249745985
sql,hive,2024-10-01,67,570,374,2880,0.11754385964912281,0.9051505769772024
sql,java,2024-10-01,81,570,586,2880,0.14210526315789473,0.6984012933357284
sql,kafka,2024-10-01,59,570,457,2880,0.10350877192982456,0.652309109754693
sql,kubernetes,2024-10-01,81,570,585,2880,0.14210526315789473,0.6995951417004048
sql,powerbi,2024-10-01,81,570,586,2880,0.14210526315789473,0.6984012933357284
sql,python,2024-10-01,81,570,573,2880,0.14210526315789473,0.7142463488564342
sql,scala,2024-10-01,81,570,586,2880,0.14210526315789473,0.6984012933357284
sql,snowflake,2024-10-01,90,570,718,2880,0.15789473684210525,0.6333382202023163
sql,spark,2024-10-01,80,570,570,2880,0.14035087719298245,0.7091412742382271
sql,tableau,2024-10-01,81,570,586,2880,0.14210526315789473,0.6984012933357284
sql,terraform,2024-10-01,81,570,585,2880,0.14210526315789473,0.6995951417004048
tableau,airflow,2024-10-01,80,586,555,2880,0.13651877133105803,0.7084217323125173
tableau,aws,2024-10-01,444,586,1807,2880,0.757679180887372,1.207590504125972
tableau,azure,2024-10-01,194,586,1410,2880,0.3310580204778157,0.6762036162951129
tableau,databricks,2024-10-01,202,586,562,2880,0.3447098976109215,1.7664848845541885
tableau,dbt,2024-10-01,24,586,359,2880,0.040955631399317405,0.3285577115042733
tableau,docker,2024-10-01,75,586,472,2880,0.12798634812286688,0.7809336495632556
tableau,gcp,2024-10-01,53,586,360,2880,0.09044368600682594,0.7235494880546075
tableau,hadoop,2024-10-01,62,586,518,2880,0.10580204778156997,0.5882430455809295
tableau,hive,2024-10-01,54,586,374,2880,0.09215017064846416,0.7096055921592962
tableau,java,2024-10-01,82,586,586,2880,0.13993174061433447,0.6877191347598691
tableau,kafka,2024-10-01,74,586,457,2880,0.12627986348122866,0.7958118311289685
tableau,kubernetes,2024-10-01,82,586,585,2880,0.13993174061433447,0.6888947230244159
tableau,powerbi,2024-10-01,82,586,586,2880,0.13993174061433447,0.6877191347598691
tableau,python,2024-10-01,81,586,573,2880,0.13822525597269625,0.6947447420617193
tableau,scala,2024-10-01,82,586,586,2880,0.13993174061433447,0.6877191347598691
tableau,snowflake,2024-10-01,90,586,718,2880,0.15358361774744028,0.6160457090705125
tableau,spark,2024-10-01,81,586,570,2880,0.13822525597269625,0.6984012933357284
tableau,sql,2024-10-01,81,586,570,2880,0.13822525597269625,0.6984012933357284
tableau,terraform,2024-10-01,82,586,585,2880,0.13993174061433447,0.6888947230244159
terraform,airflow,2024-10-01,80,585,555,2880,0.13675213675213677,0.7096327096327096
terraform,aws,2024-10-01,444,585,1807,2880,0.7589743589743589,1.2096547613979822
terraform,azure,2024-10-01,193,585,1410,2880,0.3299145299145299,0.6738679759956355
terraform,databricks,2024-10-01,65,585,562,2880,0.1111111111111111,0.5693950177935944
terraform,dbt,2024-10-01,144,585,359,2880,0.24615384615384617,1.974716091707735
terraform,docker,2024-10-01,75,585,472,2880,0.1282051282051282,0.7822685788787483
terraform,gcp,2024-10-01,53,585,360,2880,0.0905982905982906,0.7247863247863248
terraform,hadoop,2024-10-01,62,585,518,2880,0.10598290598290598,0.5892485892485892
terraform,hive,2024-10-01,54,585,374,2880,0.09230769230769231,0.7108185931715344
terraform,java,2024-10-01,82,585,586,2880,0.14017094017094017,0.6888947230244159
terraform,kafka,2024-10-01,73,585,457,2880,0.12478632478632479,0.7863995960276048
terraform,kubernetes,2024-10-01,82,585,585,2880,0.14017094017094017,0.6900723208415516
terraform,powerbi,2024-10-01,82,585,586,2880,0.14017094017094017,0.6888947230244159
terraform,python,2024-10-01,81,585,573,2880,0.13846153846153847,0.6959323399113975
terraform,scala,2024-10-01,82,585,586,2880,0.14017094017094017,0.6888947230244159
terraform,snowflake,2024-10-01,315,585,718,2880,0.5384615384615384,2.159845725305335
terraform,spark,2024-10-01,81,585,570,2880,0.13846153846153847,0.6995951417004048
terraform,sql,2024-10-01,81,585,570,2880,0.13846153846153847,0.6995951417004048
terraform,tableau,2024-10-01,82,585,586,2880,0.14017094017094017,0.6888947230244159
airflow,aws,2024-11-01,53,357,586,2880,0.1484593837535014,0.7296297358533858
airflow,azure,2024-11-01,336,357,2727,2880,0.9411764705882353,0.9939817511162881
airflow,databricks,2024-11-01,81,357,580,2880,0.226890756302521,1.1266299623297595
airflow,dbt,2024-11-01,24,357,370,2880,0.06722689075630252,0.5232795821031115
airflow,docker,2024-11-01,53,357,585,2880,0.1484593837535014,0.7308769661710838
airflow,gcp,2024-11-01,74,357,739,2880,0.20728291316526612,0.8078143300622008
airflow,hadoop,2024-11-01,53,357,480,2880,0.1484593837535014,0.8907563025210085
airflow,hive,2024-11-01,50,357,541,2880,0.1400560224089636,0.7455847403656471
airflow,java,2024-11-01,52,357,569,2880,0.14565826330532214,0.7372509636543545
airflow,kafka,2024-11-01,24,357,361,2880,0.06722689075630252,0.5363253334574827
airflow,kubernetes,2024-11-01,53,357,585,2880,0.1484593837535014,0.7308769661710838
airflow,powerbi,2024-11-01,52,357,562,2880,0.14565826330532214,0.7464338048386614
airflow,python,2024-11-01,44,357,499,2880,0.12324929971988796,0.7113386436739024
airflow,scala,2024-11-01,52,357,569,2880,0.14565826330532214,0.7372509636543545
airflow,snowflake,2024-11-01,92,357,740,2880,0.25770308123249297,1.0029525323642972
airflow,spark,2024-11-01,21,357,330,2880,0.058823529411764705,0.5133689839572193
airflow,sql,2024-11-01,21,357,330,2880,0.058823529411764705,0.5133689839572193
airflow,tableau,2024-11-01,48,357,506,2880,0.13445378151260504,0.765270535091507
airflow,terraform,2024-11-01,53,357,581,2880,0.1484593837535014,0.7359088213598692
aws,airflow,2024-11-01,53,586,357,2880,0.09044368600682594,0.7296297358533858
aws,azure,2024-11-01,561,586,2727,2880,0.9573378839590444,1.011049910451796
aws,databricks,2024-11-01,66,586,580,2880,0.11262798634812286,0.5592562080734377
aws,dbt,2024-11-01,172,586,370,2880,0.2935153583617747,2.284660086707868
aws,docker,2024-11-01,82,586,585,2880,0.13993174061433447,0.6888947230244159
aws,gcp,2024-11-01,107,586,739,2880,0.1825938566552901,0.7115971680206163
aws,hadoop,2024-11-01,60,586,480,2880,0.10238907849829351,0.6143344709897611
aws,hive,2024-11-01,79,586,541,2880,0.1348122866894198,0.717669844113732
aws,java,2024-11-01,81,586,569,2880,0.13822525597269625,0.6996287121289371
aws,kafka,2024-11-01,53,586,361,2880,0.09044368600682594,0.72154519584393
aws,kubernetes,2024-11-01,82,586,585,2880,0.13993174061433447,0.6888947230244159
aws,powerbi,2024-11-01,81,586,562,2880,0.13822525597269625,0.7083429487568775
aws,python,2024-11-01,77,586,499,2880,0.13139931740614336,0.758376821903192
aws,scala,2024-11-01,81,586,569,2880,0.13822525597269625,0.6996287121289371
aws,snowflake,2024-11-01,316,586,740,2880,0.5392491467576792,2.0986993819758326
aws,spark,2024-11-01,51,586,330,2880,0.08703071672354949,0.7595408004964319
aws,sql,2024-11-01,51,586,330,2880,0.08703071672354949,0.7595408004964319
aws,tableau,2024-11-01,77,586,506,2880,0.13139931740614336,0.747885442944057
aws,terraform,2024-11-01,82,586,581,2880,0.13993174061433447,0.6936375438369764
azure,airflow,2024-11-01,336,2727,357,2880,0.12321232123212321,0.9939817511162881
azure,aws,2024-11-01,561,2727,586,2880,0.20572057205720573,1.011049910451796
azure,databricks,2024-11-01,580,2727,580,2880,0.2126879354602127,1.056105610561056
azure,dbt,2024-11-01,370,2727,370,2880,0.13568023469013568,1.056105610561056
azure,docker,2024-11-01,561,2727,585,2880,0.20572057205720573,1.0127782008970128
azure,gcp,2024-11-01,586,2727,739,2880,0.21488815548221488,0.8374531634489565
azure,hadoop,2024-11-01,480,2727,480,2880,0.17601760176017603,1.056105610561056
azure,hive,2024-11-01,516,2727,541,2880,0.18921892189218922,1.0073022089639647
azure,java,2024-11-01,545,2727,569,2880,0.19985331866519984,1.011559855458305
azure,kafka,2024-11-01,336,2727,361,2880,0.12321232123212321,0.9829681029044732
azure,kubernetes,2024-11-01,561,2727,585,2880,0.20572057205720573,1.0127782008970128
azure,powerbi,2024-11-01,545,2727,562,2880,0.19985331866519984,1.0241593554373232
azure,python,2024-11-01,346,2727,499,2880,0.12687935460212688,0.7322896618319147
azure,scala,2024-11-01,545,2727,569,2880,0.19985331866519984,1.011559855458305
azure,snowflake,2024-11-01,740,2727,740,2880,0.27136046938027136,1.056105610561056
azure,spark,2024-11-01,320,2727,330,2880,0.11734506784011735,1.024102410241024
azure,sql,2024-11-01,320,2727,330,2880,0.11734506784011735,1.024102410241024
azure,tableau,2024-11-01,496,2727,506,2880,0.1818848551521819,1.0352339581784264
azure,terraform,2024-11-01,557,2727,581,2880,0.20425375870920426,1.012479905477639
databricks,airflow,2024-11-01,81,580,357,2880,0.1396551724137931,1.1266299623297595
databricks,aws,2024-11-01,66,580,586,2880,0.11379310344827587,0.5592562080734377
databricks,azure,2024-11-01,580,580,2727,2880,1.0,1.056105610561056
databricks,docker,2024-11-01,269,580,585,2880,0.46379310344827585,2.283289124668435
databricks,gcp,2024-11-01,67,580,739,2880,0.11551724137931034,0.45018897858242735
databricks,hive,2024-11-01,77,580,541,2880,0.13275862068965516,0.7067372044107336
databricks,java,2024-11-01,66,580,569,2880,0.11379310344827587,0.5759650930246651
databricks,kafka,2024-11-01,81,580,361,2880,0.1396551724137931,1.1141465278441112
databricks,kubernetes,2024-11-01,292,580,585,2880,0.503448275862069,2.4785145888594164
databricks,powerbi,2024-11-01,66,580,562,2880,0.11379310344827587,0.5831390354644742
databricks,python,2024-11-01,66,580,499,2880,0.11379310344827587,0.656761799460991
databricks,scala,2024-11-01,66,580,569,2880,0.11379310344827587,0.5759650930246651
databricks,spark,2024-11-01,81,580,330,2880,0.1396551724137931,1.2188087774294671
databricks,sql,2024-11-01,74,580,330,2880,0.12758620689655173,1.1134796238244513
databricks,tableau,2024-11-01,66,580,506,2880,0.11379310344827587,0.6476761619190404
databricks,terraform,2024-11-01,153,580,581,2880,0.2637931034482759,1.3076146952341385
dbt,airflow,2024-11-01,24,370,357,2880,0.06486486486486487,0.5232795821031115
dbt,aws,2024-11-01,172,370,586,2880,0.4648648648648649,2.284660086707868
dbt,azure,2024-11-01,370,370,2727,2880,1.0,1.056105610561056
dbt,docker,2024-11-01,24,370,585,2880,0.06486486486486487,0.31933471933471935
dbt,gcp,2024-11-01,76,370,739,2880,0.20540540540540542,0.8004973850711333
dbt,hive,2024-11-01,120,370,541,2880,0.32432432432432434,1.7265324474196933
dbt,java,2024-11-01,24,370,569,2880,0.06486486486486487,0.32831425450054624
dbt,kafka,2024-11-01,67,370,361,2880,0.1810810810810811,1.4446357715055775
dbt,kubernetes,2024-11-01,67,370,585,2880,0.1810810810810811,0.8914760914760915
dbt,powerbi,2024-11-01,67,370,562,2880,0.1810810810810811,0.9279599884582092
dbt,python,2024-11-01,68,370,499,2880,0.1837837837837838,1.0607160266478903
dbt,scala,2024-11-01,67,370,569,2880,0.1810810810810811,0.9165439604806915
dbt,snowflake,2024-11-01,370,370,740,2880,1.0,3.891891891891892
dbt,spark,2024-11-01,61,370,330,2880,0.16486486486486487,1.4388206388206388
dbt,sql,2024-11-01,18,370,330,2880,0.04864864864864865,0.4245700245700246
dbt,tableau,2024-11-01,24,370,506,2880,0.06486486486486487,0.36919132571306484
dbt,terraform,2024-11-01,24,370,581,2880,0.06486486486486487,0.3215332371958878
docker,airflow,2024-11-01,53,585,357,2880,0.0905982905982906,0.7308769661710838
docker,aws,2024-11-01,82,585,586,2880,0.14017094017094017,0.6888947230244159
docker,azure,2024-11-01,561,585,2727,2880,0.958974358974359,1.0127782008970128
docker,databricks,2024-11-01,269,585,580,2880,0.4598290598290598,2.283289124668435
docker,dbt,2024-11-01,24,585,370,2880,0.041025641025641026,0.31933471933471935
docker,gcp,2024-11-01,106,585,739,2880,0.1811965811965812,0.7061517643385031
docker,hadoop,2024-11-01,60,585,480,2880,0.10256410256410256,0.6153846153846154
docker,hive,2024-11-01,79,585,541,2880,0.13504273504273503,0.7188966301720461
docker,java,2024-11-01,81,585,569,2880,0.13846153846153847,0.7008246586453968
docker,kafka,2024-11-01,53,585,361,2880,0.0905982905982906,0.7227786064351162
docker,kubernetes,2024-11-01,82,585,585,2880,0.14017094017094017,0.6900723208415516
docker,powerbi,2024-11-01,80,585,562,2880,0.13675213675213677,0.7007938680536545
docker,python,2024-11-01,76,585,499,2880,0.12991452991452992,0.7498073069215354
docker,scala,2024-11-01,81,585,569,2880,0.13846153846153847,0.7008246586453968
docker,snowflake,2024-11-01,91,585,740,2880,0.15555555555555556,0.6054054054054054
docker,spark,2024-11-01,51,585,330,2880,0.08717948717948718,0.7608391608391608
docker,sql,2024-11-01,51,585,330,2880,0.08717948717948718,0.7608391608391608
docker,tableau,2024-11-01,77,585,506,2880,0.13162393162393163,0.7491638795986622
docker,terraform,2024-11-01,82,585,581,2880,0.14017094017094017,0.6948232490401165
gcp,airflow,2024-11-01,74,739,357,2880,0.10013531799729364,0.8078143300622008
gcp,aws,2024-11-01,107,739,586,2880,0.14479025710419485,0.7115971680206163
gcp,azure,2024-11-01,586,739,2727,2880,0.7929634641407307,0.8374531634489565
gcp,databricks,2024-11-01,67,739,580,2880,0.09066305818673884,0.45018897858242735
gcp,dbt,2024-11-01,76,739,370,2880,0.10284167794316644,0.8004973850711333
gcp,docker,2024-11-01,106,739,585,2880,0.14343707713125844,0.7061517643385031
gcp,hadoop,2024-11-01,60,739,480,2880,0.08119079837618404,0.4871447902571042
gcp,hive,2024-11-01,104,739,541,2880,0.14073071718538566,0.7491764611717388
gcp,java,2024-11-01,105,739,569,2880,0.14208389715832206,0.719159268569363
gcp,kafka,2024-11-01,78,739,361,2880,0.10554803788903924,0.8420452884222521
gcp,kubernetes,2024-11-01,106,739,585,2880,0.14343707713125844,0.7061517643385031
gcp,powerbi,2024-11-01,98,739,562,2880,0.13261163734776726,0.6795756504654265
gcp,python,2024-11-01,230,739,499,2880,0.3112313937753721,1.7962853989440315
gcp,scala,2024-11-01,105,739,569,2880,0.14208389715832206,0.719159268569363
gcp,snowflake,2024-11-01,110,739,740,2880,0.14884979702300405,0.5793073181435834
gcp,spark,2024-11-01,61,739,330,2880,0.08254397834912043,0.7203838110468692
gcp,sql,2024-11-01,61,739,330,2880,0.08254397834912043,0.7203838110468692
gcp,tableau,2024-11-01,87,739,506,2880,0.11772665764546685,0.6700647707884279
gcp,terraform,2024-11-01,106,739,581,2880,0.14343707713125844,0.7110133943855841
hadoop,airflow,2024-11-01,53,480,357,2880,0.11041666666666666,0.8907563025210085
hadoop,aws,2024-11-01,60,480,586,2880,0.125,0.6143344709897611
hadoop,azure,2024-11-01,480,480,2727,2880,1.0,1.056105610561056
hadoop,docker,2024-11-01,60,480,585,2880,0.125,0.6153846153846154
hadoop,gcp,2024-11-01,60,480,739,2880,0.125,0.4871447902571042
hadoop,hive,2024-11-01,60,480,541,2880,0.125,0.6654343807763401
hadoop,java,2024-11-01,285,480,569,2880,0.59375,3.0052724077328645
hadoop,kafka,2024-11-01,60,480,361,2880,0.125,0.997229916897507
hadoop,kubernetes,2024-11-01,60,480,585,2880,0.125,0.6153846153846154
hadoop,powerbi,2024-11-01,83,480,562,2880,0.17291666666666666,0.8861209964412812
hadoop,python,2024-11-01,60,480,499,2880,0.125,0.7214428857715431
hadoop,scala,2024-11-01,232,480,569,2880,0.48333333333333334,2.4463971880492092
hadoop,spark,2024-11-01,45,480,330,2880,0.09375,0.8181818181818182
hadoop,sql,2024-11-01,52,480,330,2880,0.10833333333333334,0.9454545454545454
hadoop,tableau,2024-11-01,60,480,506,2880,0.125,0.7114624505928854
hadoop,terraform,2024-11-01,60,480,581,2880,0.125,0.6196213425129088
hive,airflow,2024-11-01,50,541,357,2880,0.09242144177449169,0.7455847403656471
hive,aws,2024-11-01,79,541,586,2880,0.14602587800369685,0.717669844113732
hive,azure,2024-11-01,516,541,2727,2880,0.9537892791127541,1.0073022089639647
hive,databricks,2024-11-01,77,541,580,2880,0.1423290203327172,0.7067372044107336
hive,dbt,2024-11-01,120,541,370,2880,0.22181146025878004,1.7265324474196933
hive,docker,2024-11-01,79,541,585,2880,0.14602587800369685,0.7188966301720461
hive,gcp,2024-11-01,104,541,739,2880,0.1922365988909427,0.7491764611717388
hive,hadoop,2024-11-01,60,541,480,2880,0.11090573012939002,0.6654343807763401
hive,java,2024-11-01,78,541,569,2880,0.14417744916820702,0.729755805983192
hive,kafka,2024-11-01,50,541,361,2880,0.09242144177449169,0.7373234136025929
hive,kubernetes,2024-11-01,79,541,585,2880,0.14602587800369685,0.7188966301720461
hive,powerbi,2024-11-01,78,541,562,2880,0.14417744916820702,0.7388452911110965
hive,python,2024-11-01,60,541,499,2880,0.11090573012939002,0.6400971999451769
hive,scala,2024-11-01,78,541,569,2880,0.14417744916820702,0.729755805983192
hive,snowflake,2024-11-01,271,541,740,2880,0.5009242144177449,1.949542888544737
hive,spark,2024-11-01,34,541,330,2880,0.06284658040665435,0.548479247185347
hive,sql,2024-11-01,34,541,330,2880,0.06284658040665435,0.548479247185347
hive,tableau,2024-11-01,74,541,506,2880,0.1367837338262477,0.778531923754137
hive,terraform,2024-11-01,79,541,581,2880,0.14602587800369685,0.723846004562215
java,airflow,2024-11-01,52,569,357,2880,0.0913884007029877,0.7372509636543545
java,aws,2024-11-01,81,569,586,2880,0.14235500878734622,0.6996287121289371
java,azure,2024-11-01,545,569,2727,2880,0.9578207381370826,1.011559855458305
java,databricks,2024-11-01,66,569,580,2880,0.11599297012302284,0.5759650930246651
java,dbt,2024-11-01,24,569,370,2880,0.0421792618629174,0.32831425450054624
java,docker,2024-11-01,81,569,585,2880,0.14235500878734622,0.7008246586453968
java,gcp,2024-11-01,105,569,739,2880,0.18453427065026362,0.719159268569363
java,hadoop,2024-11-01,285,569,480,2880,0.5008787346221442,3.0052724077328645
java,hive,2024-11-01,78,569,541,2880,0.13708260105448156,0.729755805983192
java,kafka,2024-11-01,52,569,361,2880,0.0913884007029877,0.7290819779074919
java,kubernetes,2024-11-01,81,569,585,2880,0.14235500878734622,0.7008246586453968
java,powerbi,2024-11-01,79,569,562,2880,0.13884007029876977,0.7114935986840871
java,python,2024-11-01,75,569,499,2880,0.13181019332161686,0.760748209952418
java,scala,2024-11-01,80,569,569,2880,0.140597539543058,0.7116360525202232
java,snowflake,2024-11-01,91,569,740,2880,0.15992970123022848,0.6224291074906189
java,spark,2024-11-01,50,569,330,2880,0.08787346221441125,0.7668956702348618
java,sql,2024-11-01,50,569,330,2880,0.08787346221441125,0.7668956702348618
java,tableau,2024-11-01,61,569,506,2880,0.10720562390158173,0.6101822071868683
java,terraform,2024-11-01,80,569,581,2880,0.140597539543058,0.696937889645451
kafka,airflow,2024-11-01,24,361,357,2880,0.0664819944598338,0.5363253334574827
kafka,aws,2024-11-01,53,361,586,2880,0.14681440443213298,0.72154519584393
kafka,azure,2024-11-01,336,361,2727,2880,0.9307479224376731,0.9829681029044732
kafka,databricks,2024-11-01,81,361,580,2880,0.22437673130193905,1.1141465278441112
kafka,dbt,2024-11-01,67,361,370,2880,0.18559556786703602,1.4446357715055775
kafka,docker,2024-11-01,53,361,585,2880,0.14681440443213298,0.7227786064351162
kafka,gcp,2024-11-01,78,361,739,2880,0.21606648199445982,0.8420452884222521
kafka,hadoop,2024-11-01,60,361,480,2880,0.16620498614958448,0.997229916897507
kafka,hive,2024-11-01,50,361,541,2880,0.13850415512465375,0.7373234136025929
kafka,java,2024-11-01,52,361,569,2880,0.1440443213296399,0.7290819779074919
kafka,kubernetes,2024-11-01,53,361,585,2880,0.14681440443213298,0.7227786064351162
kafka,powerbi,2024-11-01,52,361,562,2880,0.1440443213296399,0.7381630701590087
kafka,python,2024-11-01,48,361,499,2880,0.1329639889196676,0.7674073909592037
kafka,scala,2024-11-01,52,361,569,2880,0.1440443213296399,0.7290819779074919
kafka,snowflake,2024-11-01,91,361,740,2880,0.2520775623268698,0.9810586209478176
kafka,spark,2024-11-01,22,361,330,2880,0.060941828254847646,0.5318559556786704
kafka,sql,2024-11-01,22,361,330,2880,0.060941828254847646,0.5318559556786704
kafka,tableau,2024-11-01,48,361,506,2880,0.1329639889196676,0.7567910831791357
kafka,terraform,2024-11-01,53,361,581,2880,0.14681440443213298,0.7277547069957709
kubernetes,airflow,2024-11-01,53,585,357,2880,0.0905982905982906,0.7308769661710838
kubernetes,aws,2024-11-01,82,585,586,2880,0.14017094017094017,0.6888947230244159
kubernetes,azure,2024-11-01,561,585,2727,2880,0.958974358974359,1.0127782008970128
kubernetes,databricks,2024-11-01,292,585,580,2880,0.49914529914529915,2.4785145888594164
kubernetes,dbt,2024-11-01,67,585,370,2880,0.11452991452991453,0.8914760914760915
kubernetes,docker,2024-11-01,82,585,585,2880,0.14017094017094017,0.6900723208415516
kubernetes,gcp,2024-11-01,106,585,739,2880,0.1811965811965812,0.7061517643385031
kubernetes,hadoop,2024-11-01,60,585,480,2880,0.10256410256410256,0.6153846153846154
kubernetes,hive,2024-11-01,79,585,541,2880,0.13504273504273503,0.7188966301720461
kubernetes,java,2024-11-01,81,585,569,2880,0.13846153846153847,0.7008246586453968
kubernetes,kafka,2024-11-01,53,585,361,2880,0.0905982905982906,0.7227786064351162
kubernetes,powerbi,2024-11-01,80,585,562,2880,0.13675213675213677,0.7007938680536545
kubernetes,python,2024-11-01,76,585,499,2880,0.12991452991452992,0.7498073069215354
kubernetes,scala,2024-11-01,81,585,569,2880,0.13846153846153847,0.7008246586453968
kubernetes,snowflake,2024-11-01,91,585,740,2880,0.15555555555555556,0.6054054054054054
kubernetes,spark,2024-11-01,51,585,330,2880,0.08717948717948718,0.7608391608391608
kubernetes,sql,2024-11-01,51,585,330,2880,0.08717948717948718,0.7608391608391608
kubernetes,tableau,2024-11-01,77,585,506,2880,0.13162393162393163,0.7491638795986622
kubernetes,terraform,2024-11-01,82,585,581,2880,0.14017094017094017,0.6948232490401165
powerbi,airflow,2024-11-01,52,562,357,2880,0.09252669039145907,0.7464338048386614
powerbi,aws,2024-11-01,81,562,586,2880,0.14412811387900357,0.7083429487568775
powerbi,azure,2024-11-01,545,562,2727,2880,0.9697508896797153,1.0241593554373232
powerbi,databricks,2024-11-01,66,562,580,2880,0.11743772241992882,0.5831390354644742
powerbi,dbt,2024-11-01,67,562,370,2880,0.11921708185053381,0.9279599884582092
powerbi,docker,2024-11-01,80,562,585,2880,0.1423487544483986,0.7007938680536545
powerbi,gcp,2024-11-01,98,562,739,2880,0.17437722419928825,0.6795756504654265
powerbi,hadoop,2024-11-01,83,562,480,2880,0.14768683274021352,0.8861209964412812
powerbi,hive,2024-11-01,78,562,541,2880,0.1387900355871886,0.7388452911110965
powerbi,java,2024-11-01,79,562,569,2880,0.14056939501779359,0.7114935986840871
powerbi,kafka,2024-11-01,52,562,361,2880,0.09252669039145907,0.7381630701590087
powerbi,kubernetes,2024-11-01,80,562,585,2880,0.1423487544483986,0.7007938680536545
powerbi,python,2024-11-01,68,562,499,2880,0.12099644128113879,0.6983361741276146
powerbi,scala,2024-11-01,79,562,569,2880,0.14056939501779359,0.7114935986840871
powerbi,snowflake,2024-11-01,91,562,740,2880,0.1619217081850534,0.6301817832066943
powerbi,spark,2024-11-01,50,562,330,2880,0.08896797153024912,0.7764477515367195
powerbi,sql,2024-11-01,50,562,330,2880,0.08896797153024912,0.7764477515367195
powerbi,tableau,2024-11-01,60,562,506,2880,0.10676156583629894,0.6076547620722152
powerbi,terraform,2024-11-01,79,562,581,2880,0.14056939501779359,0.6967983780572212
python,airflow,2024-11-01,44,499,357,2880,0.08817635270541083,0.7113386436739024
python,aws,2024-11-01,77,499,586,2880,0.15430861723446893,0.758376821903192
python,azure,2024-11-01,346,499,2727,2880,0.6933867735470942,0.7322896618319147
python,databricks,2024-11-01,66,499,580,2880,0.13226452905811623,0.656761799460991
python,dbt,2024-11-01,68,499,370,2880,0.13627254509018036,1.0607160266478903
python,docker,2024-11-01,76,499,585,2880,0.1523046092184369,0.7498073069215354
python,gcp,2024-11-01,230,499,739,2880,0.46092184368737477,1.7962853989440315
python,hadoop,2024-11-01,60,499,480,2880,0.12024048096192384,0.7214428857715431
python,hive,2024-11-01,60,499,541,2880,0.12024048096192384,0.6400971999451769
python,java,2024-11-01,75,499,569,2880,0.15030060120240482,0.760748209952418
python,kafka,2024-11-01,48,499,361,2880,0.09619238476953908,0.7674073909592037
python,kubernetes,2024-11-01,76,499,585,2880,0.1523046092184369,0.7498073069215354
python,powerbi,2024-11-01,68,499,562,2880,0.13627254509018036,0.6983361741276146
python,scala,2024-11-01,75,499,569,2880,0.15030060120240482,0.760748209952418
python,snowflake,2024-11-01,92,499,740,2880,0.1843687374749499,0.7175431944971024
python,spark,2024-11-01,31,499,330,2880,0.06212424849699399,0.5421752596101294
python,sql,2024-11-01,31,499,330,2880,0.06212424849699399,0.5421752596101294
python,tableau,2024-11-01,57,499,506,2880,0.11422845691382766,0.6501540630668452
python,terraform,2024-11-01,76,499,581,2880,0.1523046092184369,0.7549694914786543
scala,airflow,2024-11-01,52,569,357,2880,0.0913884007029877,0.7372509636543545
scala,aws,2024-11-01,81,569,586,2880,0.14235500878734622,0.6996287121289371
scala,azure,2024-11-01,545,569,2727,2880,0.9578207381370826,1.011559855458305
scala,databricks,2024-11-01,66,569,580,2880,0.11599297012302284,0.5759650930246651
scala,dbt,2024-11-01,67,569,370,2880,0.11775043936731107,0.9165439604806915
scala,docker,2024-11-01,81,569,585,2880,0.14235500878734622,0.7008246586453968
scala,gcp,2024-11-01,105,569,739,2880,0.18453427065026362,0.719159268569363
scala,hadoop,2024-11-01,232,569,480,2880,0.4077328646748682,2.4463971880492092
scala,hive,2024-11-01,78,569,541,2880,0.13708260105448156,0.729755805983192
scala,java,2024-11-01,80,569,569,2880,0.140597539543058,0.7116360525202232
scala,kafka,2024-11-01,52,569,361,2880,0.0913884007029877,0.7290819779074919
scala,kubernetes,2024-11-01,81,569,585,2880,0.14235500878734622,0.7008246586453968
scala,powerbi,2024-11-01,79,569,562,2880,0.13884007029876977,0.7114935986840871
scala,python,2024-11-01,75,569,499,2880,0.13181019332161686,0.760748209952418
scala,snowflake,2024-11-01,91,569,740,2880,0.15992970123022848,0.6224291074906189
scala,spark,2024-11-01,50,569,330,2880,0.08787346221441125,0.7668956702348618
scala,sql,2024-11-01,50,569,330,2880,0.08787346221441125,0.7668956702348618
scala,tableau,2024-11-01,61,569,506,2880,0.10720562390158173,0.6101822071868683
scala,terraform,2024-11-01,80,569,581,2880,0.140597539543058,0.696937889645451
snowflake,airflow,2024-11-01,92,740,357,2880,0.12432432432432433,1.0029525323642972
snowflake,aws,2024-11-01,316,740,586,2880,0.42702702702702705,2.0986993819758326
snowflake,azure,2024-11-01,740,740,2727,2880,1.0,1.056105610561056
snowflake,dbt,2024-11-01,370,740,370,2880,0.5,3.891891891891892
snowflake,docker,2024-11-01,91,740,585,2880,0.12297297297297298,0.6054054054054054
snowflake,gcp,2024-11-01,110,740,739,2880,0.14864864864864866,0.5793073181435834
snowflake,hive,2024-11-01,271,740,541,2880,0.3662162162162162,1.949542888544737
snowflake,java,2024-11-01,91,740,569,2880,0.12297297297297298,0.6224291074906189
snowflake,kafka,2024-11-01,91,740,361,2880,0.12297297297297298,0.9810586209478176
snowflake,kubernetes,2024-11-01,91,740,585,2880,0.12297297297297298,0.6054054054054054
snowflake,powerbi,2024-11-01,91,740,562,2880,0.12297297297297298,0.6301817832066943
snowflake,python,2024-11-01,92,740,499,2880,0.12432432432432433,0.7175431944971024
snowflake,scala,2024-11-01,91,740,569,2880,0.12297297297297298,0.6224291074906189
snowflake,spark,2024-11-01,77,740,330,2880,0.10405405405405406,0.9081081081081082
snowflake,sql,2024-11-01,80,740,330,2880,0.10810810810810811,0.9434889434889435
snowflake,tableau,2024-11-01,91,740,506,2880,0.12297297297297298,0.6999252216643521
snowflake,terraform,2024-11-01,91,740,581,2880,0.12297297297297298,0.6095734288505373
spark,airflow,2024-11-01,21,330,357,2880,0.06363636363636363,0.5133689839572193
spark,aws,2024-11-01,51,330,586,2880,0.15454545454545454,0.7595408004964319
spark,azure,2024-11-01,320,330,2727,2880,0.9696969696969697,1.024102410241024
spark,databricks,2024-11-01,81,330,580,2880,0.24545454545454545,1.2188087774294671
spark,dbt,2024-11-01,61,330,370,2880,0.18484848484848485,1.4388206388206388
spark,docker,2024-11-01,51,330,585,2880,0.15454545454545454,0.7608391608391608
spark,gcp,2024-11-01,61,330,739,2880,0.18484848484848485,0.7203838110468692
spark,hadoop,2024-11-01,45,330,480,2880,0.13636363636363635,0.8181818181818182
spark,hive,2024-11-01,34,330,541,2880,0.10303030303030303,0.548479247185347
spark,java,2024-11-01,50,330,569,2880,0.15151515151515152,0.7668956702348618
spark,kafka,2024-11-01,22,330,361,2880,0.06666666666666667,0.5318559556786704
spark,kubernetes,2024-11-01,51,330,585,2880,0.15454545454545454,0.7608391608391608
spark,powerbi,2024-11-01,50,330,562,2880,0.15151515151515152,0.7764477515367195
spark,python,2024-11-01,31,330,499,2880,0.09393939393939393,0.5421752596101294
spark,scala,2024-11-01,50,330,569,2880,0.15151515151515152,0.7668956702348618
spark,snowflake,2024-11-01,77,330,740,2880,0.23333333333333334,0.9081081081081082
spark,sql,2024-11-01,20,330,330,2880,0.06060606060606061,0.5289256198347108
spark,tableau,2024-11-01,46,330,506,2880,0.1393939393939394,0.7933884297520661
spark,terraform,2024-11-01,51,330,581,2880,0.15454545454545454,0.7660772961977781
sql,airflow,2024-11-01,21,330,357,2880,0.06363636363636363,0.5133689839572193
sql,aws,2024-11-01,51,330,586,2880,0.15454545454545454,0.7595408004964319
sql,azure,2024-11-01,320,330,2727,2880,0.9696969696969697,1.024102410241024
sql,databricks,2024-11-01,74,330,580,2880,0.22424242424242424,1.1134796238244513
sql,dbt,2024-11-01,18,330,370,2880,0.05454545454545454,0.4245700245700246
sql,docker,2024-11-01,51,330,585,2880,0.15454545454545454,0.7608391608391608
sql,gcp,2024-11-01,61,330,739,2880,0.18484848484848485,0.7203838110468692
sql,hadoop,2024-11-01,52,330,480,2880,0.15757575757575756,0.9454545454545454
sql,hive,2024-11-01,34,330,541,2880,0.10303030303030303,0.548479247185347
sql,java,2024-11-01,50,330,569,2880,0.15151515151515152,0.7668956702348618
sql,kafka,2024-11-01,22,330,361,2880,0.06666666666666667,0.5318559556786704
sql,kubernetes,2024-11-01,51,330,585,2880,0.15454545454545454,0.7608391608391608
sql,powerbi,2024-11-01,50,330,562,2880,0.15151515151515152,0.7764477515367195
sql,python,2024-11-01,31,330,499,2880,0.09393939393939393,0.5421752596101294
sql,scala,2024-11-01,50,330,569,2880,0.15151515151515152,0.7668956702348618
sql,snowflake,2024-11-01,80,330,740,2880,0.24242424242424243,0.9434889434889435
sql,spark,2024-11-01,20,330,330,2880,0.06060606060606061,0.5289256198347108
sql,tableau,2024-11-01,46,330,506,2880,0.1393939393939394,0.7933884297520661
sql,terraform,2024-11-01,51,330,581,2880,0.15454545454545454,0.7660772961977781
tableau,airflow,2024-11-01,48,506,357,2880,0.09486166007905138,0.765270535091507
tableau,aws,2024-11-01,77,506,586,2880,0.15217391304347827,0.747885442944057
tableau,azure,2024-11-01,496,506,2727,2880,0.9802371541501976,1.0352339581784264
tableau,databricks,2024-11-01,66,506,580,2880,0.13043478260869565,0.6476761619190404
tableau,dbt,2024-11-01,24,506,370,2880,0.04743083003952569,0.36919132571306484
tableau,docker,2024-11-01,77,506,585,2880,0.15217391304347827,0.7491638795986622
tableau,gcp,2024-11-01,87,506,739,2880,0.17193675889328064,0.6700647707884279
tableau,hadoop,2024-11-01,60,506,480,2880,0.11857707509881422,0.7114624505928854
tableau,hive,2024-11-01,74,506,541,2880,0.14624505928853754,0.778531923754137
tableau,java,2024-11-01,61,506,569,2880,0.12055335968379446,0.6101822071868683
tableau,kafka,2024-11-01,48,506,361,2880,0.09486166007905138,0.7567910831791357
tableau,kubernetes,2024-11-01,77,506,585,2880,0.15217391304347827,0.7491638795986622
tableau,powerbi,2024-11-01,60,506,562,2880,0.11857707509881422,0.6076547620722152
tableau,python,2024-11-01,57,506,499,2880,0.11264822134387352,0.6501540630668452
tableau,scala,2024-11-01,61,506,569,2880,0.12055335968379446,0.6101822071868683
tableau,snowflake,2024-11-01,91,506,740,2880,0.17984189723320157,0.6999252216643521
tableau,spark,2024-11-01,46,506,330,2880,0.09090909090909091,0.7933884297520661
tableau,sql,2024-11-01,46,506,330,2880,0.09090909090909091,0.7933884297520661
tableau,terraform,2024-11-01,73,506,581,2880,0.1442687747035573,0.7151360949160844
terraform,airflow,2024-11-01,53,581,357,2880,0.09122203098106713,0.7359088213598692
terraform,aws,2024-11-01,82,581,586,2880,0.14113597246127366,0.6936375438369764
terraform,azure,2024-11-01,557,581,2727,2880,0.9586919104991394,1.012479905477639
terraform,databricks,2024-11-01,153,581,580,2880,0.2633390705679862,1.3076146952341385
terraform,dbt,2024-11-01,24,581,370,2880,0.04130808950086059,0.3215332371958878
terraform,docker,2024-11-01,82,581,585,2880,0.14113597246127366,0.6948232490401165
terraform,gcp,2024-11-01,106,581,739,2880,0.18244406196213425,0.7110133943855841
terraform,hadoop,2024-11-01,60,581,480,2880,0.10327022375215146,0.6196213425129088
terraform,hive,2024-11-01,79,581,541,2880,0.1359724612736661,0.723846004562215
terraform,java,2024-11-01,80,581,569,2880,0.13769363166953527,0.696937889645451
terraform,kafka,2024-11-01,53,581,361,2880,0.09122203098106713,0.7277547069957709
terraform,kubernetes,2024-11-01,82,581,585,2880,0.14113597246127366,0.6948232490401165
terraform,powerbi,2024-11-01,79,581,562,2880,0.1359724612736661,0.6967983780572212
terraform,python,2024-11-01,76,581,499,2880,0.13080895008605853,0.7549694914786543
terraform,scala,2024-11-01,80,581,569,2880,0.13769363166953527,0.696937889645451
terraform,snowflake,2024-11-01,91,581,740,2880,0.1566265060240964,0.6095734288505373
terraform,spark,2024-11-01,51,581,330,2880,0.08777969018932874,0.7660772961977781
terraform,sql,2024-11-01,51,581,330,2880,0.08777969018932874,0.7660772961977781
terraform,tableau,2024-11-01,73,581,506,2880,0.12564543889845095,0.7151360949160844
airflow,aws,2024-12-01,82,585,584,2880,0.14017094017094017,0.6912539515279241
airflow,azure,2024-12-01,82,585,573,2880,0.14017094017094017,0.7045240971942542
airflow,databricks,2024-12-01,68,585,598,2880,0.11623931623931624,0.5598147671726267
airflow,dbt,2024-12-01,129,585,381,2880,0.2205128205128205,1.6668685645063597
airflow,docker,2024-12-01,81,585,570,2880,0.13846153846153847,0.6995951417004048
airflow,gcp,2024-12-01,585,585,2880,2880,1.0,1.0
airflow,hadoop,2024-12-01,58,585,442,2880,0.09914529914529914,0.6460146188652977
airflow,hive,2024-12-01,82,585,584,2880,0.14017094017094017,0.6912539515279241
airflow,java,2024-12-01,51,585,331,2880,0.08717948717948718,0.7585405531024867
airflow,kafka,2024-12-01,82,585,584,2880,0.14017094017094017,0.6912539515279241
airflow,kubernetes,2024-12-01,80,585,555,2880,0.13675213675213677,0.7096327096327096
airflow,powerbi,2024-12-01,51,585,341,2880,0.08717948717948718,0.7362959621024138
airflow,python,2024-12-01,54,585,383,2880,0.09230769230769231,0.6941152841936131
airflow,scala,2024-12-01,75,585,481,2880,0.1282051282051282,0.7676315368623061
airflow,snowflake,2024-12-01,289,585,762,2880,0.49401709401709404,1.8671512214819301
airflow,spark,2024-12-01,82,585,585,2880,0.14017094017094017,0.6900723208415516
airflow,sql,2024-12-01,82,585,585,2880,0.14017094017094017,0.6900723208415516
airflow,tableau,2024-12-01,53,585,361,2880,0.0905982905982906,0.7227786064351162
airflow,terraform,2024-12-01,74,585,458,2880,0.1264957264957265,0.7954316425932146
aws,airflow,2024-12-01,82,584,585,2880,0.1404109589041096,0.6912539515279241
aws,azure,2024-12-01,81,584,573,2880,0.1386986301369863,0.6971240048769992
aws,databricks,2024-12-01,292,584,598,2880,0.5,2.408026755852843
aws,dbt,2024-12-01,68,584,381,2880,0.11643835616438356,0.8801639521087261
aws,docker,2024-12-01,81,584,570,2880,0.1386986301369863,0.7007930785868781
aws,gcp,2024-12-01,584,584,2880,2880,1.0,1.0
aws,hadoop,2024-12-01,58,584,442,2880,0.09931506849315068,0.6471208082811628
aws,hive,2024-12-01,82,584,584,2880,0.1404109589041096,0.6924376055545131
aws,java,2024-12-01,51,584,331,2880,0.08732876712328767,0.7598394239125936
aws,kafka,2024-12-01,82,584,584,2880,0.1404109589041096,0.6924376055545131
aws,kubernetes,2024-12-01,80,584,555,2880,0.136986301369863,0.7108478341355053
aws,powerbi,2024-12-01,51,584,341,2880,0.08732876712328767,0.7375567428594384
aws,python,2024-12-01,54,584,383,2880,0.09246575342465753,0.6953038377624379
aws,scala,2024-12-01,75,584,481,2880,0.1284246575342466,0.7689459744254264
aws,snowflake,2024-12-01,92,584,762,2880,0.15753424657534246,0.5954050264264912
aws,spark,2024-12-01,82,584,585,2880,0.1404109589041096,0.6912539515279241
aws,sql,2024-12-01,82,584,585,2880,0.1404109589041096,0.6912539515279241
aws,tableau,2024-12-01,53,584,361,2880,0.09075342465753425,0.7240162410351763
aws,terraform,2024-12-01,73,584,458,2880,0.125,0.7860262008733624
azure,airflow,2024-12-01,82,573,585,2880,0.1431064572425829,0.7045240971942542
azure,aws,2024-12-01,81,573,584,2880,0.14136125654450263,0.6971240048769992
azure,databricks,2024-12-01,103,573,598,2880,0.17975567190226877,0.8657129349139365
azure,dbt,2024-12-01,24,573,381,2880,0.041884816753926704,0.316609638454879
azure,docker,2024-12-01,80,573,570,2880,0.13961605584642234,0.7054284926977129
azure,gcp,2024-12-01,573,573,2880,2880,1.0,1.0
azure,hadoop,2024-12-01,73,573,442,2880,0.1273996509598604,0.830115372770131
azure,hive,2024-12-01,81,573,584,2880,0.14136125654450263,0.6971240048769992
azure,java,2024-12-01,50,573,331,2880,0.08726003490401396,0.7592413913098496
azure,kafka,2024-12-01,81,573,584,2880,0.14136125654450263,0.6971240048769992
azure,kubernetes,2024-12-01,79,573,555,2880,0.13787085514834205,0.7154379510400453
azure,powerbi,2024-12-01,50,573,341,2880,0.08726003490401396,0.7369762478696781
azure,python,2024-12-01,54,573,383,2880,0.09424083769633508,0.7086517299358878
azure,scala,2024-12-01,74,573,481,2880,0.12914485165794065,0.7732581554571083
azure,snowflake,2024-12-01,92,573,762,2880,0.16055846422338568,0.6068351403718514
azure,spark,2024-12-01,82,573,585,2880,0.1431064572425829,0.7045240971942542
azure,sql,2024-12-01,82,573,585,2880,0.1431064572425829,0.7045240971942542
azure,tableau,2024-12-01,52,573,361,2880,0.09075043630017451,0.7239924004002842
azure,terraform,2024-12-01,62,573,458,2880,0.1082024432809773,0.6803996433388967
databricks,airflow,2024-12-01,68,598,585,2880,0.11371237458193979,0.5598147671726267
databricks,aws,2024-12-01,292,598,584,2880,0.4882943143812709,2.408026755852843
databricks,azure,2024-12-01,103,598,573,2880,0.17224080267558528,0.8657129349139365
databricks,docker,2024-12-01,67,598,570,2880,0.11204013377926421,0.5660975180425981
databricks,gcp,2024-12-01,598,598,2880,2880,1.0,1.0
databricks,hive,2024-12-01,293,598,584,2880,0.4899665551839465,2.4162734228249416
databricks,java,2024-12-01,82,598,331,2880,0.13712374581939799,1.1931008699693844
databricks,kafka,2024-12-01,113,598,584,2880,0.18896321070234115,0.9318733678471618
databricks,kubernetes,2024-12-01,67,598,555,2880,0.11204013377926421,0.5813974509626684
databricks,powerbi,2024-12-01,82,598,341,2880,0.13712374581939799,1.1581125746623644
databricks,python,2024-12-01,83,598,383,2880,0.13879598662207357,1.0436878367403966
databricks,scala,2024-12-01,67,598,481,2880,0.11204013377926421,0.6708432126492327
databricks,spark,2024-12-01,73,598,585,2880,0.12207357859531773,0.6009776177000258
databricks,sql,2024-12-01,83,598,585,2880,0.13879598662207357,0.6833033187548238
databricks,tableau,2024-12-01,82,598,361,2880,0.13712374581939799,1.093951213185225
databricks,terraform,2024-12-01,67,598,458,2880,0.11204013377926421,0.7045318455988667
dbt,airflow,2024-12-01,129,381,585,2880,0.33858267716535434,1.6668685645063597
dbt,aws,2024-12-01,68,381,584,2880,0.1784776902887139,0.8801639521087261
dbt,azure,2024-12-01,24,381,573,2880,0.06299212598425197,0.316609638454879
dbt,docker,2024-12-01,24,381,570,2880,0.06299212598425197,0.3182760049730626
dbt,gcp,2024-12-01,381,381,2880,2880,1.0,1.0
dbt,hive,2024-12-01,24,381,584,2880,0.06299212598425197,0.3106461007442563
dbt,java,2024-12-01,24,381,331,2880,0.06299212598425197,0.5480885886243072
dbt,kafka,2024-12-01,68,381,584,2880,0.1784776902887139,0.8801639521087261
dbt,kubernetes,2024-12-01,69,381,555,2880,0.18110236220472442,0.9397744200893807
dbt,powerbi,2024-12-01,66,381,341,2880,0.1732283464566929,1.4630429260858522
dbt,python,2024-12-01,80,381,383,2880,0.2099737532808399,1.578914907177073
dbt,scala,2024-12-01,69,381,481,2880,0.18110236220472442,1.0843551001031315
dbt,snowflake,2024-12-01,381,381,762,2880,1.0,3.779527559055118
dbt,spark,2024-12-01,173,381,585,2880,0.4540682414698163,2.2354128810821723
dbt,sql,2024-12-01,144,381,585,2880,0.3779527559055118,1.8606904906117505
dbt,tableau,2024-12-01,24,381,361,2880,0.06299212598425197,0.502541060483783
dbt,terraform,2024-12-01,24,381,458,2880,0.06299212598425197,0.3961076917787023
docker,airflow,2024-12-01,81,570,585,2880,0.14210526315789473,0.6995951417004048
docker,aws,2024-12-01,81,570,584,2880,0.14210526315789473,0.7007930785868781
docker,azure,2024-12-01,80,570,573,2880,0.14035087719298245,0.7054284926977129
docker,databricks,2024-12-01,67,570,598,2880,0.11754385964912281,0.5660975180425981
docker,dbt,2024-12-01,24,570,381,2880,0.042105263157894736,0.3182760049730626
docker,gcp,2024-12-01,570,570,2880,2880,1.0,1.0
docker,hadoop,2024-12-01,202,570,442,2880,0.3543859649122807,2.309121219337938
docker,hive,2024-12-01,81,570,584,2880,0.14210526315789473,0.7007930785868781
docker,java,2024-12-01,50,570,331,2880,0.08771929824561403,0.763237398632533
docker,kafka,2024-12-01,81,570,584,2880,0.14210526315789473,0.7007930785868781
docker,kubernetes,2024-12-01,79,570,555,2880,0.13859649122807016,0.719203413940256
docker,powerbi,2024-12-01,51,570,341,2880,0.08947368421052632,0.7556721716314246
docker,python,2024-12-01,54,570,383,2880,0.09473684210526316,0.7123814758829188
docker,scala,2024-12-01,74,570,481,2880,0.12982456140350876,0.7773279352226721
docker,snowflake,2024-12-01,93,570,762,2880,0.1631578947368421,0.6166597596353087
docker,spark,2024-12-01,81,570,585,2880,0.14210526315789473,0.6995951417004048
docker,sql,2024-12-01,81,570,585,2880,0.14210526315789473,0.6995951417004048
docker,tableau,2024-12-01,52,570,361,2880,0.0912280701754386,0.7278028867181805
docker,terraform,2024-12-01,58,570,458,2880,0.10175438596491228,0.6398529073776144
gcp,airflow,2024-12-01,585,2880,585,2880,0.203125,1.0
gcp,aws,2024-12-01,584,2880,584,2880,0.20277777777777778,1.0
gcp,azure,2024-12-01,573,2880,573,2880,0.19895833333333332,1.0
gcp,databricks,2024-12-01,598,2880,598,2880,0.2076388888888889,1.0
gcp,dbt,2024-12-01,381,2880,381,2880,0.13229166666666667,1.0
gcp,docker,2024-12-01,570,2880,570,2880,0.19791666666666666,1.0
gcp,hadoop,2024-12-01,442,2880,442,2880,0.15347222222222223,1.0
gcp,hive,2024-12-01,584,2880,584,2880,0.20277777777777778,1.0
gcp,java,2024-12-01,331,2880,331,2880,0.11493055555555555,1.0
gcp,kafka,2024-12-01,584,2880,584,2880,0.20277777777777778,1.0
gcp,kubernetes,2024-12-01,555,2880,555,2880,0.19270833333333334,1.0
gcp,powerbi,2024-12-01,341,2880,341,2880,0.11840277777777777,1.0
gcp,python,2024-12-01,383,2880,383,2880,0.1329861111111111,1.0
gcp,scala,2024-12-01,481,2880,481,2880,0.16701388888888888,1.0
gcp,snowflake,2024-12-01,762,2880,762,2880,0.26458333333333334,1.0
gcp,spark,2024-12-01,585,2880,585,2880,0.203125,1.0
gcp,sql,2024-12-01,585,2880,585,2880,0.203125,1.0
gcp,tableau,2024-12-01,361,2880,361,2880,0.12534722222222222,1.0
gcp,terraform,2024-12-01,458,2880,458,2880,0.15902777777777777,1.0
hadoop,airflow,2024-12-01,58,442,585,2880,0.13122171945701358,0.6460146188652977
hadoop,aws,2024-12-01,58,442,584,2880,0.13122171945701358,0.6471208082811628
hadoop,azure,2024-12-01,73,442,573,2880,0.16515837104072398,0.830115372770131
hadoop,docker,2024-12-01,202,442,570,2880,0.45701357466063347,2.309121219337938
hadoop,gcp,2024-12-01,442,442,2880,2880,1.0,1.0
hadoop,hive,2024-12-01,58,442,584,2880,0.13122171945701358,0.6471208082811628
hadoop,java,2024-12-01,42,442,331,2880,0.09502262443438914,0.8267829558037484
hadoop,kafka,2024-12-01,58,442,584,2880,0.13122171945701358,0.6471208082811628
hadoop,kubernetes,2024-12-01,52,442,555,2880,0.11764705882352941,0.6104928457869634
hadoop,powerbi,2024-12-01,42,442,341,2880,0.09502262443438914,0.8025371213227
hadoop,python,2024-12-01,58,442,383,2880,0.13122171945701358,0.9867325118438619
hadoop,scala,2024-12-01,42,442,481,2880,0.09502262443438914,0.5689504332038269
hadoop,spark,2024-12-01,58,442,585,2880,0.13122171945701358,0.6460146188652977
hadoop,sql,2024-12-01,58,442,585,2880,0.13122171945701358,0.6460146188652977
hadoop,tableau,2024-12-01,57,442,361,2880,0.12895927601809956,1.0288163848535365
hadoop,terraform,2024-12-01,42,442,458,2880,0.09502262443438914,0.5975221798494339
hive,airflow,2024-12-01,82,584,585,2880,0.1404109589041096,0.6912539515279241
hive,aws,2024-12-01,82,584,584,2880,0.1404109589041096,0.6924376055545131
hive,azure,2024-12-01,81,584,573,2880,0.1386986301369863,0.6971240048769992
hive,databricks,2024-12-01,293,584,598,2880,0.5017123287671232,2.4162734228249416
hive,dbt,2024-12-01,24,584,381,2880,0.0410958904109589,0.3106461007442563
hive,docker,2024-12-01,81,584,570,2880,0.1386986301369863,0.7007930785868781
hive,gcp,2024-12-01,584,584,2880,2880,1.0,1.0
hive,hadoop,2024-12-01,58,584,442,2880,0.09931506849315068,0.6471208082811628
hive,java,2024-12-01,51,584,331,2880,0.08732876712328767,0.7598394239125936
hive,kafka,2024-12-01,82,584,584,2880,0.1404109589041096,0.6924376055545131
hive,kubernetes,2024-12-01,80,584,555,2880,0.136986301369863,0.7108478341355053
hive,powerbi,2024-12-01,51,584,341,2880,0.08732876712328767,0.7375567428594384
hive,python,2024-12-01,54,584,383,2880,0.09246575342465753,0.6953038377624379
hive,scala,2024-12-01,75,584,481,2880,0.1284246575342466,0.7689459744254264
hive,snowflake,2024-12-01,92,584,762,2880,0.15753424657534246,0.5954050264264912
hive,spark,2024-12-01,82,584,585,2880,0.1404109589041096,0.6912539515279241
hive,sql,2024-12-01,82,584,585,2880,0.1404109589041096,0.6912539515279241
hive,tableau,2024-12-01,53,584,361,2880,0.09075342465753425,0.7240162410351763
hive,terraform,2024-12-01,73,584,458,2880,0.125,0.7860262008733624
java,airflow,2024-12-01,51,331,585,2880,0.1540785498489426,0.7585405531024867
java,aws,2024-12-01,51,331,584,2880,0.1540785498489426,0.7598394239125936
java,azure,2024-12-01,50,331,573,2880,0.1510574018126888,0.7592413913098496
java,databricks,2024-12-01,82,331,598,2880,0.24773413897280966,1.1931008699693844
java,dbt,2024-12-01,24,331,381,2880,0.07250755287009064,0.5480885886243072
java,docker,2024-12-01,50,331,570,2880,0.1510574018126888,0.763237398632533
java,gcp,2024-12-01,331,331,2880,2880,1.0,1.0
java,hadoop,2024-12-01,42,331,442,2880,0.1268882175226586,0.8267829558037484
java,hive,2024-12-01,51,331,584,2880,0.1540785498489426,0.7598394239125936
java,kafka,2024-12-01,51,331,584,2880,0.1540785498489426,0.7598394239125936
java,kubernetes,2024-12-01,49,331,555,2880,0.14803625377643503,0.768188127704744
java,powerbi,2024-12-01,22,331,341,2880,0.06646525679758308,0.5613487964136049
java,python,2024-12-01,24,331,383,2880,0.07250755287009064,0.5452265072215693
java,scala,2024-12-01,30,331,481,2880,0.09063444108761329,0.5426760713769777
java,snowflake,2024-12-01,93,331,762,2880,0.2809667673716012,1.061921640459595
java,spark,2024-12-01,51,331,585,2880,0.1540785498489426,0.7585405531024867
java,sql,2024-12-01,51,331,585,2880,0.1540785498489426,0.7585405531024867
java,tableau,2024-12-01,22,331,361,2880,0.06646525679758308,0.5302491401026018
java,terraform,2024-12-01,29,331,458,2880,0.08761329305135952,0.5509307510653175
kafka,airflow,2024-12-01,82,584,585,2880,0.1404109589041096,0.6912539515279241
kafka,aws,2024-12-01,82,584,584,2880,0.1404109589041096,0.6924376055545131
kafka,azure,2024-12-01,81,584,573,2880,0.1386986301369863,0.6971240048769992
kafka,databricks,2024-12-01,113,584,598,2880,0.1934931506849315,0.9318733678471618
kafka,dbt,2024-12-01,68,584,381,2880,0.11643835616438356,0.8801639521087261
kafka,docker,2024-12-01,81,584,570,2880,0.1386986301369863,0.7007930785868781
kafka,gcp,2024-12-01,584,584,2880,2880,1.0,1.0
kafka,hadoop,2024-12-01,58,584,442,2880,0.09931506849315068,0.6471208082811628
kafka,hive,2024-12-01,82,584,584,2880,0.1404109589041096,0.6924376055545131
kafka,java,2024-12-01,51,584,331,2880,0.08732876712328767,0.7598394239125936
kafka,kubernetes,2024-12-01,80,584,555,2880,0.136986301369863,0.7108478341355053
kafka,powerbi,2024-12-01,51,584,341,2880,0.08732876712328767,0.7375567428594384
kafka,python,2024-12-01,54,584,383,2880,0.09246575342465753,0.6953038377624379
kafka,scala,2024-12-01,75,584,481,2880,0.1284246575342466,0.7689459744254264
kafka,snowflake,2024-12-01,92,584,762,2880,0.15753424657534246,0.5954050264264912
kafka,spark,2024-12-01,82,584,585,2880,0.1404109589041096,0.6912539515279241
kafka,sql,2024-12-01,82,584,585,2880,0.1404109589041096,0.6912539515279241
kafka,tableau,2024-12-01,53,584,361,2880,0.09075342465753425,0.7240162410351763
kafka,terraform,2024-12-01,73,584,458,2880,0.125,0.7860262008733624
kubernetes,airflow,2024-12-01,80,555,585,2880,0.14414414414414414,0.7096327096327096
kubernetes,aws,2024-12-01,80,555,584,2880,0.14414414414414414,0.7108478341355053
kubernetes,azure,2024-12-01,79,555,573,2880,0.14234234234234233,0.7154379510400453
kubernetes,databricks,2024-12-01,67,555,598,2880,0.12072072072072072,0.5813974509626684
kubernetes,dbt,2024-12-01,69,555,381,2880,0.12432432432432433,0.9397744200893807
kubernetes,docker,2024-12-01,79,555,570,2880,0.14234234234234233,0.719203413940256
kubernetes,gcp,2024-12-01,555,555,2880,2880,1.0,1.0
kubernetes,hadoop,2024-12-01,52,555,442,2880,0.0936936936936937,0.6104928457869634
kubernetes,hive,2024-12-01,80,555,584,2880,0.14414414414414414,0.7108478341355053
kubernetes,java,2024-12-01,49,555,331,2880,0.08828828828828829,0.768188127704744
kubernetes,kafka,2024-12-01,80,555,584,2880,0.14414414414414414,0.7108478341355053
kubernetes,powerbi,2024-12-01,50,555,341,2880,0.09009009009009009,0.7608781802330189
kubernetes,python,2024-12-01,53,555,383,2880,0.09549549549549549,0.7180862324465458
kubernetes,scala,2024-12-01,59,555,481,2880,0.1063063063063063,0.6365117716469068
kubernetes,snowflake,2024-12-01,93,555,762,2880,0.16756756756756758,0.6333262396254522
kubernetes,spark,2024-12-01,80,555,585,2880,0.14414414414414414,0.7096327096327096
kubernetes,sql,2024-12-01,80,555,585,2880,0.14414414414414414,0.7096327096327096
kubernetes,tableau,2024-12-01,51,555,361,2880,0.0918918918918919,0.7330987497192484
kubernetes,terraform,2024-12-01,57,555,458,2880,0.10270270270270271,0.6458161217986546
powerbi,airflow,2024-12-01,51,341,585,2880,0.1495601173020528,0.7362959621024138
powerbi,aws,2024-12-01,51,341,584,2880,0.1495601173020528,0.7375567428594384
powerbi,azure,2024-12-01,50,341,573,2880,0.1466275659824047,0.7369762478696781
powerbi,databricks,2024-12-01,82,341,598,2880,0.2404692082111437,1.1581125746623644
powerbi,dbt,2024-12-01,66,341,381,2880,0.1935483870967742,1.4630429260858522
powerbi,docker,2024-12-01,51,341,570,2880,0.1495601173020528,0.7556721716314246
powerbi,gcp,2024-12-01,341,341,2880,2880,1.0,1.0
powerbi,hadoop,2024-12-01,42,341,442,2880,0.12316715542521994,0.8025371213227
powerbi,hive,2024-12-01,51,341,584,2880,0.1495601173020528,0.7375567428594384
powerbi,java,2024-12-01,22,341,331,2880,0.06451612903225806,0.5613487964136049
powerbi,kafka,2024-12-01,51,341,584,2880,0.1495601173020528,0.7375567428594384
powerbi,kubernetes,2024-12-01,50,341,555,2880,0.1466275659824047,0.7608781802330189
powerbi,python,2024-12-01,31,341,383,2880,0.09090909090909091,0.6835983859482554
powerbi,scala,2024-12-01,32,341,481,2880,0.093841642228739,0.5618792715566909
powerbi,snowflake,2024-12-01,87,341,762,2880,0.25513196480938416,0.964278292192948
powerbi,spark,2024-12-01,51,341,585,2880,0.1495601173020528,0.7362959621024138
powerbi,sql,2024-12-01,51,341,585,2880,0.1495601173020528,0.7362959621024138
powerbi,tableau,2024-12-01,24,341,361,2880,0.07038123167155426,0.5614901584877459
powerbi,terraform,2024-12-01,33,341,458,2880,0.0967741935483871,0.6085364135793774
python,airflow,2024-12-01,54,383,585,2880,0.1409921671018277,0.6941152841936131
python,aws,2024-12-01,54,383,584,2880,0.1409921671018277,0.6953038377624379
python,azure,2024-12-01,54,383,573,2880,0.1409921671018277,0.7086517299358878
python,databricks,2024-12-01,83,383,598,2880,0.21671018276762402,1.0436878367403966
python,dbt,2024-12-01,80,383,381,2880,0.20887728459530025,1.578914907177073
python,docker,2024-12-01,54,383,570,2880,0.1409921671018277,0.7123814758829188
python,gcp,2024-12-01,383,383,2880,2880,1.0,1.0
python,hadoop,2024-12-01,58,383,442,2880,0.1514360313315927,0.9867325118438619
python,hive,2024-12-01,54,383,584,2880,0.1409921671018277,0.6953038377624379
python,java,2024-12-01,24,383,331,2880,0.06266318537859007,0.5452265072215693
python,kafka,2024-12-01,54,383,584,2880,0.1409921671018277,0.6953038377624379
python,kubernetes,2024-12-01,53,383,555,2880,0.13838120104438642,0.7180862324465458
python,powerbi,2024-12-01,31,383,341,2880,0.08093994778067885,0.6835983859482554
python,scala,2024-12-01,48,383,481,2880,0.12532637075718014,0.7503949018309332
python,snowflake,2024-12-01,116,383,762,2880,0.3028720626631854,1.1447133077033778
python,spark,2024-12-01,54,383,585,2880,0.1409921671018277,0.6941152841936131
python,sql,2024-12-01,54,383,585,2880,0.1409921671018277,0.6941152841936131
python,tableau,2024-12-01,40,383,361,2880,0.10443864229765012,0.8331947086349928
python,terraform,2024-12-01,47,383,458,2880,0.1227154046997389,0.7716601867581835
scala,airflow,2024-12-01,75,481,585,2880,0.15592515592515593,0.7676315368623061
scala,aws,2024-12-01,75,481,584,2880,0.15592515592515593,0.7689459744254264
scala,azure,2024-12-01,74,481,573,2880,0.15384615384615385,0.7732581554571083
scala,databricks,2024-12-01,67,481,598,2880,0.1392931392931393,0.6708432126492327
scala,dbt,2024-12-01,69,481,381,2880,0.14345114345114346,1.0843551001031315
scala,docker,2024-12-01,74,481,570,2880,0.15384615384615385,0.7773279352226721
scala,gcp,2024-12-01,481,481,2880,2880,1.0,1.0
scala,hadoop,2024-12-01,42,481,442,2880,0.08731808731808732,0.5689504332038269
scala,hive,2024-12-01,75,481,584,2880,0.15592515592515593,0.7689459744254264
scala,java,2024-12-01,30,481,331,2880,0.062370062370062374,0.5426760713769777
scala,kafka,2024-12-01,75,481,584,2880,0.15592515592515593,0.7689459744254264
scala,kubernetes,2024-12-01,59,481,555,2880,0.12266112266112267,0.6365117716469068
scala,powerbi,2024-12-01,32,481,341,2880,0.06652806652806653,0.5618792715566909
scala,python,2024-12-01,48,481,383,2880,0.0997920997920998,0.7503949018309332
scala,snowflake,2024-12-01,93,481,762,2880,0.19334719334719336,0.7307610457216757
scala,spark,2024-12-01,75,481,585,2880,0.15592515592515593,0.7676315368623061
scala,sql,2024-12-01,75,481,585,2880,0.15592515592515593,0.7676315368623061
scala,tableau,2024-12-01,32,481,361,2880,0.06652806652806653,0.5307502260410848
scala,terraform,2024-12-01,39,481,458,2880,0.08108108108108109,0.5098548329989379
snowflake,airflow,2024-12-01,289,762,585,2880,0.37926509186351703,1.8671512214819301
snowflake,aws,2024-12-01,92,762,584,2880,0.12073490813648294,0.5954050264264912
snowflake,azure,2024-12-01,92,762,573,2880,0.12073490813648294,0.6068351403718514
snowflake,dbt,2024-12-01,381,762,381,2880,0.5,3.779527559055118
snowflake,docker,2024-12-01,93,762,570,2880,0.1220472440944882,0.6166597596353087
snowflake,gcp,2024-12-01,762,762,2880,2880,1.0,1.0
snowflake,hive,2024-12-01,92,762,584,2880,0.12073490813648294,0.5954050264264912
snowflake,java,2024-12-01,93,762,331,2880,0.1220472440944882,1.061921640459595
snowflake,kafka,2024-12-01,92,762,584,2880,0.12073490813648294,0.5954050264264912
snowflake,kubernetes,2024-12-01,93,762,555,2880,0.1220472440944882,0.6333262396254522
snowflake,powerbi,2024-12-01,87,762,341,2880,0.1141732283464567,0.964278292192948
snowflake,python,2024-12-01,116,762,383,2880,0.15223097112860892,1.1447133077033778
snowflake,scala,2024-12-01,93,762,481,2880,0.1220472440944882,0.7307610457216757
snowflake,spark,2024-12-01,317,762,585,2880,0.41601049868766404,2.0480516858469615
snowflake,sql,2024-12-01,318,762,585,2880,0.41732283464566927,2.054512416717141
snowflake,tableau,2024-12-01,93,762,361,2880,0.1220472440944882,0.9736733046873296
snowflake,terraform,2024-12-01,93,762,458,2880,0.1220472440944882,0.7674586528212358
spark,airflow,2024-12-01,82,585,585,2880,0.14017094017094017,0.6900723208415516
spark,aws,2024-12-01,82,585,584,2880,0.14017094017094017,0.6912539515279241
spark,azure,2024-12-01,82,585,573,2880,0.14017094017094017,0.7045240971942542
spark,databricks,2024-12-01,73,585,598,2880,0.12478632478632479,0.6009776177000258
spark,dbt,2024-12-01,173,585,381,2880,0.29572649572649573,2.2354128810821723
spark,docker,2024-12-01,81,585,570,2880,0.13846153846153847,0.6995951417004048
spark,gcp,2024-12-01,585,585,2880,2880,1.0,1.0
spark,hadoop,2024-12-01,58,585,442,2880,0.09914529914529914,0.6460146188652977
spark,hive,2024-12-01,82,585,584,2880,0.14017094017094017,0.6912539515279241
spark,java,2024-12-01,51,585,331,2880,0.08717948717948718,0.7585405531024867
spark,kafka,2024-12-01,82,585,584,2880,0.14017094017094017,0.6912539515279241
spark,kubernetes,2024-12-01,80,585,555,2880,0.13675213675213677,0.7096327096327096
spark,powerbi,2024-12-01,51,585,341,2880,0.08717948717948718,0.7362959621024138
spark,python,2024-12-01,54,585,383,2880,0.09230769230769231,0.6941152841936131
spark,scala,2024-12-01,75,585,481,2880,0.1282051282051282,0.7676315368623061
spark,snowflake,2024-12-01,317,585,762,2880,0.5418803418803418,2.0480516858469615
spark,sql,2024-12-01,82,585,585,2880,0.14017094017094017,0.6900723208415516
spark,tableau,2024-12-01,53,585,361,2880,0.0905982905982906,0.7227786064351162
spark,terraform,2024-12-01,74,585,458,2880,0.1264957264957265,0.7954316425932146
sql,airflow,2024-12-01,82,585,585,2880,0.14017094017094017,0.6900723208415516
sql,aws,2024-12-01,82,585,584,2880,0.14017094017094017,0.6912539515279241
sql,azure,2024-12-01,82,585,573,2880,0.14017094017094017,0.7045240971942542
sql,databricks,2024-12-01,83,585,598,2880,0.14188034188034188,0.6833033187548238
sql,dbt,2024-12-01,144,585,381,2880,0.24615384615384617,1.8606904906117505
sql,docker,2024-12-01,81,585,570,2880,0.13846153846153847,0.6995951417004048
sql,gcp,2024-12-01,585,585,2880,2880,1.0,1.0
sql,hadoop,2024-12-01,58,585,442,2880,0.09914529914529914,0.6460146188652977
sql,hive,2024-12-01,82,585,584,2880,0.14017094017094017,0.6912539515279241
sql,java,2024-12-01,51,585,331,2880,0.08717948717948718,0.7585405531024867
sql,kafka,2024-12-01,82,585,584,2880,0.14017094017094017,0.6912539515279241
sql,kubernetes,2024-12-01,80,585,555,2880,0.13675213675213677,0.7096327096327096
sql,powerbi,2024-12-01,51,585,341,2880,0.08717948717948718,0.7362959621024138
sql,python,2024-12-01,54,585,383,2880,0.09230769230769231,0.6941152841936131
sql,scala,2024-12-01,75,585,481,2880,0.1282051282051282,0.7676315368623061
sql,snowflake,2024-12-01,318,585,762,2880,0.5435897435897435,2.054512416717141
sql,spark,2024-12-01,82,585,585,2880,0.14017094017094017,0.6900723208415516
sql,tableau,2024-12-01,53,585,361,2880,0.0905982905982906,0.7227786064351162
sql,terraform,2024-12-01,74,585,458,2880,0.1264957264957265,0.7954316425932146
tableau,airflow,2024-12-01,53,361,585,2880,0.14681440443213298,0.7227786064351162
tableau,aws,2024-12-01,53,361,584,2880,0.14681440443213298,0.7240162410351763
tableau,azure,2024-12-01,52,361,573,2880,0.1440443213296399,0.7239924004002842
tableau,databricks,2024-12-01,82,361,598,2880,0.22714681440443213,1.093951213185225
tableau,dbt,2024-12-01,24,361,381,2880,0.0664819944598338,0.502541060483783
tableau,docker,2024-12-01,52,361,570,2880,0.1440443213296399,0.7278028867181805
tableau,gcp,2024-12-01,361,361,2880,2880,1.0,1.0
tableau,hadoop,2024-12-01,57,361,442,2880,0.15789473684210525,1.0288163848535365
tableau,hive,2024-12-01,53,361,584,2880,0.14681440443213298,0.7240162410351763
tableau,java,2024-12-01,22,361,331,2880,0.060941828254847646,0.5302491401026018
tableau,kafka,2024-12-01,53,361,584,2880,0.14681440443213298,0.7240162410351763
tableau,kubernetes,2024-12-01,51,361,555,2880,0.14127423822714683,0.7330987497192484
tableau,powerbi,2024-12-01,24,361,341,2880,0.0664819944598338,0.5614901584877459
tableau,python,2024-12-01,40,361,383,2880,0.11080332409972299,0.8331947086349928
tableau,scala,2024-12-01,32,361,481,2880,0.0886426592797784,0.5307502260410848
tableau,snowflake,2024-12-01,93,361,762,2880,0.25761772853185594,0.9736733046873296
tableau,spark,2024-12-01,53,361,585,2880,0.14681440443213298,0.7227786064351162
tableau,sql,2024-12-01,53,361,585,2880,0.14681440443213298,0.7227786064351162
tableau,terraform,2024-12-01,45,361,458,2880,0.12465373961218837,0.7838488429762063
terraform,airflow,2024-12-01,74,458,585,2880,0.1615720524017467,0.7954316425932146
terraform,aws,2024-12-01,73,458,584,2880,0.15938864628820962,0.7860262008733624
terraform,azure,2024-12-01,62,458,573,2880,0.13537117903930132,0.6803996433388967
terraform,databricks,2024-12-01,67,458,598,2880,0.1462882096069869,0.7045318455988667
terraform,dbt,2024-12-01,24,458,381,2880,0.05240174672489083,0.3961076917787023
terraform,docker,2024-12-01,58,458,570,2880,0.12663755458515283,0.6398529073776144
terraform,gcp,2024-12-01,458,458,2880,2880,1.0,1.0
terraform,hadoop,2024-12-01,42,458,442,2880,0.09170305676855896,0.5975221798494339
terraform,hive,2024-12-01,73,458,584,2880,0.15938864628820962,0.7860262008733624
terraform,java,2024-12-01,29,458,331,2880,0.06331877729257641,0.5509307510653175
terraform,kafka,2024-12-01,73,458,584,2880,0.15938864628820962,0.7860262008733624
terraform,kubernetes,2024-12-01,57,458,555,2880,0.12445414847161572,0.6458161217986546
terraform,powerbi,2024-12-01,33,458,341,2880,0.07205240174672489,0.6085364135793774
terraform,python,2024-12-01,47,458,383,2880,0.10262008733624454,0.7716601867581835
terraform,scala,2024-12-01,39,458,481,2880,0.0851528384279476,0.5098548329989379
terraform,snowflake,2024-12-01,93,458,762,2880,0.20305676855895197,0.7674586528212358
terraform,spark,2024-12-01,74,458,585,2880,0.1615720524017467,0.7954316425932146
terraform,sql,2024-12-01,74,458,585,2880,0.1615720524017467,0.7954316425932146
terraform,tableau,2024-12-01,45,458,361,2880,0.0982532751091703,0.7838488429762063
airflow,aws,2025-01-01,79,570,556,2880,0.13859649122807016,0.7179098826202196
airflow,azure,2025-01-01,58,570,458,2880,0.10175438596491228,0.6398529073776144
airflow,databricks,2025-01-01,68,570,616,2880,0.11929824561403508,0.557758031442242
airflow,dbt,2025-01-01,24,570,392,2880,0.042105263157894736,0.30934479054779807
airflow,docker,2025-01-01,477,570,2115,2880,0.8368421052631579,1.1395296752519597
airflow,gcp,2025-01-01,163,570,1178,2880,0.28596491228070176,0.6991332320614779
airflow,hadoop,2025-01-01,134,570,404,2880,0.23508771929824562,1.675872850442939
airflow,hive,2025-01-01,80,570,563,2880,0.14035087719298245,0.7179583060671216
airflow,java,2025-01-01,81,570,584,2880,0.14210526315789473,0.7007930785868781
airflow,kafka,2025-01-01,80,570,571,2880,0.14035087719298245,0.7078993455618029
airflow,kubernetes,2025-01-01,51,570,356,2880,0.08947368421052632,0.7238320520402128
airflow,powerbi,2025-01-01,81,570,584,2880,0.14210526315789473,0.7007930785868781
airflow,python,2025-01-01,81,570,585,2880,0.14210526315789473,0.6995951417004048
airflow,scala,2025-01-01,57,570,434,2880,0.1,0.663594470046083
airflow,snowflake,2025-01-01,94,570,784,2880,0.1649122807017544,0.6058002148227712
airflow,spark,2025-01-01,81,570,581,2880,0.14210526315789473,0.7044116314883595
airflow,sql,2025-01-01,81,570,585,2880,0.14210526315789473,0.6995951417004048
airflow,tableau,2025-01-01,81,570,584,2880,0.14210526315789473,0.7007930785868781
airflow,terraform,2025-01-01,52,570,360,2880,0.0912280701754386,0.7298245614035088
aws,airflow,2025-01-01,79,556,570,2880,0.1420863309352518,0.7179098826202196
aws,azure,2025-01-01,58,556,458,2880,0.10431654676258993,0.6559643115202162
aws,databricks,2025-01-01,68,556,616,2880,0.1223021582733813,0.5718022984210035
aws,dbt,2025-01-01,70,556,392,2880,0.12589928057553956,0.9249743062692704
aws,docker,2025-01-01,463,556,2115,2880,0.8327338129496403,1.1339354048675954
aws,gcp,2025-01-01,148,556,1178,2880,0.26618705035971224,0.6507798854295171
aws,hadoop,2025-01-01,40,556,404,2880,0.07194244604316546,0.5128570410997935
aws,hive,2025-01-01,79,556,563,2880,0.1420863309352518,0.7268359379991566
aws,java,2025-01-01,80,556,584,2880,0.14388489208633093,0.7095693308367005
aws,kafka,2025-01-01,79,556,571,2880,0.1420863309352518,0.7166525973616903
aws,kubernetes,2025-01-01,51,556,356,2880,0.09172661870503597,0.7420580389620888
aws,powerbi,2025-01-01,80,556,584,2880,0.14388489208633093,0.7095693308367005
aws,python,2025-01-01,80,556,585,2880,0.14388489208633093,0.7083563918096292
aws,scala,2025-01-01,56,556,434,2880,0.10071942446043165,0.6683685309816663
aws,snowflake,2025-01-01,94,556,784,2880,0.16906474820143885,0.62105417706651
aws,spark,2025-01-01,80,556,581,2880,0.14388489208633093,0.713233200014859
aws,sql,2025-01-01,80,556,585,2880,0.14388489208633093,0.7083563918096292
aws,tableau,2025-01-01,80,556,584,2880,0.14388489208633093,0.7095693308367005
aws,terraform,2025-01-01,51,556,360,2880,0.09172661870503597,0.7338129496402878
azure,airflow,2025-01-01,58,458,570,2880,0.12663755458515283,0.6398529073776144
azure,aws,2025-01-01,58,458,556,2880,0.12663755458515283,0.6559643115202162
azure,databricks,2025-01-01,68,458,616,2880,0.14847161572052403,0.6941530085634889
azure,dbt,2025-01-01,24,458,392,2880,0.05240174672489083,0.3849924249175653
azure,docker,2025-01-01,365,458,2115,2880,0.7969432314410481,1.0851992938771717
azure,gcp,2025-01-01,128,458,1178,2880,0.2794759825327511,0.6832689555978974
azure,hadoop,2025-01-01,40,458,404,2880,0.08733624454148471,0.6225950105927623
azure,hive,2025-01-01,59,458,563,2880,0.12882096069868995,0.6589775609453412
azure,java,2025-01-01,73,458,584,2880,0.15938864628820962,0.7860262008733624
azure,kafka,2025-01-01,59,458,571,2880,0.12882096069868995,0.6497449506343732
azure,kubernetes,2025-01-01,41,458,356,2880,0.08951965065502183,0.7242039154114126
azure,powerbi,2025-01-01,73,458,584,2880,0.15938864628820962,0.7860262008733624
azure,python,2025-01-01,73,458,585,2880,0.15938864628820962,0.784682566341955
azure,scala,2025-01-01,49,458,434,2880,0.10698689956331878,0.7099591491759403
azure,snowflake,2025-01-01,94,458,784,2880,0.2052401746724891,0.7539434987968987
azure,spark,2025-01-01,69,458,581,2880,0.15065502183406113,0.7467925350810604
azure,sql,2025-01-01,73,458,585,2880,0.15938864628820962,0.784682566341955
azure,tableau,2025-01-01,73,458,584,2880,0.15938864628820962,0.7860262008733624
azure,terraform,2025-01-01,45,458,360,2880,0.0982532751091703,0.7860262008733624
databricks,airflow,2025-01-01,68,616,570,2880,0.11038961038961038,0.557758031442242
databricks,aws,2025-01-01,68,616,556,2880,0.11038961038961038,0.5718022984210035
databricks,azure,2025-01-01,68,616,458,2880,0.11038961038961038,0.6941530085634889
databricks,docker,2025-01-01,616,616,2115,2880,1.0,1.3617021276595744
databricks,gcp,2025-01-01,76,616,1178,2880,0.12337662337662338,0.3016338500209468
databricks,hive,2025-01-01,68,616,563,2880,0.11038961038961038,0.5646928559894812
databricks,java,2025-01-01,84,616,584,2880,0.13636363636363635,0.6724782067247821
databricks,kafka,2025-01-01,68,616,571,2880,0.11038961038961038,0.5567812222803467
databricks,kubernetes,2025-01-01,84,616,356,2880,0.13636363636363635,1.1031664964249235
databricks,powerbi,2025-01-01,84,616,584,2880,0.13636363636363635,0.6724782067247821
databricks,python,2025-01-01,181,616,585,2880,0.29383116883116883,1.4465534465534466
databricks,scala,2025-01-01,84,616,434,2880,0.13636363636363635,0.9049015500628403
databricks,spark,2025-01-01,278,616,581,2880,0.4512987012987013,2.237074457384268
databricks,sql,2025-01-01,293,616,585,2880,0.47564935064935066,2.341658341658342
databricks,tableau,2025-01-01,69,616,584,2880,0.11201298701298701,0.5523928126667853
databricks,terraform,2025-01-01,84,616,360,2880,0.13636363636363635,1.0909090909090908
dbt,airflow,2025-01-01,24,392,570,2880,0.061224489795918366,0.30934479054779807
dbt,aws,2025-01-01,70,392,556,2880,0.17857142857142858,0.9249743062692704
dbt,azure,2025-01-01,24,392,458,2880,0.061224489795918366,0.3849924249175653
dbt,docker,2025-01-01,24,392,2115,2880,0.061224489795918366,0.08336951801997394
dbt,gcp,2025-01-01,392,392,1178,2880,1.0,2.4448217317487266
dbt,hive,2025-01-01,24,392,563,2880,0.061224489795918366,0.31319099575887194
dbt,java,2025-01-01,144,392,584,2880,0.3673469387755102,1.8115739446463517
dbt,kafka,2025-01-01,70,392,571,2880,0.17857142857142858,0.9006755066299725
dbt,kubernetes,2025-01-01,77,392,356,2880,0.19642857142857142,1.5890850722311396
dbt,powerbi,2025-01-01,175,392,584,2880,0.44642857142857145,2.2015655577299413
dbt,python,2025-01-01,70,392,585,2880,0.17857142857142858,0.8791208791208791
dbt,scala,2025-01-01,105,392,434,2880,0.26785714285714285,1.7774851876234365
dbt,snowflake,2025-01-01,392,392,784,2880,1.0,3.673469387755102
dbt,spark,2025-01-01,70,392,581,2880,0.17857142857142858,0.8851733464470125
dbt,sql,2025-01-01,24,392,585,2880,0.061224489795918366,0.30141287284144425
dbt,tableau,2025-01-01,112,392,584,2880,0.2857142857142857,1.4090019569471623
dbt,terraform,2025-01-01,24,392,360,2880,0.061224489795918366,0.4897959183673469
docker,airflow,2025-01-01,477,2115,570,2880,0.225531914893617,1.1395296752519597
docker,aws,2025-01-01,463,2115,556,2880,0.21891252955082743,1.1339354048675954
docker,azure,2025-01-01,365,2115,458,2880,0.17257683215130024,1.0851992938771717
docker,databricks,2025-01-01,616,2115,616,2880,0.2912529550827423,1.3617021276595744
docker,dbt,2025-01-01,24,2115,392,2880,0.011347517730496455,0.08336951801997394
docker,gcp,2025-01-01,413,2115,1178,2880,0.19527186761229315,0.4774049055376946
docker,hadoop,2025-01-01,404,2115,404,2880,0.19101654846335697,1.3617021276595744
docker,hive,2025-01-01,470,2115,563,2880,0.2222222222222222,1.1367673179396092
docker,java,2025-01-01,281,2115,584,2880,0.13286052009456265,0.655202564849898
docker,kafka,2025-01-01,478,2115,571,2880,0.2260047281323877,1.1399187688638819
docker,kubernetes,2025-01-01,249,2115,356,2880,0.11773049645390071,0.9524264881663878
docker,powerbi,2025-01-01,281,2115,584,2880,0.13286052009456265,0.655202564849898
docker,python,2025-01-01,492,2115,585,2880,0.2326241134751773,1.145226404800873
docker,scala,2025-01-01,257,2115,434,2880,0.12151300236406619,0.8063535640749093
docker,snowflake,2025-01-01,94,2115,784,2880,0.044444444444444446,0.16326530612244897
docker,spark,2025-01-01,488,2115,581,2880,0.23073286052009456,1.1437360383784378
docker,sql,2025-01-01,492,2115,585,2880,0.2326241134751773,1.145226404800873
docker,tableau,2025-01-01,281,2115,584,2880,0.13286052009456265,0.655202564849898
docker,terraform,2025-01-01,253,2115,360,2880,0.11962174940898346,0.9569739952718677
gcp,airflow,2025-01-01,163,1178,570,2880,0.13837011884550085,0.6991332320614779
gcp,aws,2025-01-01,148,1178,556,2880,0.12563667232597622,0.6507798854295171
gcp,azure,2025-01-01,128,1178,458,2880,0.10865874363327674,0.6832689555978974
gcp,databricks,2025-01-01,76,1178,616,2880,0.06451612903225806,0.3016338500209468
gcp,dbt,2025-01-01,392,1178,392,2880,0.33276740237691,2.4448217317487266
gcp,docker,2025-01-01,413,1178,2115,2880,0.35059422750424446,0.4774049055376946
gcp,hadoop,2025-01-01,41,1178,404,2880,0.03480475382003396,0.2481130965388559
gcp,hive,2025-01-01,155,1178,563,2880,0.13157894736842105,0.6730859119379266
gcp,java,2025-01-01,359,1178,584,2880,0.30475382003395585,1.5028955508523851
gcp,kafka,2025-01-01,163,1178,571,2880,0.13837011884550085,0.6979088306042774
gcp,kubernetes,2025-01-01,134,1178,356,2880,0.11375212224108659,0.92024188779306
gcp,powerbi,2025-01-01,359,1178,584,2880,0.30475382003395585,1.5028955508523851
gcp,python,2025-01-01,164,1178,585,2880,0.13921901528013583,0.6853859213791302
gcp,scala,2025-01-01,209,1178,434,2880,0.1774193548387097,1.1773450275011148
gcp,snowflake,2025-01-01,784,1178,784,2880,0.66553480475382,2.4448217317487266
gcp,spark,2025-01-01,164,1178,581,2880,0.13921901528013583,0.6901045852096234
gcp,sql,2025-01-01,164,1178,585,2880,0.13921901528013583,0.6853859213791302
gcp,tableau,2025-01-01,359,1178,584,2880,0.30475382003395585,1.5028955508523851
gcp,terraform,2025-01-01,134,1178,360,2880,0.11375212224108659,0.9100169779286927
hadoop,airflow,2025-01-01,134,404,570,2880,0.3316831683168317,1.675872850442939
hadoop,aws,2025-01-01,40,404,556,2880,0.09900990099009901,0.5128570410997935
hadoop,azure,2025-01-01,40,404,458,2880,0.09900990099009901,0.6225950105927623
hadoop,docker,2025-01-01,404,404,2115,2880,1.0,1.3617021276595744
hadoop,gcp,2025-01-01,41,404,1178,2880,0.10148514851485149,0.2481130965388559
hadoop,hive,2025-01-01,96,404,563,2880,0.2376237623762376,1.215553171658196
hadoop,java,2025-01-01,55,404,584,2880,0.13613861386138615,0.6713685067136851
hadoop,kafka,2025-01-01,265,404,571,2880,0.655940594059406,3.308421910492275
hadoop,kubernetes,2025-01-01,48,404,356,2880,0.1188118811881188,0.9611747691623095
hadoop,powerbi,2025-01-01,55,404,584,2880,0.13613861386138615,0.6713685067136851
hadoop,python,2025-01-01,55,404,585,2880,0.13613861386138615,0.6702208682406702
hadoop,scala,2025-01-01,55,404,434,2880,0.13613861386138615,0.9034083131815486
hadoop,spark,2025-01-01,55,404,581,2880,0.13613861386138615,0.6748351255091086
hadoop,sql,2025-01-01,55,404,585,2880,0.13613861386138615,0.6702208682406702
hadoop,tableau,2025-01-01,55,404,584,2880,0.13613861386138615,0.6713685067136851
hadoop,terraform,2025-01-01,56,404,360,2880,0.13861386138613863,1.108910891089109
hive,airflow,2025-01-01,80,563,570,2880,0.14209591474245115,0.7179583060671216
hive,aws,2025-01-01,79,563,556,2880,0.14031971580817051,0.7268359379991566
hive,azure,2025-01-01,59,563,458,2880,0.10479573712255773,0.6589775609453412
hive,databricks,2025-01-01,68,563,616,2880,0.12078152753108348,0.5646928559894812
hive,dbt,2025-01-01,24,563,392,2880,0.04262877442273535,0.31319099575887194
hive,docker,2025-01-01,470,563,2115,2880,0.8348134991119005,1.1367673179396092
hive,gcp,2025-01-01,155,563,1178,2880,0.2753108348134991,0.6730859119379266
hive,hadoop,2025-01-01,96,563,404,2880,0.1705150976909414,1.215553171658196
hive,java,2025-01-01,80,563,584,2880,0.14209591474245115,0.7007469768120879
hive,kafka,2025-01-01,80,563,571,2880,0.14209591474245115,0.7167009360039568
hive,kubernetes,2025-01-01,51,563,356,2880,0.0905861456483126,0.7328317400762369
hive,powerbi,2025-01-01,80,563,584,2880,0.14209591474245115,0.7007469768120879
hive,python,2025-01-01,81,563,585,2880,0.1438721136767318,0.7082934827162181
hive,scala,2025-01-01,56,563,434,2880,0.0994671403197158,0.6600584426746118
hive,snowflake,2025-01-01,94,563,784,2880,0.1669626998223801,0.6133323666944576
hive,spark,2025-01-01,81,563,581,2880,0.1438721136767318,0.7131698578123711
hive,sql,2025-01-01,81,563,585,2880,0.1438721136767318,0.7082934827162181
hive,tableau,2025-01-01,80,563,584,2880,0.14209591474245115,0.7007469768120879
hive,terraform,2025-01-01,51,563,360,2880,0.0905861456483126,0.7246891651865008
java,airflow,2025-01-01,81,584,570,2880,0.1386986301369863,0.7007930785868781
java,aws,2025-01-01,80,584,556,2880,0.136986301369863,0.7095693308367005
java,azure,2025-01-01,73,584,458,2880,0.125,0.7860262008733624
java,databricks,2025-01-01,84,584,616,2880,0.14383561643835616,0.6724782067247821
java,dbt,2025-01-01,144,584,392,2880,0.2465753424657534,1.8115739446463517
java,docker,2025-01-01,281,584,2115,2880,0.4811643835616438,0.655202564849898
java,gcp,2025-01-01,359,584,1178,2880,0.6147260273972602,1.5028955508523851
java,hadoop,2025-01-01,55,584,404,2880,0.09417808219178082,0.6713685067136851
java,hive,2025-01-01,80,584,563,2880,0.136986301369863,0.7007469768120879
java,kafka,2025-01-01,81,584,571,2880,0.1386986301369863,0.6995657702180745
java,kubernetes,2025-01-01,53,584,356,2880,0.09075342465753425,0.7341850084654455
java,powerbi,2025-01-01,82,584,584,2880,0.1404109589041096,0.6924376055545131
java,python,2025-01-01,82,584,585,2880,0.1404109589041096,0.6912539515279241
java,scala,2025-01-01,72,584,434,2880,0.1232876712328767,0.8181301685499652
java,snowflake,2025-01-01,319,584,784,2880,0.5462328767123288,2.0065697511881466
java,spark,2025-01-01,81,584,581,2880,0.1386986301369863,0.6875250512814467
java,sql,2025-01-01,82,584,585,2880,0.1404109589041096,0.6912539515279241
java,tableau,2025-01-01,82,584,584,2880,0.1404109589041096,0.6924376055545131
java,terraform,2025-01-01,53,584,360,2880,0.09075342465753425,0.726027397260274
kafka,airflow,2025-01-01,80,571,570,2880,0.14010507880910683,0.7078993455618029
kafka,aws,2025-01-01,79,571,556,2880,0.138353765323993,0.7166525973616903
kafka,azure,2025-01-01,59,571,458,2880,0.10332749562171628,0.6497449506343732
kafka,databricks,2025-01-01,68,571,616,2880,0.1190893169877408,0.5567812222803467
kafka,dbt,2025-01-01,70,571,392,2880,0.12259194395796848,0.9006755066299725
kafka,docker,2025-01-01,478,571,2115,2880,0.8371278458844134,1.1399187688638819
kafka,gcp,2025-01-01,163,571,1178,2880,0.28546409807355516,0.6979088306042774
kafka,hadoop,2025-01-01,265,571,404,2880,0.46409807355516636,3.308421910492275
kafka,hive,2025-01-01,80,571,563,2880,0.14010507880910683,0.7167009360039568
kafka,java,2025-01-01,81,571,584,2880,0.14185639229422067,0.6995657702180745
kafka,kubernetes,2025-01-01,52,571,356,2880,0.09106830122591944,0.736732324524292
kafka,powerbi,2025-01-01,81,571,584,2880,0.14185639229422067,0.6995657702180745
kafka,python,2025-01-01,81,571,585,2880,0.14185639229422067,0.6983699312946248
kafka,scala,2025-01-01,57,571,434,2880,0.09982486865148861,0.6624323081020442
kafka,snowflake,2025-01-01,94,571,784,2880,0.1646234676007005,0.6047392687372672
kafka,spark,2025-01-01,81,571,581,2880,0.14185639229422067,0.7031779858990629
kafka,sql,2025-01-01,81,571,585,2880,0.14185639229422067,0.6983699312946248
kafka,tableau,2025-01-01,81,571,584,2880,0.14185639229422067,0.6995657702180745
kafka,terraform,2025-01-01,52,571,360,2880,0.09106830122591944,0.7285464098073555
kubernetes,airflow,2025-01-01,51,356,570,2880,0.14325842696629212,0.7238320520402128
kubernetes,aws,2025-01-01,51,356,556,2880,0.14325842696629212,0.7420580389620888
kubernetes,azure,2025-01-01,41,356,458,2880,0.1151685393258427,0.7242039154114126
kubernetes,databricks,2025-01-01,84,356,616,2880,0.23595505617977527,1.1031664964249235
kubernetes,dbt,2025-01-01,77,356,392,2880,0.21629213483146068,1.5890850722311396
kubernetes,docker,2025-01-01,249,356,2115,2880,0.699438202247191,0.9524264881663878
kubernetes,gcp,2025-01-01,134,356,1178,2880,0.37640449438202245,0.92024188779306
kubernetes,hadoop,2025-01-01,48,356,404,2880,0.1348314606741573,0.9611747691623095
kubernetes,hive,2025-01-01,51,356,563,2880,0.14325842696629212,0.7328317400762369
kubernetes,java,2025-01-01,53,356,584,2880,0.14887640449438203,0.7341850084654455
kubernetes,kafka,2025-01-01,52,356,571,2880,0.14606741573033707,0.736732324524292
kubernetes,powerbi,2025-01-01,53,356,584,2880,0.14887640449438203,0.7341850084654455
kubernetes,python,2025-01-01,52,356,585,2880,0.14606741573033707,0.7191011235955056
kubernetes,scala,2025-01-01,43,356,434,2880,0.12078651685393259,0.8015326464039766
kubernetes,snowflake,2025-01-01,109,356,784,2880,0.3061797752808989,1.1247420316441183
kubernetes,spark,2025-01-01,52,356,581,2880,0.14606741573033707,0.724051905857781
kubernetes,sql,2025-01-01,52,356,585,2880,0.14606741573033707,0.7191011235955056
kubernetes,tableau,2025-01-01,53,356,584,2880,0.14887640449438203,0.7341850084654455
kubernetes,terraform,2025-01-01,24,356,360,2880,0.06741573033707865,0.5393258426966292
powerbi,airflow,2025-01-01,81,584,570,2880,0.1386986301369863,0.7007930785868781
powerbi,aws,2025-01-01,80,584,556,2880,0.136986301369863,0.7095693308367005
powerbi,azure,2025-01-01,73,584,458,2880,0.125,0.7860262008733624
powerbi,databricks,2025-01-01,84,584,616,2880,0.14383561643835616,0.6724782067247821
powerbi,dbt,2025-01-01,175,584,392,2880,0.2996575342465753,2.2015655577299413
powerbi,docker,2025-01-01,281,584,2115,2880,0.4811643835616438,0.655202564849898
powerbi,gcp,2025-01-01,359,584,1178,2880,0.6147260273972602,1.5028955508523851
powerbi,hadoop,2025-01-01,55,584,404,2880,0.09417808219178082,0.6713685067136851
powerbi,hive,2025-01-01,80,584,563,2880,0.136986301369863,0.7007469768120879
powerbi,java,2025-01-01,82,584,584,2880,0.1404109589041096,0.6924376055545131
powerbi,kafka,2025-01-01,81,584,571,2880,0.1386986301369863,0.6995657702180745
powerbi,kubernetes,2025-01-01,53,584,356,2880,0.09075342465753425,0.7341850084654455
powerbi,python,2025-01-01,82,584,585,2880,0.1404109589041096,0.6912539515279241
powerbi,scala,2025-01-01,72,584,434,2880,0.1232876712328767,0.8181301685499652
powerbi,snowflake,2025-01-01,319,584,784,2880,0.5462328767123288,2.0065697511881466
powerbi,spark,2025-01-01,81,584,581,2880,0.1386986301369863,0.6875250512814467
powerbi,sql,2025-01-01,82,584,585,2880,0.1404109589041096,0.6912539515279241
powerbi,tableau,2025-01-01,82,584,584,2880,0.1404109589041096,0.6924376055545131
powerbi,terraform,2025-01-01,53,584,360,2880,0.09075342465753425,0.726027397260274
python,airflow,2025-01-01,81,585,570,2880,0.13846153846153847,0.6995951417004048
python,aws,2025-01-01,80,585,556,2880,0.13675213675213677,0.7083563918096292
python,azure,2025-01-01,73,585,458,2880,0.12478632478632479,0.784682566341955
python,databricks,2025-01-01,181,585,616,2880,0.3094017094017094,1.4465534465534466
python,dbt,2025-01-01,70,585,392,2880,0.11965811965811966,0.8791208791208791
python,docker,2025-01-01,492,585,2115,2880,0.841025641025641,1.145226404800873
python,gcp,2025-01-01,164,585,1178,2880,0.28034188034188035,0.6853859213791302
python,hadoop,2025-01-01,55,585,404,2880,0.09401709401709402,0.6702208682406702
python,hive,2025-01-01,81,585,563,2880,0.13846153846153847,0.7082934827162181
python,java,2025-01-01,82,585,584,2880,0.14017094017094017,0.6912539515279241
python,kafka,2025-01-01,81,585,571,2880,0.13846153846153847,0.6983699312946248
python,kubernetes,2025-01-01,52,585,356,2880,0.08888888888888889,0.7191011235955056
python,powerbi,2025-01-01,82,585,584,2880,0.14017094017094017,0.6912539515279241
python,scala,2025-01-01,58,585,434,2880,0.09914529914529914,0.6579227224388515
python,snowflake,2025-01-01,94,585,784,2880,0.1606837606837607,0.5902668759811617
python,spark,2025-01-01,82,585,581,2880,0.14017094017094017,0.6948232490401165
python,sql,2025-01-01,82,585,585,2880,0.14017094017094017,0.6900723208415516
python,tableau,2025-01-01,82,585,584,2880,0.14017094017094017,0.6912539515279241
python,terraform,2025-01-01,53,585,360,2880,0.0905982905982906,0.7247863247863248
scala,airflow,2025-01-01,57,434,570,2880,0.1313364055299539,0.663594470046083
scala,aws,2025-01-01,56,434,556,2880,0.12903225806451613,0.6683685309816663
scala,azure,2025-01-01,49,434,458,2880,0.11290322580645161,0.7099591491759403
scala,databricks,2025-01-01,84,434,616,2880,0.1935483870967742,0.9049015500628403
scala,dbt,2025-01-01,105,434,392,2880,0.24193548387096775,1.7774851876234365
scala,docker,2025-01-01,257,434,2115,2880,0.5921658986175116,0.8063535640749093
scala,gcp,2025-01-01,209,434,1178,2880,0.4815668202764977,1.1773450275011148
scala,hadoop,2025-01-01,55,434,404,2880,0.12672811059907835,0.9034083131815486
scala,hive,2025-01-01,56,434,563,2880,0.12903225806451613,0.6600584426746118
scala,java,2025-01-01,72,434,584,2880,0.16589861751152074,0.8181301685499652
scala,kafka,2025-01-01,57,434,571,2880,0.1313364055299539,0.6624323081020442
scala,kubernetes,2025-01-01,43,434,356,2880,0.09907834101382489,0.8015326464039766
scala,powerbi,2025-01-01,72,434,584,2880,0.16589861751152074,0.8181301685499652
scala,python,2025-01-01,58,434,585,2880,0.1336405529953917,0.6579227224388515
scala,snowflake,2025-01-01,169,434,784,2880,0.38940092165898615,1.4304523652779084
scala,spark,2025-01-01,57,434,581,2880,0.1313364055299539,0.6510307193223189
scala,sql,2025-01-01,58,434,585,2880,0.1336405529953917,0.6579227224388515
scala,tableau,2025-01-01,72,434,584,2880,0.16589861751152074,0.8181301685499652
scala,terraform,2025-01-01,43,434,360,2880,0.09907834101382489,0.7926267281105991
snowflake,airflow,2025-01-01,94,784,570,2880,0.11989795918367346,0.6058002148227712
snowflake,aws,2025-01-01,94,784,556,2880,0.11989795918367346,0.62105417706651
snowflake,azure,2025-01-01,94,784,458,2880,0.11989795918367346,0.7539434987968987
snowflake,dbt,2025-01-01,392,784,392,2880,0.5,3.673469387755102
snowflake,docker,2025-01-01,94,784,2115,2880,0.11989795918367346,0.16326530612244897
snowflake,gcp,2025-01-01,784,784,1178,2880,1.0,2.4448217317487266
snowflake,hive,2025-01-01,94,784,563,2880,0.11989795918367346,0.6133323666944576
snowflake,java,2025-01-01,319,784,584,2880,0.40688775510204084,2.0065697511881466
snowflake,kafka,2025-01-01,94,784,571,2880,0.11989795918367346,0.6047392687372672
snowflake,kubernetes,2025-01-01,109,784,356,2880,0.13903061224489796,1.1247420316441183
snowflake,powerbi,2025-01-01,319,784,584,2880,0.40688775510204084,2.0065697511881466
snowflake,python,2025-01-01,94,784,585,2880,0.11989795918367346,0.5902668759811617
snowflake,scala,2025-01-01,169,784,434,2880,0.21556122448979592,1.4304523652779084
snowflake,spark,2025-01-01,94,784,581,2880,0.11989795918367346,0.5943306754715656
snowflake,sql,2025-01-01,94,784,585,2880,0.11989795918367346,0.5902668759811617
snowflake,tableau,2025-01-01,259,784,584,2880,0.33035714285714285,1.6291585127201567
snowflake,terraform,2025-01-01,94,784,360,2880,0.11989795918367346,0.9591836734693877
spark,airflow,2025-01-01,81,581,570,2880,0.13941480206540446,0.7044116314883595
spark,aws,2025-01-01,80,581,556,2880,0.13769363166953527,0.713233200014859
spark,azure,2025-01-01,69,581,458,2880,0.11876075731497418,0.7467925350810604
spark,databricks,2025-01-01,278,581,616,2880,0.4784853700516351,2.237074457384268
spark,dbt,2025-01-01,70,581,392,2880,0.12048192771084337,0.8851733464470125
spark,docker,2025-01-01,488,581,2115,2880,0.8399311531841652,1.1437360383784378
spark,gcp,2025-01-01,164,581,1178,2880,0.2822719449225473,0.6901045852096234
spark,hadoop,2025-01-01,55,581,404,2880,0.09466437177280551,0.6748351255091086
spark,hive,2025-01-01,81,581,563,2880,0.13941480206540446,0.7131698578123711
spark,java,2025-01-01,81,581,584,2880,0.13941480206540446,0.6875250512814467
spark,kafka,2025-01-01,81,581,571,2880,0.13941480206540446,0.7031779858990629
spark,kubernetes,2025-01-01,52,581,356,2880,0.08950086058519793,0.724051905857781
spark,powerbi,2025-01-01,81,581,584,2880,0.13941480206540446,0.6875250512814467
spark,python,2025-01-01,82,581,585,2880,0.14113597246127366,0.6948232490401165
spark,scala,2025-01-01,57,581,434,2880,0.0981067125645439,0.6510307193223189
spark,snowflake,2025-01-01,94,581,784,2880,0.16179001721170397,0.5943306754715656
spark,sql,2025-01-01,82,581,585,2880,0.14113597246127366,0.6948232490401165
spark,tableau,2025-01-01,81,581,584,2880,0.13941480206540446,0.6875250512814467
spark,terraform,2025-01-01,53,581,360,2880,0.09122203098106713,0.729776247848537
sql,airflow,2025-01-01,81,585,570,2880,0.13846153846153847,0.6995951417004048
sql,aws,2025-01-01,80,585,556,2880,0.13675213675213677,0.7083563918096292
sql,azure,2025-01-01,73,585,458,2880,0.12478632478632479,0.784682566341955
sql,databricks,2025-01-01,293,585,616,2880,0.5008547008547009,2.341658341658342
sql,dbt,2025-01-01,24,585,392,2880,0.041025641025641026,0.30141287284144425
sql,docker,2025-01-01,492,585,2115,2880,0.841025641025641,1.145226404800873
sql,gcp,2025-01-01,164,585,1178,2880,0.28034188034188035,0.6853859213791302
sql,hadoop,2025-01-01,55,585,404,2880,0.09401709401709402,0.6702208682406702
sql,hive,2025-01-01,81,585,563,2880,0.13846153846153847,0.7082934827162181
sql,java,2025-01-01,82,585,584,2880,0.14017094017094017,0.6912539515279241
sql,kafka,2025-01-01,81,585,571,2880,0.13846153846153847,0.6983699312946248
sql,kubernetes,2025-01-01,52,585,356,2880,0.08888888888888889,0.7191011235955056
sql,powerbi,2025-01-01,82,585,584,2880,0.14017094017094017,0.6912539515279241
sql,python,2025-01-01,82,585,585,2880,0.14017094017094017,0.6900723208415516
sql,scala,2025-01-01,58,585,434,2880,0.09914529914529914,0.6579227224388515
sql,snowflake,2025-01-01,94,585,784,2880,0.1606837606837607,0.5902668759811617
sql,spark,2025-01-01,82,585,581,2880,0.14017094017094017,0.6948232490401165
sql,tableau,2025-01-01,82,585,584,2880,0.14017094017094017,0.6912539515279241
sql,terraform,2025-01-01,53,585,360,2880,0.0905982905982906,0.7247863247863248
tableau,airflow,2025-01-01,81,584,570,2880,0.1386986301369863,0.7007930785868781
tableau,aws,2025-01-01,80,584,556,2880,0.136986301369863,0.7095693308367005
tableau,azure,2025-01-01,73,584,458,2880,0.125,0.7860262008733624
tableau,databricks,2025-01-01,69,584,616,2880,0.11815068493150685,0.5523928126667853
tableau,dbt,2025-01-01,112,584,392,2880,0.1917808219178082,1.4090019569471623
tableau,docker,2025-01-01,281,584,2115,2880,0.4811643835616438,0.655202564849898
tableau,gcp,2025-01-01,359,584,1178,2880,0.6147260273972602,1.5028955508523851
tableau,hadoop,2025-01-01,55,584,404,2880,0.09417808219178082,0.6713685067136851
tableau,hive,2025-01-01,80,584,563,2880,0.136986301369863,0.7007469768120879
tableau,java,2025-01-01,82,584,584,2880,0.1404109589041096,0.6924376055545131
tableau,kafka,2025-01-01,81,584,571,2880,0.1386986301369863,0.6995657702180745
tableau,kubernetes,2025-01-01,53,584,356,2880,0.09075342465753425,0.7341850084654455
tableau,powerbi,2025-01-01,82,584,584,2880,0.1404109589041096,0.6924376055545131
tableau,python,2025-01-01,82,584,585,2880,0.1404109589041096,0.6912539515279241
tableau,scala,2025-01-01,72,584,434,2880,0.1232876712328767,0.8181301685499652
tableau,snowflake,2025-01-01,259,584,784,2880,0.4434931506849315,1.6291585127201567
tableau,spark,2025-01-01,81,584,581,2880,0.1386986301369863,0.6875250512814467
tableau,sql,2025-01-01,82,584,585,2880,0.1404109589041096,0.6912539515279241
tableau,terraform,2025-01-01,53,584,360,2880,0.09075342465753425,0.726027397260274
terraform,airflow,2025-01-01,52,360,570,2880,0.14444444444444443,0.7298245614035088
terraform,aws,2025-01-01,51,360,556,2880,0.14166666666666666,0.7338129496402878
terraform,azure,2025-01-01,45,360,458,2880,0.125,0.7860262008733624
terraform,databricks,2025-01-01,84,360,616,2880,0.23333333333333334,1.0909090909090908
terraform,dbt,2025-01-01,24,360,392,2880,0.06666666666666667,0.4897959183673469
terraform,docker,2025-01-01,253,360,2115,2880,0.7027777777777777,0.9569739952718677
terraform,gcp,2025-01-01,134,360,1178,2880,0.37222222222222223,0.9100169779286927
terraform,hadoop,2025-01-01,56,360,404,2880,0.15555555555555556,1.108910891089109
terraform,hive,2025-01-01,51,360,563,2880,0.14166666666666666,0.7246891651865008
terraform,java,2025-01-01,53,360,584,2880,0.14722222222222223,0.726027397260274
terraform,kafka,2025-01-01,52,360,571,2880,0.14444444444444443,0.7285464098073555
terraform,kubernetes,2025-01-01,24,360,356,2880,0.06666666666666667,0.5393258426966292
terraform,powerbi,2025-01-01,53,360,584,2880,0.14722222222222223,0.726027397260274
terraform,python,2025-01-01,53,360,585,2880,0.14722222222222223,0.7247863247863248
terraform,scala,2025-01-01,43,360,434,2880,0.11944444444444445,0.7926267281105991
terraform,snowflake,2025-01-01,94,360,784,2880,0.2611111111111111,0.9591836734693877
terraform,spark,2025-01-01,53,360,581,2880,0.14722222222222223,0.729776247848537
terraform,sql,2025-01-01,53,360,585,2880,0.14722222222222223,0.7247863247863248
terraform,tableau,2025-01-01,53,360,584,2880,0.14722222222222223,0.726027397260274
airflow,aws,2025-02-01,46,484,359,2880,0.09504132231404959,0.7624484909873616
airflow,azure,2025-02-01,46,484,359,2880,0.09504132231404959,0.7624484909873616
airflow,databricks,2025-02-01,70,484,634,2880,0.1446280991735537,0.6569856870975311
airflow,dbt,2025-02-01,24,484,403,2880,0.049586776859504134,0.3543670405840494
airflow,docker,2025-02-01,258,484,2077,2880,0.5330578512396694,0.7391461779346403
airflow,gcp,2025-02-01,55,484,502,2880,0.11363636363636363,0.6519377037305324
airflow,hadoop,2025-02-01,38,484,366,2880,0.07851239669421488,0.6178024657905433
airflow,hive,2025-02-01,34,484,341,2880,0.07024793388429752,0.5932963330990524
airflow,java,2025-02-01,76,484,586,2880,0.15702479338842976,0.7717259470284602
airflow,kafka,2025-02-01,31,484,344,2880,0.0640495867768595,0.5362290985969633
airflow,kubernetes,2025-02-01,301,484,1388,2880,0.621900826446281,1.2903994093409865
airflow,powerbi,2025-02-01,76,484,575,2880,0.15702479338842976,0.7864893999281352
airflow,python,2025-02-01,60,484,570,2880,0.12396694214876033,0.626359286646368
airflow,scala,2025-02-01,76,484,586,2880,0.15702479338842976,0.7717259470284602
airflow,snowflake,2025-02-01,95,484,806,2880,0.1962809917355372,0.7013514344892644
airflow,spark,2025-02-01,58,484,528,2880,0.11983471074380166,0.6536438767843726
airflow,sql,2025-02-01,59,484,555,2880,0.12190082644628099,0.6325664507482689
airflow,tableau,2025-02-01,75,484,571,2880,0.15495867768595042,0.7815779189764224
airflow,terraform,2025-02-01,75,484,585,2880,0.15495867768595042,0.7628734901462174
aws,airflow,2025-02-01,46,359,484,2880,0.12813370473537605,0.7624484909873616
aws,azure,2025-02-01,24,359,359,2880,0.06685236768802229,0.5363086878593432
aws,databricks,2025-02-01,85,359,634,2880,0.23676880222841226,1.0755428240028821
aws,dbt,2025-02-01,78,359,403,2880,0.21727019498607242,1.552700152754066
aws,docker,2025-02-01,250,359,2077,2880,0.6963788300835655,0.9656095477326281
aws,gcp,2025-02-01,47,359,502,2880,0.1309192200557103,0.751090346136346
aws,hadoop,2025-02-01,53,359,366,2880,0.14763231197771587,1.161696881136125
aws,hive,2025-02-01,22,359,341,2880,0.06128133704735376,0.5175667175846886
aws,java,2025-02-01,53,359,586,2880,0.14763231197771587,0.7255649462386037
aws,kafka,2025-02-01,23,359,344,2880,0.06406685236768803,0.5363736477294812
aws,kubernetes,2025-02-01,162,359,1388,2880,0.45125348189415043,0.9363184638725888
aws,powerbi,2025-02-01,52,359,575,2880,0.14484679665738162,0.7254935206491462
aws,python,2025-02-01,52,359,570,2880,0.14484679665738162,0.7318574989004545
aws,scala,2025-02-01,53,359,586,2880,0.14763231197771587,0.7255649462386037
aws,snowflake,2025-02-01,110,359,806,2880,0.3064066852367688,1.0948526718137646
aws,spark,2025-02-01,49,359,528,2880,0.13649025069637882,0.7444922765257027
aws,sql,2025-02-01,51,359,555,2880,0.14206128133704735,0.7371828653165701
aws,tableau,2025-02-01,52,359,571,2880,0.14484679665738162,0.7305757869934484
aws,terraform,2025-02-01,53,359,585,2880,0.14763231197771587,0.7268052281979859
azure,airflow,2025-02-01,46,359,484,2880,0.12813370473537605,0.7624484909873616
azure,aws,2025-02-01,24,359,359,2880,0.06685236768802229,0.5363086878593432
azure,databricks,2025-02-01,85,359,634,2880,0.23676880222841226,1.0755428240028821
azure,dbt,2025-02-01,31,359,403,2880,0.08635097493036212,0.6170987786586672
azure,docker,2025-02-01,250,359,2077,2880,0.6963788300835655,0.9656095477326281
azure,gcp,2025-02-01,47,359,502,2880,0.1309192200557103,0.751090346136346
azure,hadoop,2025-02-01,53,359,366,2880,0.14763231197771587,1.161696881136125
azure,hive,2025-02-01,22,359,341,2880,0.06128133704735376,0.5175667175846886
azure,java,2025-02-01,53,359,586,2880,0.14763231197771587,0.7255649462386037
azure,kafka,2025-02-01,23,359,344,2880,0.06406685236768803,0.5363736477294812
azure,kubernetes,2025-02-01,162,359,1388,2880,0.45125348189415043,0.9363184638725888
azure,powerbi,2025-02-01,52,359,575,2880,0.14484679665738162,0.7254935206491462
azure,python,2025-02-01,52,359,570,2880,0.14484679665738162,0.7318574989004545
azure,scala,2025-02-01,53,359,586,2880,0.14763231197771587,0.7255649462386037
azure,snowflake,2025-02-01,108,359,806,2880,0.3008356545961003,1.0749462595989687
azure,spark,2025-02-01,49,359,528,2880,0.13649025069637882,0.7444922765257027
azure,sql,2025-02-01,51,359,555,2880,0.14206128133704735,0.7371828653165701
azure,tableau,2025-02-01,52,359,571,2880,0.14484679665738162,0.7305757869934484
azure,terraform,2025-02-01,53,359,585,2880,0.14763231197771587,0.7268052281979859
databricks,airflow,2025-02-01,70,634,484,2880,0.11041009463722397,0.6569856870975311
databricks,aws,2025-02-01,85,634,359,2880,0.13406940063091483,1.0755428240028821
databricks,azure,2025-02-01,85,634,359,2880,0.13406940063091483,1.0755428240028821
databricks,docker,2025-02-01,634,634,2077,2880,1.0,1.386615310544054
databricks,gcp,2025-02-01,85,634,502,2880,0.13406940063091483,0.7691630952530571
databricks,hive,2025-02-01,85,634,341,2880,0.13406940063091483,1.1323163455045007
databricks,java,2025-02-01,294,634,586,2880,0.4637223974763407,2.279045229917852
databricks,kafka,2025-02-01,85,634,344,2880,0.13406940063091483,1.1224414936541707
databricks,kubernetes,2025-02-01,84,634,1388,2880,0.13249211356466878,0.2749115901053646
databricks,powerbi,2025-02-01,244,634,575,2880,0.38485804416403785,1.927636812508572
databricks,python,2025-02-01,70,634,570,2880,0.11041009463722397,0.5578615307986053
databricks,scala,2025-02-01,234,634,586,2880,0.36908517350157727,1.8139339585060454
databricks,spark,2025-02-01,70,634,528,2880,0.11041009463722397,0.6022368798394035
databricks,sql,2025-02-01,70,634,555,2880,0.11041009463722397,0.5729388694688379
databricks,tableau,2025-02-01,69,634,571,2880,0.10883280757097792,0.5489290469429359
databricks,terraform,2025-02-01,79,634,585,2880,0.12460567823343849,0.6134433389953895
dbt,airflow,2025-02-01,24,403,484,2880,0.05955334987593052,0.3543670405840494
dbt,aws,2025-02-01,78,403,359,2880,0.1935483870967742,1.552700152754066
dbt,azure,2025-02-01,31,403,359,2880,0.07692307692307693,0.6170987786586672
dbt,docker,2025-02-01,403,403,2077,2880,1.0,1.386615310544054
dbt,gcp,2025-02-01,138,403,502,2880,0.3424317617866005,1.9645487528793018
dbt,hive,2025-02-01,28,403,341,2880,0.06947890818858561,0.586801336020899
dbt,java,2025-02-01,24,403,586,2880,0.05955334987593052,0.29268540553358346
dbt,kafka,2025-02-01,71,403,344,2880,0.1761786600496278,1.4749841306480467
dbt,kubernetes,2025-02-01,177,403,1388,2880,0.4392059553349876,0.9113207142397437
dbt,powerbi,2025-02-01,71,403,575,2880,0.1761786600496278,0.8824252885963966
dbt,python,2025-02-01,71,403,570,2880,0.1761786600496278,0.8901658613033825
dbt,scala,2025-02-01,72,403,586,2880,0.17866004962779156,0.8780562166007504
dbt,snowflake,2025-02-01,403,403,806,2880,1.0,3.5732009925558312
dbt,spark,2025-02-01,71,403,528,2880,0.1761786600496278,0.9609745093616061
dbt,sql,2025-02-01,24,403,555,2880,0.05955334987593052,0.30903359935618
dbt,tableau,2025-02-01,24,403,571,2880,0.05955334987593052,0.30037416399768807
dbt,terraform,2025-02-01,87,403,585,2880,0.21588089330024815,1.0627982439396833
docker,airflow,2025-02-01,258,2077,484,2880,0.1242176215695715,0.7391461779346403
docker,aws,2025-02-01,250,2077,359,2880,0.1203659123736158,0.9656095477326281
docker,azure,2025-02-01,250,2077,359,2880,0.1203659123736158,0.9656095477326281
docker,databricks,2025-02-01,634,2077,634,2880,0.30524795377948966,1.386615310544054
docker,dbt,2025-02-01,403,2077,403,2880,0.19402985074626866,1.386615310544054
docker,gcp,2025-02-01,393,2077,502,2880,0.18921521425132404,1.0855374841510224
docker,hadoop,2025-02-01,188,2077,366,2880,0.09051516610495908,0.7122504873832846
docker,hive,2025-02-01,242,2077,341,2880,0.11651420317766009,0.9840495752248125
docker,java,2025-02-01,476,2077,586,2880,0.22917669715936448,1.1263291601006309
docker,kafka,2025-02-01,235,2077,344,2880,0.11314395763119885,0.9472517383077113
docker,kubernetes,2025-02-01,585,2077,1388,2880,0.28165623495426095,0.5844163952941438
docker,powerbi,2025-02-01,475,2077,575,2880,0.22869523350987,1.1454648217537837
docker,python,2025-02-01,264,2077,570,2880,0.1271064034665383,0.6422218280414566
docker,scala,2025-02-01,476,2077,586,2880,0.22917669715936448,1.1263291601006309
docker,snowflake,2025-02-01,806,2077,806,2880,0.3880597014925373,1.386615310544054
docker,spark,2025-02-01,261,2077,528,2880,0.1256620125180549,0.6854291591893903
docker,sql,2025-02-01,263,2077,555,2880,0.1266249398170438,0.6570807687803355
docker,tableau,2025-02-01,475,2077,571,2880,0.22869523350987,1.1534890937100273
docker,terraform,2025-02-01,476,2077,585,2880,0.22917669715936448,1.1282545090922558
gcp,airflow,2025-02-01,55,502,484,2880,0.10956175298804781,0.6519377037305324
gcp,aws,2025-02-01,47,502,359,2880,0.09362549800796813,0.751090346136346
gcp,azure,2025-02-01,47,502,359,2880,0.09362549800796813,0.751090346136346
gcp,databricks,2025-02-01,85,502,634,2880,0.1693227091633466,0.7691630952530571
gcp,dbt,2025-02-01,138,502,403,2880,0.2749003984063745,1.9645487528793018
gcp,docker,2025-02-01,393,502,2077,2880,0.7828685258964143,1.0855374841510224
gcp,hadoop,2025-02-01,53,502,366,2880,0.10557768924302789,0.8307752596172686
gcp,hive,2025-02-01,39,502,341,2880,0.07768924302788845,0.6561437534320197
gcp,java,2025-02-01,77,502,586,2880,0.15338645418326693,0.7538446895013802
gcp,kafka,2025-02-01,32,502,344,2880,0.06374501992031872,0.5336792365422033
gcp,kubernetes,2025-02-01,186,502,1388,2880,0.3705179282868526,0.7687980068199823
gcp,powerbi,2025-02-01,76,502,575,2880,0.15139442231075698,0.7582885847912697
gcp,python,2025-02-01,61,502,570,2880,0.12151394422310757,0.6139651918641225
gcp,scala,2025-02-01,77,502,586,2880,0.15338645418326693,0.7538446895013802
gcp,snowflake,2025-02-01,238,502,806,2880,0.47410358565737054,1.694067402845195
gcp,spark,2025-02-01,58,502,528,2880,0.11553784860557768,0.6302064469395147
gcp,sql,2025-02-01,60,502,555,2880,0.11952191235059761,0.6202218154409389
gcp,tableau,2025-02-01,76,502,571,2880,0.15139442231075698,0.7636005888878811
gcp,terraform,2025-02-01,77,502,585,2880,0.15338645418326693,0.7551333129022372
hadoop,airflow,2025-02-01,38,366,484,2880,0.10382513661202186,0.6178024657905433
hadoop,aws,2025-02-01,53,366,359,2880,0.1448087431693989,1.161696881136125
hadoop,azure,2025-02-01,53,366,359,2880,0.1448087431693989,1.161696881136125
hadoop,docker,2025-02-01,188,366,2077,2880,0.5136612021857924,0.7122504873832846
hadoop,gcp,2025-02-01,53,366,502,2880,0.1448087431693989,0.8307752596172686
hadoop,hive,2025-02-01,38,366,341,2880,0.10382513661202186,0.8768809191865776
hadoop,java,2025-02-01,38,366,586,2880,0.10382513661202186,0.510266883007889
hadoop,kafka,2025-02-01,38,366,344,2880,0.10382513661202186,0.86923370186809
hadoop,kubernetes,2025-02-01,231,366,1388,2880,0.6311475409836066,1.3095856758161288
hadoop,powerbi,2025-02-01,37,366,575,2880,0.10109289617486339,0.506343549536707
hadoop,python,2025-02-01,216,366,570,2880,0.5901639344262295,2.9818809318377912
hadoop,scala,2025-02-01,51,366,586,2880,0.13934426229508196,0.6848318693000616
hadoop,spark,2025-02-01,38,366,528,2880,0.10382513661202186,0.5663189269746647
hadoop,sql,2025-02-01,38,366,555,2880,0.10382513661202186,0.5387682764731945
hadoop,tableau,2025-02-01,172,366,571,2880,0.46994535519125685,2.3703023169016104
hadoop,terraform,2025-02-01,53,366,585,2880,0.1448087431693989,0.7129045817570407
hive,airflow,2025-02-01,34,341,484,2880,0.09970674486803519,0.5932963330990524
hive,aws,2025-02-01,22,341,359,2880,0.06451612903225806,0.5175667175846886
hive,azure,2025-02-01,22,341,359,2880,0.06451612903225806,0.5175667175846886
hive,databricks,2025-02-01,85,341,634,2880,0.24926686217008798,1.1323163455045007
hive,dbt,2025-02-01,28,341,403,2880,0.08211143695014662,0.586801336020899
hive,docker,2025-02-01,242,341,2077,2880,0.7096774193548387,0.9840495752248125
hive,gcp,2025-02-01,39,341,502,2880,0.11436950146627566,0.6561437534320197
hive,hadoop,2025-02-01,38,341,366,2880,0.11143695014662756,0.8768809191865776
hive,java,2025-02-01,53,341,586,2880,0.15542521994134897,0.7638645621690872
hive,kafka,2025-02-01,21,341,344,2880,0.06158357771260997,0.5155834413148742
hive,kubernetes,2025-02-01,151,341,1388,2880,0.44281524926686217,0.9188097391127976
hive,powerbi,2025-02-01,52,341,575,2880,0.15249266862170088,0.7637893663139105
hive,python,2025-02-01,50,341,570,2880,0.1466275659824047,0.7408550702268869
hive,scala,2025-02-01,53,341,586,2880,0.15542521994134897,0.7638645621690872
hive,snowflake,2025-02-01,103,341,806,2880,0.3020527859237537,1.0792953144670105
hive,spark,2025-02-01,47,341,528,2880,0.1378299120234604,0.7517995201279659
hive,sql,2025-02-01,49,341,555,2880,0.1436950146627566,0.7456606166283586
hive,tableau,2025-02-01,52,341,571,2880,0.15249266862170088,0.7691399047819589
hive,terraform,2025-02-01,52,341,585,2880,0.15249266862170088,0.750733137829912
java,airflow,2025-02-01,76,586,484,2880,0.1296928327645051,0.7717259470284602
java,aws,2025-02-01,53,586,359,2880,0.09044368600682594,0.7255649462386037
java,azure,2025-02-01,53,586,359,2880,0.09044368600682594,0.7255649462386037
java,databricks,2025-02-01,294,586,634,2880,0.5017064846416383,2.279045229917852
java,dbt,2025-02-01,24,586,403,2880,0.040955631399317405,0.29268540553358346
java,docker,2025-02-01,476,586,2077,2880,0.8122866894197952,1.1263291601006309
java,gcp,2025-02-01,77,586,502,2880,0.13139931740614336,0.7538446895013802
java,hadoop,2025-02-01,38,586,366,2880,0.06484641638225255,0.510266883007889
java,hive,2025-02-01,53,586,341,2880,0.09044368600682594,0.7638645621690872
java,kafka,2025-02-01,52,586,344,2880,0.08873720136518772,0.7429161044527344
java,kubernetes,2025-02-01,192,586,1388,2880,0.32764505119453924,0.6798398756774301
java,powerbi,2025-02-01,81,586,575,2880,0.13822525597269625,0.6923282386110698
java,python,2025-02-01,81,586,570,2880,0.13822525597269625,0.6984012933357284
java,scala,2025-02-01,82,586,586,2880,0.13993174061433447,0.6877191347598691
java,snowflake,2025-02-01,96,586,806,2880,0.16382252559726962,0.5853708110671669
java,spark,2025-02-01,78,586,528,2880,0.13310580204778158,0.726031647533354
java,sql,2025-02-01,80,586,555,2880,0.13651877133105803,0.7084217323125173
java,tableau,2025-02-01,81,586,571,2880,0.13822525597269625,0.6971781737326886
java,terraform,2025-02-01,82,586,585,2880,0.13993174061433447,0.6888947230244159
kafka,airflow,2025-02-01,31,344,484,2880,0.09011627906976744,0.5362290985969633
kafka,aws,2025-02-01,23,344,359,2880,0.06686046511627906,0.5363736477294812
kafka,azure,2025-02-01,23,344,359,2880,0.06686046511627906,0.5363736477294812
kafka,databricks,2025-02-01,85,344,634,2880,0.24709302325581395,1.1224414936541707
kafka,dbt,2025-02-01,71,344,403,2880,0.2063953488372093,1.4749841306480467
kafka,docker,2025-02-01,235,344,2077,2880,0.6831395348837209,0.9472517383077113
kafka,gcp,2025-02-01,32,344,502,2880,0.09302325581395349,0.5336792365422033
kafka,hadoop,2025-02-01,38,344,366,2880,0.11046511627906977,0.86923370186809
kafka,hive,2025-02-01,21,344,341,2880,0.061046511627906974,0.5155834413148742
kafka,java,2025-02-01,52,344,586,2880,0.1511627906976744,0.7429161044527344
kafka,kubernetes,2025-02-01,161,344,1388,2880,0.4680232558139535,0.9711145365592119
kafka,powerbi,2025-02-01,51,344,575,2880,0.14825581395348839,0.7425682507583418
kafka,python,2025-02-01,65,344,570,2880,0.18895348837209303,0.9547123623011016
kafka,scala,2025-02-01,52,344,586,2880,0.1511627906976744,0.7429161044527344
kafka,snowflake,2025-02-01,95,344,806,2880,0.2761627906976744,0.9867851578279185
kafka,spark,2025-02-01,48,344,528,2880,0.13953488372093023,0.7610993657505285
kafka,sql,2025-02-01,50,344,555,2880,0.14534883720930233,0.754242614707731
kafka,tableau,2025-02-01,51,344,571,2880,0.14825581395348839,0.7477701299230236
kafka,terraform,2025-02-01,52,344,585,2880,0.1511627906976744,0.7441860465116279
kubernetes,airflow,2025-02-01,301,1388,484,2880,0.21685878962536023,1.2903994093409865
kubernetes,aws,2025-02-01,162,1388,359,2880,0.11671469740634005,0.9363184638725888
kubernetes,azure,2025-02-01,162,1388,359,2880,0.11671469740634005,0.9363184638725888
kubernetes,databricks,2025-02-01,84,1388,634,2880,0.06051873198847262,0.2749115901053646
kubernetes,dbt,2025-02-01,177,1388,403,2880,0.12752161383285301,0.9113207142397437
kubernetes,docker,2025-02-01,585,1388,2077,2880,0.4214697406340058,0.5844163952941438
kubernetes,gcp,2025-02-01,186,1388,502,2880,0.1340057636887608,0.7687980068199823
kubernetes,hadoop,2025-02-01,231,1388,366,2880,0.16642651296829972,1.3095856758161288
kubernetes,hive,2025-02-01,151,1388,341,2880,0.10878962536023054,0.9188097391127976
kubernetes,java,2025-02-01,192,1388,586,2880,0.138328530259366,0.6798398756774301
kubernetes,kafka,2025-02-01,161,1388,344,2880,0.11599423631123919,0.9711145365592119
kubernetes,powerbi,2025-02-01,181,1388,575,2880,0.1304034582132565,0.6531512341811803
kubernetes,python,2025-02-01,387,1388,570,2880,0.2788184438040346,1.4087668739572274
kubernetes,scala,2025-02-01,192,1388,586,2880,0.138328530259366,0.6798398756774301
kubernetes,snowflake,2025-02-01,321,1388,806,2880,0.23126801152737753,0.8263670883360388
kubernetes,spark,2025-02-01,345,1388,528,2880,0.24855907780979827,1.355776788053445
kubernetes,sql,2025-02-01,372,1388,555,2880,0.2680115273775216,1.3907625204455176
kubernetes,tableau,2025-02-01,177,1388,571,2880,0.12752161383285301,0.643191327212989
kubernetes,terraform,2025-02-01,191,1388,585,2880,0.13760806916426513,0.6774551097317668
powerbi,airflow,2025-02-01,76,575,484,2880,0.13217391304347825,0.7864893999281352
powerbi,aws,2025-02-01,52,575,359,2880,0.09043478260869565,0.7254935206491462
powerbi,azure,2025-02-01,52,575,359,2880,0.09043478260869565,0.7254935206491462
powerbi,databricks,2025-02-01,244,575,634,2880,0.42434782608695654,1.927636812508572
powerbi,dbt,2025-02-01,71,575,403,2880,0.12347826086956522,0.8824252885963966
powerbi,docker,2025-02-01,475,575,2077,2880,0.8260869565217391,1.1454648217537837
powerbi,gcp,2025-02-01,76,575,502,2880,0.13217391304347825,0.7582885847912697
powerbi,hadoop,2025-02-01,37,575,366,2880,0.06434782608695652,0.506343549536707
powerbi,hive,2025-02-01,52,575,341,2880,0.09043478260869565,0.7637893663139105
powerbi,java,2025-02-01,81,575,586,2880,0.1408695652173913,0.6923282386110698
powerbi,kafka,2025-02-01,51,575,344,2880,0.08869565217391304,0.7425682507583418
powerbi,kubernetes,2025-02-01,181,575,1388,2880,0.31478260869565217,0.6531512341811803
powerbi,python,2025-02-01,81,575,570,2880,0.1408695652173913,0.7117620137299772
powerbi,scala,2025-02-01,81,575,586,2880,0.1408695652173913,0.6923282386110698
powerbi,snowflake,2025-02-01,95,575,806,2880,0.16521739130434782,0.5903549465961808
powerbi,spark,2025-02-01,67,575,528,2880,0.11652173913043479,0.6355731225296443
powerbi,sql,2025-02-01,80,575,555,2880,0.1391304347826087,0.7219741480611046
powerbi,tableau,2025-02-01,80,575,571,2880,0.1391304347826087,0.7017436990786569
powerbi,terraform,2025-02-01,81,575,585,2880,0.1408695652173913,0.6935117056856187
python,airflow,2025-02-01,60,570,484,2880,0.10526315789473684,0.626359286646368
python,aws,2025-02-01,52,570,359,2880,0.0912280701754386,0.7318574989004545
python,azure,2025-02-01,52,570,359,2880,0.0912280701754386,0.7318574989004545
python,databricks,2025-02-01,70,570,634,2880,0.12280701754385964,0.5578615307986053
python,dbt,2025-02-01,71,570,403,2880,0.12456140350877193,0.8901658613033825
python,docker,2025-02-01,264,570,2077,2880,0.4631578947368421,0.6422218280414566
python,gcp,2025-02-01,61,570,502,2880,0.10701754385964912,0.6139651918641225
python,hadoop,2025-02-01,216,570,366,2880,0.37894736842105264,2.9818809318377912
python,hive,2025-02-01,50,570,341,2880,0.08771929824561403,0.7408550702268869
python,java,2025-02-01,81,570,586,2880,0.14210526315789473,0.6984012933357284
python,kafka,2025-02-01,65,570,344,2880,0.11403508771929824,0.9547123623011016
python,kubernetes,2025-02-01,387,570,1388,2880,0.6789473684210526,1.4087668739572274
python,powerbi,2025-02-01,81,570,575,2880,0.14210526315789473,0.7117620137299772
python,scala,2025-02-01,81,570,586,2880,0.14210526315789473,0.6984012933357284
python,snowflake,2025-02-01,95,570,806,2880,0.16666666666666666,0.5955334987593052
python,spark,2025-02-01,78,570,528,2880,0.1368421052631579,0.7464114832535885
python,sql,2025-02-01,79,570,555,2880,0.13859649122807016,0.719203413940256
python,tableau,2025-02-01,80,570,571,2880,0.14035087719298245,0.7078993455618029
python,terraform,2025-02-01,81,570,585,2880,0.14210526315789473,0.6995951417004048
scala,airflow,2025-02-01,76,586,484,2880,0.1296928327645051,0.7717259470284602
scala,aws,2025-02-01,53,586,359,2880,0.09044368600682594,0.7255649462386037
scala,azure,2025-02-01,53,586,359,2880,0.09044368600682594,0.7255649462386037
scala,databricks,2025-02-01,234,586,634,2880,0.3993174061433447,1.8139339585060454
scala,dbt,2025-02-01,72,586,403,2880,0.12286689419795221,0.8780562166007504
scala,docker,2025-02-01,476,586,2077,2880,0.8122866894197952,1.1263291601006309
scala,gcp,2025-02-01,77,586,502,2880,0.13139931740614336,0.7538446895013802
scala,hadoop,2025-02-01,51,586,366,2880,0.08703071672354949,0.6848318693000616
scala,hive,2025-02-01,53,586,341,2880,0.09044368600682594,0.7638645621690872
scala,java,2025-02-01,82,586,586,2880,0.13993174061433447,0.6877191347598691
scala,kafka,2025-02-01,52,586,344,2880,0.08873720136518772,0.7429161044527344
scala,kubernetes,2025-02-01,192,586,1388,2880,0.32764505119453924,0.6798398756774301
scala,powerbi,2025-02-01,81,586,575,2880,0.13822525597269625,0.6923282386110698
scala,python,2025-02-01,81,586,570,2880,0.13822525597269625,0.6984012933357284
scala,snowflake,2025-02-01,96,586,806,2880,0.16382252559726962,0.5853708110671669
scala,spark,2025-02-01,78,586,528,2880,0.13310580204778158,0.726031647533354
scala,sql,2025-02-01,80,586,555,2880,0.13651877133105803,0.7084217323125173
scala,tableau,2025-02-01,81,586,571,2880,0.13822525597269625,0.6971781737326886
scala,terraform,2025-02-01,82,586,585,2880,0.13993174061433447,0.6888947230244159
snowflake,airflow,2025-02-01,95,806,484,2880,0.11786600496277916,0.7013514344892644
snowflake,aws,2025-02-01,110,806,359,2880,0.13647642679900746,1.0948526718137646
snowflake,azure,2025-02-01,108,806,359,2880,0.13399503722084366,1.0749462595989687
snowflake,dbt,2025-02-01,403,806,403,2880,0.5,3.5732009925558312
snowflake,docker,2025-02-01,806,806,2077,2880,1.0,1.386615310544054
snowflake,gcp,2025-02-01,238,806,502,2880,0.29528535980148884,1.694067402845195
snowflake,hive,2025-02-01,103,806,341,2880,0.12779156327543426,1.0792953144670105
snowflake,java,2025-02-01,96,806,586,2880,0.11910669975186104,0.5853708110671669
snowflake,kafka,2025-02-01,95,806,344,2880,0.11786600496277916,0.9867851578279185
snowflake,kubernetes,2025-02-01,321,806,1388,2880,0.39826302729528534,0.8263670883360388
snowflake,powerbi,2025-02-01,95,806,575,2880,0.11786600496277916,0.5903549465961808
snowflake,python,2025-02-01,95,806,570,2880,0.11786600496277916,0.5955334987593052
snowflake,scala,2025-02-01,96,806,586,2880,0.11910669975186104,0.5853708110671669
snowflake,spark,2025-02-01,95,806,528,2880,0.11786600496277916,0.642905481615159
snowflake,sql,2025-02-01,95,806,555,2880,0.11786600496277916,0.6116289987257729
snowflake,tableau,2025-02-01,95,806,571,2880,0.11786600496277916,0.594490532912091
snowflake,terraform,2025-02-01,214,806,585,2880,0.2655086848635236,1.3071196793281161
spark,airflow,2025-02-01,58,528,484,2880,0.10984848484848485,0.6536438767843726
spark,aws,2025-02-01,49,528,359,2880,0.0928030303030303,0.7444922765257027
spark,azure,2025-02-01,49,528,359,2880,0.0928030303030303,0.7444922765257027
spark,databricks,2025-02-01,70,528,634,2880,0.13257575757575757,0.6022368798394035
spark,dbt,2025-02-01,71,528,403,2880,0.13446969696969696,0.9609745093616061
spark,docker,2025-02-01,261,528,2077,2880,0.4943181818181818,0.6854291591893903
spark,gcp,2025-02-01,58,528,502,2880,0.10984848484848485,0.6302064469395147
spark,hadoop,2025-02-01,38,528,366,2880,0.07196969696969698,0.5663189269746647
spark,hive,2025-02-01,47,528,341,2880,0.08901515151515152,0.7517995201279659
spark,java,2025-02-01,78,528,586,2880,0.14772727272727273,0.726031647533354
spark,kafka,2025-02-01,48,528,344,2880,0.09090909090909091,0.7610993657505285
spark,kubernetes,2025-02-01,345,528,1388,2880,0.6534090909090909,1.355776788053445
spark,powerbi,2025-02-01,67,528,575,2880,0.1268939393939394,0.6355731225296443
spark,python,2025-02-01,78,528,570,2880,0.14772727272727273,0.7464114832535885
spark,scala,2025-02-01,78,528,586,2880,0.14772727272727273,0.726031647533354
spark,snowflake,2025-02-01,95,528,806,2880,0.17992424242424243,0.642905481615159
spark,sql,2025-02-01,77,528,555,2880,0.14583333333333334,0.7567567567567568
spark,tableau,2025-02-01,63,528,571,2880,0.11931818181818182,0.6018149976118452
spark,terraform,2025-02-01,78,528,585,2880,0.14772727272727273,0.7272727272727273
sql,airflow,2025-02-01,59,555,484,2880,0.1063063063063063,0.6325664507482689
sql,aws,2025-02-01,51,555,359,2880,0.0918918918918919,0.7371828653165701
sql,azure,2025-02-01,51,555,359,2880,0.0918918918918919,0.7371828653165701
sql,databricks,2025-02-01,70,555,634,2880,0.12612612612612611,0.5729388694688379
sql,dbt,2025-02-01,24,555,403,2880,0.043243243243243246,0.30903359935618
sql,docker,2025-02-01,263,555,2077,2880,0.47387387387387386,0.6570807687803355
sql,gcp,2025-02-01,60,555,502,2880,0.10810810810810811,0.6202218154409389
sql,hadoop,2025-02-01,38,555,366,2880,0.06846846846846846,0.5387682764731945
sql,hive,2025-02-01,49,555,341,2880,0.08828828828828829,0.7456606166283586
sql,java,2025-02-01,80,555,586,2880,0.14414414414414414,0.7084217323125173
sql,kafka,2025-02-01,50,555,344,2880,0.09009009009009009,0.754242614707731
sql,kubernetes,2025-02-01,372,555,1388,2880,0.6702702702702703,1.3907625204455176
sql,powerbi,2025-02-01,80,555,575,2880,0.14414414414414414,0.7219741480611046
sql,python,2025-02-01,79,555,570,2880,0.14234234234234233,0.719203413940256
sql,scala,2025-02-01,80,555,586,2880,0.14414414414414414,0.7084217323125173
sql,snowflake,2025-02-01,95,555,806,2880,0.17117117117117117,0.6116289987257729
sql,spark,2025-02-01,77,555,528,2880,0.13873873873873874,0.7567567567567568
sql,tableau,2025-02-01,79,555,571,2880,0.14234234234234233,0.7179438633028825
sql,terraform,2025-02-01,80,555,585,2880,0.14414414414414414,0.7096327096327096
tableau,airflow,2025-02-01,75,571,484,2880,0.13134851138353765,0.7815779189764224
tableau,aws,2025-02-01,52,571,359,2880,0.09106830122591944,0.7305757869934484
tableau,azure,2025-02-01,52,571,359,2880,0.09106830122591944,0.7305757869934484
tableau,databricks,2025-02-01,69,571,634,2880,0.12084063047285463,0.5489290469429359
tableau,dbt,2025-02-01,24,571,403,2880,0.04203152364273205,0.30037416399768807
tableau,docker,2025-02-01,475,571,2077,2880,0.8318739054290718,1.1534890937100273
tableau,gcp,2025-02-01,76,571,502,2880,0.1330998248686515,0.7636005888878811
tableau,hadoop,2025-02-01,172,571,366,2880,0.30122591943957966,2.3703023169016104
tableau,hive,2025-02-01,52,571,341,2880,0.09106830122591944,0.7691399047819589
tableau,java,2025-02-01,81,571,586,2880,0.14185639229422067,0.6971781737326886
tableau,kafka,2025-02-01,51,571,344,2880,0.0893169877408056,0.7477701299230236
tableau,kubernetes,2025-02-01,177,571,1388,2880,0.30998248686514884,0.643191327212989
tableau,powerbi,2025-02-01,80,571,575,2880,0.14010507880910683,0.7017436990786569
tableau,python,2025-02-01,80,571,570,2880,0.14010507880910683,0.7078993455618029
tableau,scala,2025-02-01,81,571,586,2880,0.14185639229422067,0.6971781737326886
tableau,snowflake,2025-02-01,95,571,806,2880,0.16637478108581435,0.594490532912091
tableau,spark,2025-02-01,63,571,528,2880,0.11033274956217162,0.6018149976118452
tableau,sql,2025-02-01,79,571,555,2880,0.138353765323993,0.7179438633028825
tableau,terraform,2025-02-01,81,571,585,2880,0.14185639229422067,0.6983699312946248
terraform,airflow,2025-02-01,75,585,484,2880,0.1282051282051282,0.7628734901462174
terraform,aws,2025-02-01,53,585,359,2880,0.0905982905982906,0.7268052281979859
terraform,azure,2025-02-01,53,585,359,2880,0.0905982905982906,0.7268052281979859
terraform,databricks,2025-02-01,79,585,634,2880,0.13504273504273503,0.6134433389953895
terraform,dbt,2025-02-01,87,585,403,2880,0.14871794871794872,1.0627982439396833
terraform,docker,2025-02-01,476,585,2077,2880,0.8136752136752137,1.1282545090922558
terraform,gcp,2025-02-01,77,585,502,2880,0.13162393162393163,0.7551333129022372
terraform,hadoop,2025-02-01,53,585,366,2880,0.0905982905982906,0.7129045817570407
terraform,hive,2025-02-01,52,585,341,2880,0.08888888888888889,0.750733137829912
terraform,java,2025-02-01,82,585,586,2880,0.14017094017094017,0.6888947230244159
terraform,kafka,2025-02-01,52,585,344,2880,0.08888888888888889,0.7441860465116279
terraform,kubernetes,2025-02-01,191,585,1388,2880,0.3264957264957265,0.6774551097317668
terraform,powerbi,2025-02-01,81,585,575,2880,0.13846153846153847,0.6935117056856187
terraform,python,2025-02-01,81,585,570,2880,0.13846153846153847,0.6995951417004048
terraform,scala,2025-02-01,82,585,586,2880,0.14017094017094017,0.6888947230244159
terraform,snowflake,2025-02-01,214,585,806,2880,0.3658119658119658,1.3071196793281161
terraform,spark,2025-02-01,78,585,528,2880,0.13333333333333333,0.7272727272727273
terraform,sql,2025-02-01,80,585,555,2880,0.13675213675213677,0.7096327096327096
terraform,tableau,2025-02-01,81,585,571,2880,0.13846153846153847,0.6983699312946248
airflow,aws,2025-03-01,53,360,586,2880,0.14722222222222223,0.7235494880546075
airflow,azure,2025-03-01,53,360,586,2880,0.14722222222222223,0.7235494880546075
airflow,databricks,2025-03-01,86,360,652,2880,0.2388888888888889,1.0552147239263803
airflow,dbt,2025-03-01,32,360,414,2880,0.08888888888888889,0.6183574879227053
airflow,docker,2025-03-01,53,360,581,2880,0.14722222222222223,0.729776247848537
airflow,gcp,2025-03-01,53,360,585,2880,0.14722222222222223,0.7247863247863248
airflow,hadoop,2025-03-01,50,360,328,2880,0.1388888888888889,1.2195121951219512
airflow,hive,2025-03-01,53,360,586,2880,0.14722222222222223,0.7235494880546075
airflow,java,2025-03-01,51,360,554,2880,0.14166666666666666,0.7364620938628159
airflow,kafka,2025-03-01,52,360,571,2880,0.14444444444444443,0.7285464098073555
airflow,kubernetes,2025-03-01,360,360,2880,2880,1.0,1.0
airflow,powerbi,2025-03-01,46,360,476,2880,0.12777777777777777,0.773109243697479
airflow,python,2025-03-01,22,360,330,2880,0.06111111111111111,0.5333333333333333
airflow,scala,2025-03-01,52,360,562,2880,0.14444444444444443,0.7402135231316725
airflow,snowflake,2025-03-01,112,360,828,2880,0.3111111111111111,1.0821256038647342
airflow,spark,2025-03-01,24,360,360,2880,0.06666666666666667,0.5333333333333333
airflow,sql,2025-03-01,23,360,357,2880,0.06388888888888888,0.5154061624649859
airflow,tableau,2025-03-01,47,360,498,2880,0.13055555555555556,0.7550200803212851
airflow,terraform,2025-03-01,52,360,570,2880,0.14444444444444443,0.7298245614035088
aws,airflow,2025-03-01,53,586,360,2880,0.09044368600682594,0.7235494880546075
aws,azure,2025-03-01,82,586,586,2880,0.13993174061433447,0.6877191347598691
aws,databricks,2025-03-01,85,586,652,2880,0.14505119453924914,0.6407169329341067
aws,dbt,2025-03-01,178,586,414,2880,0.3037542662116041,2.113073156254637
aws,docker,2025-03-01,82,586,581,2880,0.13993174061433447,0.6936375438369764
aws,gcp,2025-03-01,82,586,585,2880,0.13993174061433447,0.6888947230244159
aws,hadoop,2025-03-01,35,586,328,2880,0.059726962457337884,0.5244318654790644
aws,hive,2025-03-01,82,586,586,2880,0.13993174061433447,0.6877191347598691
aws,java,2025-03-01,80,586,554,2880,0.13651877133105803,0.7097004719015291
aws,kafka,2025-03-01,81,586,571,2880,0.13822525597269625,0.6971781737326886
aws,kubernetes,2025-03-01,586,586,2880,2880,1.0,1.0
aws,powerbi,2025-03-01,75,586,476,2880,0.12798634812286688,0.7743711819198669
aws,python,2025-03-01,51,586,330,2880,0.08703071672354949,0.7595408004964319
aws,scala,2025-03-01,81,586,562,2880,0.13822525597269625,0.7083429487568775
aws,snowflake,2025-03-01,322,586,828,2880,0.5494880546075085,1.9112627986348123
aws,spark,2025-03-01,53,586,360,2880,0.09044368600682594,0.7235494880546075
aws,sql,2025-03-01,53,586,357,2880,0.09044368600682594,0.7296297358533858
aws,tableau,2025-03-01,77,586,498,2880,0.13139931740614336,0.759899666927094
aws,terraform,2025-03-01,81,586,570,2880,0.13822525597269625,0.6984012933357284
azure,airflow,2025-03-01,53,586,360,2880,0.09044368600682594,0.7235494880546075
azure,aws,2025-03-01,82,586,586,2880,0.13993174061433447,0.6877191347598691
azure,databricks,2025-03-01,93,586,652,2880,0.15870307167235495,0.7010197030926109
azure,dbt,2025-03-01,62,586,414,2880,0.10580204778156997,0.7360142454370084
azure,docker,2025-03-01,82,586,581,2880,0.13993174061433447,0.6936375438369764
azure,gcp,2025-03-01,82,586,585,2880,0.13993174061433447,0.6888947230244159
azure,hadoop,2025-03-01,35,586,328,2880,0.059726962457337884,0.5244318654790644
azure,hive,2025-03-01,82,586,586,2880,0.13993174061433447,0.6877191347598691
azure,java,2025-03-01,80,586,554,2880,0.13651877133105803,0.7097004719015291
azure,kafka,2025-03-01,81,586,571,2880,0.13822525597269625,0.6971781737326886
azure,kubernetes,2025-03-01,586,586,2880,2880,1.0,1.0
azure,powerbi,2025-03-01,75,586,476,2880,0.12798634812286688,0.7743711819198669
azure,python,2025-03-01,51,586,330,2880,0.08703071672354949,0.7595408004964319
azure,scala,2025-03-01,81,586,562,2880,0.13822525597269625,0.7083429487568775
azure,snowflake,2025-03-01,168,586,828,2880,0.28668941979522183,0.997180590592076
azure,spark,2025-03-01,53,586,360,2880,0.09044368600682594,0.7235494880546075
azure,sql,2025-03-01,53,586,357,2880,0.09044368600682594,0.7296297358533858
azure,tableau,2025-03-01,77,586,498,2880,0.13139931740614336,0.759899666927094
azure,terraform,2025-03-01,81,586,570,2880,0.13822525597269625,0.6984012933357284
databricks,airflow,2025-03-01,86,652,360,2880,0.13190184049079753,1.0552147239263803
databricks,aws,2025-03-01,85,652,586,2880,0.1303680981595092,0.6407169329341067
databricks,azure,2025-03-01,93,652,586,2880,0.14263803680981596,0.7010197030926109
databricks,docker,2025-03-01,296,652,581,2880,0.4539877300613497,2.250403894280012
databricks,gcp,2025-03-01,300,652,585,2880,0.4601226993865031,2.2652194431335535
databricks,hive,2025-03-01,85,652,586,2880,0.1303680981595092,0.6407169329341067
databricks,java,2025-03-01,71,652,554,2880,0.10889570552147239,0.56610041859538
databricks,kafka,2025-03-01,85,652,571,2880,0.1303680981595092,0.6575483760059309
databricks,kubernetes,2025-03-01,652,652,2880,2880,1.0,1.0
databricks,powerbi,2025-03-01,71,652,476,2880,0.10889570552147239,0.6588647729030263
databricks,python,2025-03-01,86,652,330,2880,0.13190184049079753,1.151143335192415
databricks,scala,2025-03-01,71,652,562,2880,0.10889570552147239,0.558042049647403
databricks,spark,2025-03-01,86,652,360,2880,0.13190184049079753,1.0552147239263803
databricks,sql,2025-03-01,86,652,357,2880,0.13190184049079753,1.0640820745476105
databricks,tableau,2025-03-01,78,652,498,2880,0.1196319018404908,0.6918471431739227
databricks,terraform,2025-03-01,71,652,570,2880,0.10889570552147239,0.5502098805295447
dbt,airflow,2025-03-01,32,414,360,2880,0.07729468599033816,0.6183574879227053
dbt,aws,2025-03-01,178,414,586,2880,0.42995169082125606,2.113073156254637
dbt,azure,2025-03-01,62,414,586,2880,0.1497584541062802,0.7360142454370084
dbt,docker,2025-03-01,24,414,581,2880,0.057971014492753624,0.2873606226146823
dbt,gcp,2025-03-01,73,414,585,2880,0.17632850241545894,0.8680787811222593
dbt,hive,2025-03-01,144,414,586,2880,0.34782608695652173,1.7094524410149874
dbt,java,2025-03-01,24,414,554,2880,0.057971014492753624,0.3013655627060116
dbt,kafka,2025-03-01,176,414,571,2880,0.4251207729468599,2.144216858295896
dbt,kubernetes,2025-03-01,414,414,2880,2880,1.0,1.0
dbt,powerbi,2025-03-01,72,414,476,2880,0.17391304347826086,1.052246985750822
dbt,python,2025-03-01,73,414,330,2880,0.17632850241545894,1.538866930171278
dbt,scala,2025-03-01,72,414,562,2880,0.17391304347826086,0.8912269843725824
dbt,snowflake,2025-03-01,414,414,828,2880,1.0,3.4782608695652173
dbt,spark,2025-03-01,80,414,360,2880,0.1932367149758454,1.5458937198067633
dbt,sql,2025-03-01,32,414,357,2880,0.07729468599033816,0.6235537693338205
dbt,tableau,2025-03-01,24,414,498,2880,0.057971014492753624,0.3352540597171294
dbt,terraform,2025-03-01,24,414,570,2880,0.057971014492753624,0.2929061784897025
docker,airflow,2025-03-01,53,581,360,2880,0.09122203098106713,0.729776247848537
docker,aws,2025-03-01,82,581,586,2880,0.14113597246127366,0.6936375438369764
docker,azure,2025-03-01,82,581,586,2880,0.14113597246127366,0.6936375438369764
docker,databricks,2025-03-01,296,581,652,2880,0.5094664371772806,2.250403894280012
docker,dbt,2025-03-01,24,581,414,2880,0.04130808950086059,0.2873606226146823
docker,gcp,2025-03-01,82,581,585,2880,0.14113597246127366,0.6948232490401165
docker,hadoop,2025-03-01,36,581,328,2880,0.06196213425129088,0.544057764157676
docker,hive,2025-03-01,82,581,586,2880,0.14113597246127366,0.6936375438369764
docker,java,2025-03-01,79,581,554,2880,0.1359724612736661,0.7068604484984807
docker,kafka,2025-03-01,81,581,571,2880,0.13941480206540446,0.7031779858990629
docker,kubernetes,2025-03-01,581,581,2880,2880,1.0,1.0
docker,powerbi,2025-03-01,71,581,476,2880,0.12220309810671257,0.7393800893851517
docker,python,2025-03-01,51,581,330,2880,0.08777969018932874,0.7660772961977781
docker,scala,2025-03-01,79,581,562,2880,0.1359724612736661,0.6967983780572212
docker,snowflake,2025-03-01,97,581,828,2880,0.16695352839931152,0.5807079248671706
docker,spark,2025-03-01,53,581,360,2880,0.09122203098106713,0.729776247848537
docker,sql,2025-03-01,53,581,357,2880,0.09122203098106713,0.7359088213598692
docker,tableau,2025-03-01,75,581,498,2880,0.12908777969018934,0.7465317379673599
docker,terraform,2025-03-01,81,581,570,2880,0.13941480206540446,0.7044116314883595
gcp,airflow,2025-03-01,53,585,360,2880,0.0905982905982906,0.7247863247863248
gcp,aws,2025-03-01,82,585,586,2880,0.14017094017094017,0.6888947230244159
gcp,azure,2025-03-01,82,585,586,2880,0.14017094017094017,0.6888947230244159
gcp,databricks,2025-03-01,300,585,652,2880,0.5128205128205128,2.2652194431335535
gcp,dbt,2025-03-01,73,585,414,2880,0.12478632478632479,0.8680787811222593
gcp,docker,2025-03-01,82,585,581,2880,0.14017094017094017,0.6948232490401165
gcp,hadoop,2025-03-01,36,585,328,2880,0.06153846153846154,0.5403377110694184
gcp,hive,2025-03-01,82,585,586,2880,0.14017094017094017,0.6888947230244159
gcp,java,2025-03-01,80,585,554,2880,0.13675213675213677,0.7109136351013607
gcp,kafka,2025-03-01,81,585,571,2880,0.13846153846153847,0.6983699312946248
gcp,kubernetes,2025-03-01,585,585,2880,2880,1.0,1.0
gcp,powerbi,2025-03-01,75,585,476,2880,0.1282051282051282,0.7756948933419522
gcp,python,2025-03-01,51,585,330,2880,0.08717948717948718,0.7608391608391608
gcp,scala,2025-03-01,80,585,562,2880,0.13675213675213677,0.7007938680536545
gcp,snowflake,2025-03-01,97,585,828,2880,0.1658119658119658,0.5767372723894463
gcp,spark,2025-03-01,53,585,360,2880,0.0905982905982906,0.7247863247863248
gcp,sql,2025-03-01,53,585,357,2880,0.0905982905982906,0.7308769661710838
gcp,tableau,2025-03-01,76,585,498,2880,0.12991452991452992,0.7513129440840284
gcp,terraform,2025-03-01,81,585,570,2880,0.13846153846153847,0.6995951417004048
hadoop,airflow,2025-03-01,50,328,360,2880,0.1524390243902439,1.2195121951219512
hadoop,aws,2025-03-01,35,328,586,2880,0.10670731707317073,0.5244318654790644
hadoop,azure,2025-03-01,35,328,586,2880,0.10670731707317073,0.5244318654790644
hadoop,docker,2025-03-01,36,328,581,2880,0.10975609756097561,0.544057764157676
hadoop,gcp,2025-03-01,36,328,585,2880,0.10975609756097561,0.5403377110694184
hadoop,hive,2025-03-01,50,328,586,2880,0.1524390243902439,0.7491883792558062
hadoop,java,2025-03-01,36,328,554,2880,0.10975609756097561,0.5705732147574183
hadoop,kafka,2025-03-01,50,328,571,2880,0.1524390243902439,0.7688693349280253
hadoop,kubernetes,2025-03-01,328,328,2880,2880,1.0,1.0
hadoop,powerbi,2025-03-01,36,328,476,2880,0.10975609756097561,0.664070506251281
hadoop,python,2025-03-01,35,328,330,2880,0.10670731707317073,0.9312638580931264
hadoop,scala,2025-03-01,126,328,562,2880,0.38414634146341464,1.9685791163961461
hadoop,spark,2025-03-01,50,328,360,2880,0.1524390243902439,1.2195121951219512
hadoop,sql,2025-03-01,43,328,357,2880,0.13109756097560976,1.057593769215003
hadoop,tableau,2025-03-01,36,328,498,2880,0.10975609756097561,0.6347340581839553
hadoop,terraform,2025-03-01,238,328,570,2880,0.725609756097561,3.6662387676508343
hive,airflow,2025-03-01,53,586,360,2880,0.09044368600682594,0.7235494880546075
hive,aws,2025-03-01,82,586,586,2880,0.13993174061433447,0.6877191347598691
hive,azure,2025-03-01,82,586,586,2880,0.13993174061433447,0.6877191347598691
hive,databricks,2025-03-01,85,586,652,2880,0.14505119453924914,0.6407169329341067
hive,dbt,2025-03-01,144,586,414,2880,0.24573378839590443,1.7094524410149874
hive,docker,2025-03-01,82,586,581,2880,0.13993174061433447,0.6936375438369764
hive,gcp,2025-03-01,82,586,585,2880,0.13993174061433447,0.6888947230244159
hive,hadoop,2025-03-01,50,586,328,2880,0.08532423208191127,0.7491883792558062
hive,java,2025-03-01,80,586,554,2880,0.13651877133105803,0.7097004719015291
hive,kafka,2025-03-01,81,586,571,2880,0.13822525597269625,0.6971781737326886
hive,kubernetes,2025-03-01,586,586,2880,2880,1.0,1.0
hive,powerbi,2025-03-01,75,586,476,2880,0.12798634812286688,0.7743711819198669
hive,python,2025-03-01,51,586,330,2880,0.08703071672354949,0.7595408004964319
hive,scala,2025-03-01,81,586,562,2880,0.13822525597269625,0.7083429487568775
hive,snowflake,2025-03-01,322,586,828,2880,0.5494880546075085,1.9112627986348123
hive,spark,2025-03-01,53,586,360,2880,0.09044368600682594,0.7235494880546075
hive,sql,2025-03-01,53,586,357,2880,0.09044368600682594,0.7296297358533858
hive,tableau,2025-03-01,77,586,498,2880,0.13139931740614336,0.759899666927094
hive,terraform,2025-03-01,81,586,570,2880,0.13822525597269625,0.6984012933357284
java,airflow,2025-03-01,51,554,360,2880,0.09205776173285199,0.7364620938628159
java,aws,2025-03-01,80,554,586,2880,0.1444043321299639,0.7097004719015291
java,azure,2025-03-01,80,554,586,2880,0.1444043321299639,0.7097004719015291
java,databricks,2025-03-01,71,554,652,2880,0.12815884476534295,0.56610041859538
java,dbt,2025-03-01,24,554,414,2880,0.04332129963898917,0.3013655627060116
java,docker,2025-03-01,79,554,581,2880,0.14259927797833935,0.7068604484984807
java,gcp,2025-03-01,80,554,585,2880,0.1444043321299639,0.7109136351013607
java,hadoop,2025-03-01,36,554,328,2880,0.06498194945848375,0.5705732147574183
java,hive,2025-03-01,80,554,586,2880,0.1444043321299639,0.7097004719015291
java,kafka,2025-03-01,79,554,571,2880,0.14259927797833935,0.7192397908539708
java,kubernetes,2025-03-01,554,554,2880,2880,1.0,1.0
java,powerbi,2025-03-01,58,554,476,2880,0.10469314079422383,0.6334374905196736
java,python,2025-03-01,49,554,330,2880,0.08844765342960288,0.7719067935674434
java,scala,2025-03-01,78,554,562,2880,0.1407942238267148,0.7215077662294281
java,snowflake,2025-03-01,96,554,828,2880,0.17328519855595667,0.6027311254120232
java,spark,2025-03-01,51,554,360,2880,0.09205776173285199,0.7364620938628159
java,sql,2025-03-01,51,554,357,2880,0.09205776173285199,0.7426508509541001
java,tableau,2025-03-01,60,554,498,2880,0.10830324909747292,0.6263320429733374
java,terraform,2025-03-01,79,554,570,2880,0.14259927797833935,0.7205016150484514
kafka,airflow,2025-03-01,52,571,360,2880,0.09106830122591944,0.7285464098073555
kafka,aws,2025-03-01,81,571,586,2880,0.14185639229422067,0.6971781737326886
kafka,azure,2025-03-01,81,571,586,2880,0.14185639229422067,0.6971781737326886
kafka,databricks,2025-03-01,85,571,652,2880,0.14886164623467601,0.6575483760059309
kafka,dbt,2025-03-01,176,571,414,2880,0.30823117338003503,2.144216858295896
kafka,docker,2025-03-01,81,571,581,2880,0.14185639229422067,0.7031779858990629
kafka,gcp,2025-03-01,81,571,585,2880,0.14185639229422067,0.6983699312946248
kafka,hadoop,2025-03-01,50,571,328,2880,0.08756567425569177,0.7688693349280253
kafka,hive,2025-03-01,81,571,586,2880,0.14185639229422067,0.6971781737326886
kafka,java,2025-03-01,79,571,554,2880,0.138353765323993,0.7192397908539708
kafka,kubernetes,2025-03-01,571,571,2880,2880,1.0,1.0
kafka,powerbi,2025-03-01,74,571,476,2880,0.1295971978984238,0.7841174998896231
kafka,python,2025-03-01,36,571,330,2880,0.06304728546409807,0.5502308549594014
kafka,scala,2025-03-01,80,571,562,2880,0.14010507880910683,0.7179762045733589
kafka,snowflake,2025-03-01,318,571,828,2880,0.5569176882661997,1.9371050026650423
kafka,spark,2025-03-01,52,571,360,2880,0.09106830122591944,0.7285464098073555
kafka,sql,2025-03-01,52,571,357,2880,0.09106830122591944,0.7346686485452325
kafka,tableau,2025-03-01,76,571,498,2880,0.1330998248686515,0.7697339269512375
kafka,terraform,2025-03-01,80,571,570,2880,0.14010507880910683,0.7078993455618029
kubernetes,airflow,2025-03-01,360,2880,360,2880,0.125,1.0
kubernetes,aws,2025-03-01,586,2880,586,2880,0.20347222222222222,1.0
kubernetes,azure,2025-03-01,586,2880,586,2880,0.20347222222222222,1.0
kubernetes,databricks,2025-03-01,652,2880,652,2880,0.2263888888888889,1.0
kubernetes,dbt,2025-03-01,414,2880,414,2880,0.14375,1.0
kubernetes,docker,2025-03-01,581,2880,581,2880,0.20173611111111112,1.0
kubernetes,gcp,2025-03-01,585,2880,585,2880,0.203125,1.0
kubernetes,hadoop,2025-03-01,328,2880,328,2880,0.11388888888888889,1.0
kubernetes,hive,2025-03-01,586,2880,586,2880,0.20347222222222222,1.0
kubernetes,java,2025-03-01,554,2880,554,2880,0.19236111111111112,1.0
kubernetes,kafka,2025-03-01,571,2880,571,2880,0.19826388888888888,1.0
kubernetes,powerbi,2025-03-01,476,2880,476,2880,0.16527777777777777,1.0
kubernetes,python,2025-03-01,330,2880,330,2880,0.11458333333333333,1.0
kubernetes,scala,2025-03-01,562,2880,562,2880,0.1951388888888889,1.0
kubernetes,snowflake,2025-03-01,828,2880,828,2880,0.2875,1.0
kubernetes,spark,2025-03-01,360,2880,360,2880,0.125,1.0
kubernetes,sql,2025-03-01,357,2880,357,2880,0.12395833333333334,1.0
kubernetes,tableau,2025-03-01,498,2880,498,2880,0.17291666666666666,1.0
kubernetes,terraform,2025-03-01,570,2880,570,2880,0.19791666666666666,1.0
powerbi,airflow,2025-03-01,46,476,360,2880,0.09663865546218488,0.773109243697479
powerbi,aws,2025-03-01,75,476,586,2880,0.15756302521008403,0.7743711819198669
powerbi,azure,2025-03-01,75,476,586,2880,0.15756302521008403,0.7743711819198669
powerbi,databricks,2025-03-01,71,476,652,2880,0.14915966386554622,0.6588647729030263
powerbi,dbt,2025-03-01,72,476,414,2880,0.15126050420168066,1.052246985750822
powerbi,docker,2025-03-01,71,476,581,2880,0.14915966386554622,0.7393800893851517
powerbi,gcp,2025-03-01,75,476,585,2880,0.15756302521008403,0.7756948933419522
powerbi,hadoop,2025-03-01,36,476,328,2880,0.07563025210084033,0.664070506251281
powerbi,hive,2025-03-01,75,476,586,2880,0.15756302521008403,0.7743711819198669
powerbi,java,2025-03-01,58,476,554,2880,0.12184873949579832,0.6334374905196736
powerbi,kafka,2025-03-01,74,476,571,2880,0.15546218487394958,0.7841174998896231
powerbi,kubernetes,2025-03-01,476,476,2880,2880,1.0,1.0
powerbi,python,2025-03-01,44,476,330,2880,0.09243697478991597,0.8067226890756303
powerbi,scala,2025-03-01,58,476,562,2880,0.12184873949579832,0.6244205867400341
powerbi,snowflake,2025-03-01,96,476,828,2880,0.20168067226890757,0.7014979905005481
powerbi,spark,2025-03-01,46,476,360,2880,0.09663865546218488,0.773109243697479
powerbi,sql,2025-03-01,46,476,357,2880,0.09663865546218488,0.7796059600310713
powerbi,tableau,2025-03-01,40,476,498,2880,0.08403361344537816,0.48597752353953627
powerbi,terraform,2025-03-01,60,476,570,2880,0.12605042016806722,0.6368863334807607
python,airflow,2025-03-01,22,330,360,2880,0.06666666666666667,0.5333333333333333
python,aws,2025-03-01,51,330,586,2880,0.15454545454545454,0.7595408004964319
python,azure,2025-03-01,51,330,586,2880,0.15454545454545454,0.7595408004964319
python,databricks,2025-03-01,86,330,652,2880,0.2606060606060606,1.151143335192415
python,dbt,2025-03-01,73,330,414,2880,0.22121212121212122,1.538866930171278
python,docker,2025-03-01,51,330,581,2880,0.15454545454545454,0.7660772961977781
python,gcp,2025-03-01,51,330,585,2880,0.15454545454545454,0.7608391608391608
python,hadoop,2025-03-01,35,330,328,2880,0.10606060606060606,0.9312638580931264
python,hive,2025-03-01,51,330,586,2880,0.15454545454545454,0.7595408004964319
python,java,2025-03-01,49,330,554,2880,0.1484848484848485,0.7719067935674434
python,kafka,2025-03-01,36,330,571,2880,0.10909090909090909,0.5502308549594014
python,kubernetes,2025-03-01,330,330,2880,2880,1.0,1.0
python,powerbi,2025-03-01,44,330,476,2880,0.13333333333333333,0.8067226890756303
python,scala,2025-03-01,50,330,562,2880,0.15151515151515152,0.7764477515367195
python,snowflake,2025-03-01,97,330,828,2880,0.29393939393939394,1.0223978919631094
python,spark,2025-03-01,22,330,360,2880,0.06666666666666667,0.5333333333333333
python,sql,2025-03-01,21,330,357,2880,0.06363636363636363,0.5133689839572193
python,tableau,2025-03-01,31,330,498,2880,0.09393939393939393,0.5432639649507119
python,terraform,2025-03-01,50,330,570,2880,0.15151515151515152,0.7655502392344498
scala,airflow,2025-03-01,52,562,360,2880,0.09252669039145907,0.7402135231316725
scala,aws,2025-03-01,81,562,586,2880,0.14412811387900357,0.7083429487568775
scala,azure,2025-03-01,81,562,586,2880,0.14412811387900357,0.7083429487568775
scala,databricks,2025-03-01,71,562,652,2880,0.12633451957295375,0.558042049647403
scala,dbt,2025-03-01,72,562,414,2880,0.12811387900355872,0.8912269843725824
scala,docker,2025-03-01,79,562,581,2880,0.14056939501779359,0.6967983780572212
scala,gcp,2025-03-01,80,562,585,2880,0.1423487544483986,0.7007938680536545
scala,hadoop,2025-03-01,126,562,328,2880,0.22419928825622776,1.9685791163961461
scala,hive,2025-03-01,81,562,586,2880,0.14412811387900357,0.7083429487568775
scala,java,2025-03-01,78,562,554,2880,0.1387900355871886,0.7215077662294281
scala,kafka,2025-03-01,80,562,571,2880,0.1423487544483986,0.7179762045733589
scala,kubernetes,2025-03-01,562,562,2880,2880,1.0,1.0
scala,powerbi,2025-03-01,58,562,476,2880,0.10320284697508897,0.6244205867400341
scala,python,2025-03-01,50,562,330,2880,0.08896797153024912,0.7764477515367195
scala,snowflake,2025-03-01,96,562,828,2880,0.1708185053380783,0.5941513229150549
scala,spark,2025-03-01,52,562,360,2880,0.09252669039145907,0.7402135231316725
scala,sql,2025-03-01,52,562,357,2880,0.09252669039145907,0.7464338048386614
scala,tableau,2025-03-01,68,562,498,2880,0.12099644128113879,0.6997384556017665
scala,terraform,2025-03-01,79,562,570,2880,0.14056939501779359,0.7102453643004308
snowflake,airflow,2025-03-01,112,828,360,2880,0.13526570048309178,1.0821256038647342
snowflake,aws,2025-03-01,322,828,586,2880,0.3888888888888889,1.9112627986348123
snowflake,azure,2025-03-01,168,828,586,2880,0.2028985507246377,0.997180590592076
snowflake,dbt,2025-03-01,414,828,414,2880,0.5,3.4782608695652173
snowflake,docker,2025-03-01,97,828,581,2880,0.11714975845410629,0.5807079248671706
snowflake,gcp,2025-03-01,97,828,585,2880,0.11714975845410629,0.5767372723894463
snowflake,hive,2025-03-01,322,828,586,2880,0.3888888888888889,1.9112627986348123
snowflake,java,2025-03-01,96,828,554,2880,0.11594202898550725,0.6027311254120232
snowflake,kafka,2025-03-01,318,828,571,2880,0.38405797101449274,1.9371050026650423
snowflake,kubernetes,2025-03-01,828,828,2880,2880,1.0,1.0
snowflake,powerbi,2025-03-01,96,828,476,2880,0.11594202898550725,0.7014979905005481
snowflake,python,2025-03-01,97,828,330,2880,0.11714975845410629,1.0223978919631094
snowflake,scala,2025-03-01,96,828,562,2880,0.11594202898550725,0.5941513229150549
snowflake,spark,2025-03-01,112,828,360,2880,0.13526570048309178,1.0821256038647342
snowflake,sql,2025-03-01,112,828,357,2880,0.13526570048309178,1.091219096334186
snowflake,tableau,2025-03-01,96,828,498,2880,0.11594202898550725,0.6705081194342588
snowflake,terraform,2025-03-01,97,828,570,2880,0.11714975845410629,0.5919145690312738
spark,airflow,2025-03-01,24,360,360,2880,0.06666666666666667,0.5333333333333333
spark,aws,2025-03-01,53,360,586,2880,0.14722222222222223,0.7235494880546075
spark,azure,2025-03-01,53,360,586,2880,0.14722222222222223,0.7235494880546075
spark,databricks,2025-03-01,86,360,652,2880,0.2388888888888889,1.0552147239263803
spark,dbt,2025-03-01,80,360,414,2880,0.2222222222222222,1.5458937198067633
spark,docker,2025-03-01,53,360,581,2880,0.14722222222222223,0.729776247848537
spark,gcp,2025-03-01,53,360,585,2880,0.14722222222222223,0.7247863247863248
spark,hadoop,2025-03-01,50,360,328,2880,0.1388888888888889,1.2195121951219512
spark,hive,2025-03-01,53,360,586,2880,0.14722222222222223,0.7235494880546075
spark,java,2025-03-01,51,360,554,2880,0.14166666666666666,0.7364620938628159
spark,kafka,2025-03-01,52,360,571,2880,0.14444444444444443,0.7285464098073555
spark,kubernetes,2025-03-01,360,360,2880,2880,1.0,1.0
spark,powerbi,2025-03-01,46,360,476,2880,0.12777777777777777,0.773109243697479
spark,python,2025-03-01,22,360,330,2880,0.06111111111111111,0.5333333333333333
spark,scala,2025-03-01,52,360,562,2880,0.14444444444444443,0.7402135231316725
spark,snowflake,2025-03-01,112,360,828,2880,0.3111111111111111,1.0821256038647342
spark,sql,2025-03-01,23,360,357,2880,0.06388888888888888,0.5154061624649859
spark,tableau,2025-03-01,47,360,498,2880,0.13055555555555556,0.7550200803212851
spark,terraform,2025-03-01,52,360,570,2880,0.14444444444444443,0.7298245614035088
sql,airflow,2025-03-01,23,357,360,2880,0.06442577030812324,0.5154061624649859
sql,aws,2025-03-01,53,357,586,2880,0.1484593837535014,0.7296297358533858
sql,azure,2025-03-01,53,357,586,2880,0.1484593837535014,0.7296297358533858
sql,databricks,2025-03-01,86,357,652,2880,0.24089635854341737,1.0640820745476105
sql,dbt,2025-03-01,32,357,414,2880,0.0896358543417367,0.6235537693338205
sql,docker,2025-03-01,53,357,581,2880,0.1484593837535014,0.7359088213598692
sql,gcp,2025-03-01,53,357,585,2880,0.1484593837535014,0.7308769661710838
sql,hadoop,2025-03-01,43,357,328,2880,0.12044817927170869,1.057593769215003
sql,hive,2025-03-01,53,357,586,2880,0.1484593837535014,0.7296297358533858
sql,java,2025-03-01,51,357,554,2880,0.14285714285714285,0.7426508509541001
sql,kafka,2025-03-01,52,357,571,2880,0.14565826330532214,0.7346686485452325
sql,kubernetes,2025-03-01,357,357,2880,2880,1.0,1.0
sql,powerbi,2025-03-01,46,357,476,2880,0.12885154061624648,0.7796059600310713
sql,python,2025-03-01,21,357,330,2880,0.058823529411764705,0.5133689839572193
sql,scala,2025-03-01,52,357,562,2880,0.14565826330532214,0.7464338048386614
sql,snowflake,2025-03-01,112,357,828,2880,0.3137254901960784,1.091219096334186
sql,spark,2025-03-01,23,357,360,2880,0.06442577030812324,0.5154061624649859
sql,tableau,2025-03-01,44,357,498,2880,0.12324929971988796,0.7127670345246533
sql,terraform,2025-03-01,52,357,570,2880,0.14565826330532214,0.7359575409111013
tableau,airflow,2025-03-01,47,498,360,2880,0.09437751004016064,0.7550200803212851
tableau,aws,2025-03-01,77,498,586,2880,0.15461847389558234,0.759899666927094
tableau,azure,2025-03-01,77,498,586,2880,0.15461847389558234,0.759899666927094
tableau,databricks,2025-03-01,78,498,652,2880,0.1566265060240964,0.6918471431739227
tableau,dbt,2025-03-01,24,498,414,2880,0.04819277108433735,0.3352540597171294
tableau,docker,2025-03-01,75,498,581,2880,0.15060240963855423,0.7465317379673599
tableau,gcp,2025-03-01,76,498,585,2880,0.15261044176706828,0.7513129440840284
tableau,hadoop,2025-03-01,36,498,328,2880,0.07228915662650602,0.6347340581839553
tableau,hive,2025-03-01,77,498,586,2880,0.15461847389558234,0.759899666927094
tableau,java,2025-03-01,60,498,554,2880,0.12048192771084337,0.6263320429733374
tableau,kafka,2025-03-01,76,498,571,2880,0.15261044176706828,0.7697339269512375
tableau,kubernetes,2025-03-01,498,498,2880,2880,1.0,1.0
tableau,powerbi,2025-03-01,40,498,476,2880,0.08032128514056225,0.48597752353953627
tableau,python,2025-03-01,31,498,330,2880,0.06224899598393574,0.5432639649507119
tableau,scala,2025-03-01,68,498,562,2880,0.13654618473895583,0.6997384556017665
tableau,snowflake,2025-03-01,96,498,828,2880,0.1927710843373494,0.6705081194342588
tableau,spark,2025-03-01,47,498,360,2880,0.09437751004016064,0.7550200803212851
tableau,sql,2025-03-01,44,498,357,2880,0.08835341365461848,0.7127670345246533
tableau,terraform,2025-03-01,75,498,570,2880,0.15060240963855423,0.7609384908053266
terraform,airflow,2025-03-01,52,570,360,2880,0.0912280701754386,0.7298245614035088
terraform,aws,2025-03-01,81,570,586,2880,0.14210526315789473,0.6984012933357284
terraform,azure,2025-03-01,81,570,586,2880,0.14210526315789473,0.6984012933357284
terraform,databricks,2025-03-01,71,570,652,2880,0.12456140350877193,0.5502098805295447
terraform,dbt,2025-03-01,24,570,414,2880,0.042105263157894736,0.2929061784897025
terraform,docker,2025-03-01,81,570,581,2880,0.14210526315789473,0.7044116314883595
terraform,gcp,2025-03-01,81,570,585,2880,0.14210526315789473,0.6995951417004048
terraform,hadoop,2025-03-01,238,570,328,2880,0.41754385964912283,3.6662387676508343
terraform,hive,2025-03-01,81,570,586,2880,0.14210526315789473,0.6984012933357284
terraform,java,2025-03-01,79,570,554,2880,0.13859649122807016,0.7205016150484514
terraform,kafka,2025-03-01,80,570,571,2880,0.14035087719298245,0.7078993455618029
terraform,kubernetes,2025-03-01,570,570,2880,2880,1.0,1.0
terraform,powerbi,2025-03-01,60,570,476,2880,0.10526315789473684,0.6368863334807607
terraform,python,2025-03-01,50,570,330,2880,0.08771929824561403,0.7655502392344498
terraform,scala,2025-03-01,79,570,562,2880,0.13859649122807016,0.7102453643004308
terraform,snowflake,2025-03-01,97,570,828,2880,0.17017543859649123,0.5919145690312738
terraform,spark,2025-03-01,52,570,360,2880,0.0912280701754386,0.7298245614035088
terraform,sql,2025-03-01,52,570,357,2880,0.0912280701754386,0.7359575409111013
terraform,tableau,2025-03-01,75,570,498,2880,0.13157894736842105,0.7609384908053266
airflow,aws,2025-04-01,81,585,569,2880,0.13846153846153847,0.7008246586453968
airflow,azure,2025-04-01,81,585,569,2880,0.13846153846153847,0.7008246586453968
airflow,databricks,2025-04-01,162,585,670,2880,0.27692307692307694,1.1903559127439725
airflow,dbt,2025-04-01,37,585,425,2880,0.06324786324786325,0.4285972850678733
airflow,docker,2025-04-01,80,585,555,2880,0.13675213675213677,0.7096327096327096
airflow,gcp,2025-04-01,80,585,555,2880,0.13675213675213677,0.7096327096327096
airflow,hadoop,2025-04-01,33,585,290,2880,0.05641025641025641,0.560212201591512
airflow,hive,2025-04-01,82,585,573,2880,0.14017094017094017,0.7045240971942542
airflow,java,2025-04-01,53,585,361,2880,0.0905982905982906,0.7227786064351162
airflow,kafka,2025-04-01,82,585,584,2880,0.14017094017094017,0.6912539515279241
airflow,kubernetes,2025-04-01,77,585,510,2880,0.13162393162393163,0.7432880844645551
airflow,powerbi,2025-04-01,53,585,361,2880,0.0905982905982906,0.7227786064351162
airflow,python,2025-04-01,82,585,585,2880,0.14017094017094017,0.6900723208415516
airflow,scala,2025-04-01,51,585,341,2880,0.08717948717948718,0.7362959621024138
airflow,snowflake,2025-04-01,122,585,850,2880,0.20854700854700856,0.7066063348416289
airflow,spark,2025-04-01,82,585,585,2880,0.14017094017094017,0.6900723208415516
airflow,sql,2025-04-01,82,585,585,2880,0.14017094017094017,0.6900723208415516
airflow,tableau,2025-04-01,55,585,398,2880,0.09401709401709402,0.680324700425203
airflow,terraform,2025-04-01,582,585,2828,2880,0.9948717948717949,1.0131650527690133
aws,airflow,2025-04-01,81,569,585,2880,0.14235500878734622,0.7008246586453968
aws,azure,2025-04-01,80,569,569,2880,0.140597539543058,0.7116360525202232
aws,databricks,2025-04-01,145,569,670,2880,0.2548330404217926,1.095401725992183
aws,dbt,2025-04-01,74,569,425,2880,0.13005272407732865,0.8812984596298976
aws,docker,2025-04-01,79,569,555,2880,0.13884007029876977,0.7204673918206431
aws,gcp,2025-04-01,79,569,555,2880,0.13884007029876977,0.7204673918206431
aws,hadoop,2025-04-01,78,569,290,2880,0.13708260105448156,1.3613720380582994
aws,hive,2025-04-01,80,569,573,2880,0.140597539543058,0.7066682615776737
aws,java,2025-04-01,52,569,361,2880,0.0913884007029877,0.7290819779074919
aws,kafka,2025-04-01,81,569,584,2880,0.14235500878734622,0.7020247008691046
aws,kubernetes,2025-04-01,61,569,510,2880,0.10720562390158173,0.6053964643854026
aws,powerbi,2025-04-01,52,569,361,2880,0.0913884007029877,0.7290819779074919
aws,python,2025-04-01,81,569,585,2880,0.14235500878734622,0.7008246586453968
aws,scala,2025-04-01,50,569,341,2880,0.08787346221441125,0.7421571002272856
aws,snowflake,2025-04-01,98,569,850,2880,0.17223198594024605,0.583562493538716
aws,spark,2025-04-01,81,569,585,2880,0.14235500878734622,0.7008246586453968
aws,sql,2025-04-01,81,569,585,2880,0.14235500878734622,0.7008246586453968
aws,tableau,2025-04-01,54,569,398,2880,0.09490333919156414,0.686737730833429
aws,terraform,2025-04-01,566,569,2828,2880,0.9947275922671354,1.0130181986313118
azure,airflow,2025-04-01,81,569,585,2880,0.14235500878734622,0.7008246586453968
azure,aws,2025-04-01,80,569,569,2880,0.140597539543058,0.7116360525202232
azure,databricks,2025-04-01,72,569,670,2880,0.1265377855887522,0.5439236156650841
azure,dbt,2025-04-01,24,569,425,2880,0.0421792618629174,0.2858265274475344
azure,docker,2025-04-01,79,569,555,2880,0.13884007029876977,0.7204673918206431
azure,gcp,2025-04-01,79,569,555,2880,0.13884007029876977,0.7204673918206431
azure,hadoop,2025-04-01,245,569,290,2880,0.4305799648506151,4.276104478516453
azure,hive,2025-04-01,80,569,573,2880,0.140597539543058,0.7066682615776737
azure,java,2025-04-01,52,569,361,2880,0.0913884007029877,0.7290819779074919
azure,kafka,2025-04-01,81,569,584,2880,0.14235500878734622,0.7020247008691046
azure,kubernetes,2025-04-01,61,569,510,2880,0.10720562390158173,0.6053964643854026
azure,powerbi,2025-04-01,52,569,361,2880,0.0913884007029877,0.7290819779074919
azure,python,2025-04-01,81,569,585,2880,0.14235500878734622,0.7008246586453968
azure,scala,2025-04-01,50,569,341,2880,0.08787346221441125,0.7421571002272856
azure,snowflake,2025-04-01,98,569,850,2880,0.17223198594024605,0.583562493538716
azure,spark,2025-04-01,81,569,585,2880,0.14235500878734622,0.7008246586453968
azure,sql,2025-04-01,81,569,585,2880,0.14235500878734622,0.7008246586453968
azure,tableau,2025-04-01,54,569,398,2880,0.09490333919156414,0.686737730833429
azure,terraform,2025-04-01,566,569,2828,2880,0.9947275922671354,1.0130181986313118
databricks,airflow,2025-04-01,162,670,585,2880,0.2417910447761194,1.1903559127439725
databricks,aws,2025-04-01,145,670,569,2880,0.21641791044776118,1.095401725992183
databricks,azure,2025-04-01,72,670,569,2880,0.10746268656716418,0.5439236156650841
databricks,docker,2025-04-01,72,670,555,2880,0.10746268656716418,0.5576442113755546
databricks,gcp,2025-04-01,72,670,555,2880,0.10746268656716418,0.5576442113755546
databricks,hive,2025-04-01,297,670,573,2880,0.44328358208955226,2.2280221927014145
databricks,java,2025-04-01,87,670,361,2880,0.12985074626865672,1.0359283912845743
databricks,kafka,2025-04-01,310,670,584,2880,0.4626865671641791,2.281741975056226
databricks,kubernetes,2025-04-01,72,670,510,2880,0.10746268656716418,0.60684811237928
databricks,powerbi,2025-04-01,86,670,361,2880,0.12835820895522387,1.024021168396246
databricks,python,2025-04-01,87,670,585,2880,0.12985074626865672,0.6392652123995407
databricks,scala,2025-04-01,87,670,341,2880,0.12985074626865672,1.0966866547030245
databricks,spark,2025-04-01,87,670,585,2880,0.12985074626865672,0.6392652123995407
databricks,sql,2025-04-01,87,670,585,2880,0.12985074626865672,0.6392652123995407
databricks,tableau,2025-04-01,86,670,398,2880,0.12835820895522387,0.9288232205805145
databricks,terraform,2025-04-01,670,670,2828,2880,1.0,1.0183875530410185
dbt,airflow,2025-04-01,37,425,585,2880,0.08705882352941176,0.4285972850678733
dbt,aws,2025-04-01,74,425,569,2880,0.17411764705882352,0.8812984596298976
dbt,azure,2025-04-01,24,425,569,2880,0.05647058823529412,0.2858265274475344
dbt,docker,2025-04-01,24,425,555,2880,0.05647058823529412,0.29303656597774247
dbt,gcp,2025-04-01,75,425,555,2880,0.17647058823529413,0.9157392686804452
dbt,hive,2025-04-01,24,425,573,2880,0.05647058823529412,0.28383122882660916
dbt,java,2025-04-01,32,425,361,2880,0.07529411764705882,0.6006843734723807
dbt,kafka,2025-04-01,74,425,584,2880,0.17411764705882352,0.8586623690572119
dbt,kubernetes,2025-04-01,98,425,510,2880,0.23058823529411765,1.302145328719723
dbt,powerbi,2025-04-01,81,425,361,2880,0.19058823529411764,1.5204823203519635
dbt,python,2025-04-01,186,425,585,2880,0.4376470588235294,2.1545701357466065
dbt,scala,2025-04-01,77,425,341,2880,0.1811764705882353,1.530170777988615
dbt,snowflake,2025-04-01,425,425,850,2880,1.0,3.388235294117647
dbt,spark,2025-04-01,179,425,585,2880,0.4211764705882353,2.0734841628959275
dbt,sql,2025-04-01,149,425,585,2880,0.35058823529411764,1.725972850678733
dbt,tableau,2025-04-01,52,425,398,2880,0.1223529411764706,0.8853680165533551
dbt,terraform,2025-04-01,397,425,2828,2880,0.9341176470588235,0.951293784840669
docker,airflow,2025-04-01,80,555,585,2880,0.14414414414414414,0.7096327096327096
docker,aws,2025-04-01,79,555,569,2880,0.14234234234234233,0.7204673918206431
docker,azure,2025-04-01,79,555,569,2880,0.14234234234234233,0.7204673918206431
docker,databricks,2025-04-01,72,555,670,2880,0.12972972972972974,0.5576442113755546
docker,dbt,2025-04-01,24,555,425,2880,0.043243243243243246,0.29303656597774247
docker,gcp,2025-04-01,78,555,555,2880,0.14054054054054055,0.729291453615778
docker,hadoop,2025-04-01,33,555,290,2880,0.05945945945945946,0.5904939422180802
docker,hive,2025-04-01,79,555,573,2880,0.14234234234234233,0.7154379510400453
docker,java,2025-04-01,51,555,361,2880,0.0918918918918919,0.7330987497192484
docker,kafka,2025-04-01,80,555,584,2880,0.14414414414414414,0.7108478341355053
docker,kubernetes,2025-04-01,61,555,510,2880,0.10990990990990991,0.6206677265500795
docker,powerbi,2025-04-01,51,555,361,2880,0.0918918918918919,0.7330987497192484
docker,python,2025-04-01,80,555,585,2880,0.14414414414414414,0.7096327096327096
docker,scala,2025-04-01,50,555,341,2880,0.09009009009009009,0.7608781802330189
docker,snowflake,2025-04-01,99,555,850,2880,0.1783783783783784,0.6043879173290938
docker,spark,2025-04-01,80,555,585,2880,0.14414414414414414,0.7096327096327096
docker,sql,2025-04-01,80,555,585,2880,0.14414414414414414,0.7096327096327096
docker,tableau,2025-04-01,54,555,398,2880,0.0972972972972973,0.7040608447643624
docker,terraform,2025-04-01,551,555,2828,2880,0.9927927927927928,1.011047822929011
gcp,airflow,2025-04-01,80,555,585,2880,0.14414414414414414,0.7096327096327096
gcp,aws,2025-04-01,79,555,569,2880,0.14234234234234233,0.7204673918206431
gcp,azure,2025-04-01,79,555,569,2880,0.14234234234234233,0.7204673918206431
gcp,databricks,2025-04-01,72,555,670,2880,0.12972972972972974,0.5576442113755546
gcp,dbt,2025-04-01,75,555,425,2880,0.13513513513513514,0.9157392686804452
gcp,docker,2025-04-01,78,555,555,2880,0.14054054054054055,0.729291453615778
gcp,hadoop,2025-04-01,33,555,290,2880,0.05945945945945946,0.5904939422180802
gcp,hive,2025-04-01,79,555,573,2880,0.14234234234234233,0.7154379510400453
gcp,java,2025-04-01,51,555,361,2880,0.0918918918918919,0.7330987497192484
gcp,kafka,2025-04-01,80,555,584,2880,0.14414414414414414,0.7108478341355053
gcp,kubernetes,2025-04-01,61,555,510,2880,0.10990990990990991,0.6206677265500795
gcp,powerbi,2025-04-01,51,555,361,2880,0.0918918918918919,0.7330987497192484
gcp,python,2025-04-01,80,555,585,2880,0.14414414414414414,0.7096327096327096
gcp,scala,2025-04-01,50,555,341,2880,0.09009009009009009,0.7608781802330189
gcp,snowflake,2025-04-01,99,555,850,2880,0.1783783783783784,0.6043879173290938
gcp,spark,2025-04-01,80,555,585,2880,0.14414414414414414,0.7096327096327096
gcp,sql,2025-04-01,80,555,585,2880,0.14414414414414414,0.7096327096327096
gcp,tableau,2025-04-01,54,555,398,2880,0.0972972972972973,0.7040608447643624
gcp,terraform,2025-04-01,551,555,2828,2880,0.9927927927927928,1.011047822929011
hadoop,airflow,2025-04-01,33,290,585,2880,0.11379310344827587,0.560212201591512
hadoop,aws,2025-04-01,78,290,569,2880,0.2689655172413793,1.3613720380582994
hadoop,azure,2025-04-01,245,290,569,2880,0.8448275862068966,4.276104478516453
hadoop,docker,2025-04-01,33,290,555,2880,0.11379310344827587,0.5904939422180802
hadoop,gcp,2025-04-01,33,290,555,2880,0.11379310344827587,0.5904939422180802
hadoop,hive,2025-04-01,33,290,573,2880,0.11379310344827587,0.5719443942949991
hadoop,java,2025-04-01,48,290,361,2880,0.16551724137931034,1.320469958926354
hadoop,kafka,2025-04-01,33,290,584,2880,0.11379310344827587,0.5611714690599906
hadoop,kubernetes,2025-04-01,33,290,510,2880,0.11379310344827587,0.6425963488843813
hadoop,powerbi,2025-04-01,48,290,361,2880,0.16551724137931034,1.320469958926354
hadoop,python,2025-04-01,34,290,585,2880,0.11724137931034483,0.5771883289124669
hadoop,scala,2025-04-01,33,290,341,2880,0.11379310344827587,0.9610678531701891
hadoop,spark,2025-04-01,33,290,585,2880,0.11379310344827587,0.560212201591512
hadoop,sql,2025-04-01,34,290,585,2880,0.11724137931034483,0.5771883289124669
hadoop,tableau,2025-04-01,35,290,398,2880,0.1206896551724138,0.8733321781320396
hadoop,terraform,2025-04-01,290,290,2828,2880,1.0,1.0183875530410185
hive,airflow,2025-04-01,82,573,585,2880,0.1431064572425829,0.7045240971942542
hive,aws,2025-04-01,80,573,569,2880,0.13961605584642234,0.7066682615776737
hive,azure,2025-04-01,80,573,569,2880,0.13961605584642234,0.7066682615776737
hive,databricks,2025-04-01,297,573,670,2880,0.518324607329843,2.2280221927014145
hive,dbt,2025-04-01,24,573,425,2880,0.041884816753926704,0.28383122882660916
hive,docker,2025-04-01,79,573,555,2880,0.13787085514834205,0.7154379510400453
hive,gcp,2025-04-01,79,573,555,2880,0.13787085514834205,0.7154379510400453
hive,hadoop,2025-04-01,33,573,290,2880,0.05759162303664921,0.5719443942949991
hive,java,2025-04-01,52,573,361,2880,0.09075043630017451,0.7239924004002842
hive,kafka,2025-04-01,81,573,584,2880,0.14136125654450263,0.6971240048769992
hive,kubernetes,2025-04-01,65,573,510,2880,0.11343804537521815,0.6405913150600554
hive,powerbi,2025-04-01,52,573,361,2880,0.09075043630017451,0.7239924004002842
hive,python,2025-04-01,82,573,585,2880,0.1431064572425829,0.7045240971942542
hive,scala,2025-04-01,50,573,341,2880,0.08726003490401396,0.7369762478696781
hive,snowflake,2025-04-01,98,573,850,2880,0.17102966841186737,0.579488758854327
hive,spark,2025-04-01,82,573,585,2880,0.1431064572425829,0.7045240971942542
hive,sql,2025-04-01,82,573,585,2880,0.1431064572425829,0.7045240971942542
hive,tableau,2025-04-01,54,573,398,2880,0.09424083769633508,0.6819437501644348
hive,terraform,2025-04-01,570,573,2828,2880,0.9947643979057592,1.013055681035568
java,airflow,2025-04-01,53,361,585,2880,0.14681440443213298,0.7227786064351162
java,aws,2025-04-01,52,361,569,2880,0.1440443213296399,0.7290819779074919
java,azure,2025-04-01,52,361,569,2880,0.1440443213296399,0.7290819779074919
java,databricks,2025-04-01,87,361,670,2880,0.2409972299168975,1.0359283912845743
java,dbt,2025-04-01,32,361,425,2880,0.0886426592797784,0.6006843734723807
java,docker,2025-04-01,51,361,555,2880,0.14127423822714683,0.7330987497192484
java,gcp,2025-04-01,51,361,555,2880,0.14127423822714683,0.7330987497192484
java,hadoop,2025-04-01,48,361,290,2880,0.1329639889196676,1.320469958926354
java,hive,2025-04-01,52,361,573,2880,0.1440443213296399,0.7239924004002842
java,kafka,2025-04-01,53,361,584,2880,0.14681440443213298,0.7240162410351763
java,kubernetes,2025-04-01,63,361,510,2880,0.1745152354570637,0.9854978002281245
java,powerbi,2025-04-01,24,361,361,2880,0.0664819944598338,0.5303826704828846
java,python,2025-04-01,53,361,585,2880,0.14681440443213298,0.7227786064351162
java,scala,2025-04-01,24,361,341,2880,0.0664819944598338,0.5614901584877459
java,snowflake,2025-04-01,113,361,850,2880,0.31301939058171746,1.0605833469121722
java,spark,2025-04-01,53,361,585,2880,0.14681440443213298,0.7227786064351162
java,sql,2025-04-01,53,361,585,2880,0.14681440443213298,0.7227786064351162
java,tableau,2025-04-01,41,361,398,2880,0.11357340720221606,0.8218377204582469
java,terraform,2025-04-01,343,361,2828,2880,0.9501385041551247,0.9676092262965909
kafka,airflow,2025-04-01,82,584,585,2880,0.1404109589041096,0.6912539515279241
kafka,aws,2025-04-01,81,584,569,2880,0.1386986301369863,0.7020247008691046
kafka,azure,2025-04-01,81,584,569,2880,0.1386986301369863,0.7020247008691046
kafka,databricks,2025-04-01,310,584,670,2880,0.5308219178082192,2.281741975056226
kafka,dbt,2025-04-01,74,584,425,2880,0.1267123287671233,0.8586623690572119
kafka,docker,2025-04-01,80,584,555,2880,0.136986301369863,0.7108478341355053
kafka,gcp,2025-04-01,80,584,555,2880,0.136986301369863,0.7108478341355053
kafka,hadoop,2025-04-01,33,584,290,2880,0.05650684931506849,0.5611714690599906
kafka,hive,2025-04-01,81,584,573,2880,0.1386986301369863,0.6971240048769992
kafka,java,2025-04-01,53,584,361,2880,0.09075342465753425,0.7240162410351763
kafka,kubernetes,2025-04-01,76,584,510,2880,0.13013698630136986,0.7348912167606769
kafka,powerbi,2025-04-01,53,584,361,2880,0.09075342465753425,0.7240162410351763
kafka,python,2025-04-01,82,584,585,2880,0.1404109589041096,0.6912539515279241
kafka,scala,2025-04-01,51,584,341,2880,0.08732876712328767,0.7375567428594384
kafka,snowflake,2025-04-01,98,584,850,2880,0.1678082191780822,0.5685737308622079
kafka,spark,2025-04-01,82,584,585,2880,0.1404109589041096,0.6912539515279241
kafka,sql,2025-04-01,82,584,585,2880,0.1404109589041096,0.6912539515279241
kafka,tableau,2025-04-01,55,584,398,2880,0.09417808219178082,0.6814896399807255
kafka,terraform,2025-04-01,581,584,2828,2880,0.9948630136986302,1.0131561101315611
kubernetes,airflow,2025-04-01,77,510,585,2880,0.15098039215686274,0.7432880844645551
kubernetes,aws,2025-04-01,61,510,569,2880,0.11960784313725491,0.6053964643854026
kubernetes,azure,2025-04-01,61,510,569,2880,0.11960784313725491,0.6053964643854026
kubernetes,databricks,2025-04-01,72,510,670,2880,0.1411764705882353,0.60684811237928
kubernetes,dbt,2025-04-01,98,510,425,2880,0.19215686274509805,1.302145328719723
kubernetes,docker,2025-04-01,61,510,555,2880,0.11960784313725491,0.6206677265500795
kubernetes,gcp,2025-04-01,61,510,555,2880,0.11960784313725491,0.6206677265500795
kubernetes,hadoop,2025-04-01,33,510,290,2880,0.06470588235294118,0.6425963488843813
kubernetes,hive,2025-04-01,65,510,573,2880,0.12745098039215685,0.6405913150600554
kubernetes,java,2025-04-01,63,510,361,2880,0.12352941176470589,0.9854978002281245
kubernetes,kafka,2025-04-01,76,510,584,2880,0.14901960784313725,0.7348912167606769
kubernetes,powerbi,2025-04-01,63,510,361,2880,0.12352941176470589,0.9854978002281245
kubernetes,python,2025-04-01,77,510,585,2880,0.15098039215686274,0.7432880844645551
kubernetes,scala,2025-04-01,43,510,341,2880,0.08431372549019608,0.7120924616180783
kubernetes,snowflake,2025-04-01,150,510,850,2880,0.29411764705882354,0.9965397923875432
kubernetes,spark,2025-04-01,77,510,585,2880,0.15098039215686274,0.7432880844645551
kubernetes,sql,2025-04-01,77,510,585,2880,0.15098039215686274,0.7432880844645551
kubernetes,tableau,2025-04-01,100,510,398,2880,0.19607843137254902,1.418859000886787
kubernetes,terraform,2025-04-01,458,510,2828,2880,0.8980392156862745,0.9145519593976205
powerbi,airflow,2025-04-01,53,361,585,2880,0.14681440443213298,0.7227786064351162
powerbi,aws,2025-04-01,52,361,569,2880,0.1440443213296399,0.7290819779074919
powerbi,azure,2025-04-01,52,361,569,2880,0.1440443213296399,0.7290819779074919
powerbi,databricks,2025-04-01,86,361,670,2880,0.23822714681440443,1.024021168396246
powerbi,dbt,2025-04-01,81,361,425,2880,0.22437673130193905,1.5204823203519635
powerbi,docker,2025-04-01,51,361,555,2880,0.14127423822714683,0.7330987497192484
powerbi,gcp,2025-04-01,51,361,555,2880,0.14127423822714683,0.7330987497192484
powerbi,hadoop,2025-04-01,48,361,290,2880,0.1329639889196676,1.320469958926354
powerbi,hive,2025-04-01,52,361,573,2880,0.1440443213296399,0.7239924004002842
powerbi,java,2025-04-01,24,361,361,2880,0.0664819944598338,0.5303826704828846
powerbi,kafka,2025-04-01,53,361,584,2880,0.14681440443213298,0.7240162410351763
powerbi,kubernetes,2025-04-01,63,361,510,2880,0.1745152354570637,0.9854978002281245
powerbi,python,2025-04-01,53,361,585,2880,0.14681440443213298,0.7227786064351162
powerbi,scala,2025-04-01,24,361,341,2880,0.0664819944598338,0.5614901584877459
powerbi,snowflake,2025-04-01,113,361,850,2880,0.31301939058171746,1.0605833469121722
powerbi,spark,2025-04-01,53,361,585,2880,0.14681440443213298,0.7227786064351162
powerbi,sql,2025-04-01,53,361,585,2880,0.14681440443213298,0.7227786064351162
powerbi,tableau,2025-04-01,41,361,398,2880,0.11357340720221606,0.8218377204582469
powerbi,terraform,2025-04-01,343,361,2828,2880,0.9501385041551247,0.9676092262965909
python,airflow,2025-04-01,82,585,585,2880,0.14017094017094017,0.6900723208415516
python,aws,2025-04-01,81,585,569,2880,0.13846153846153847,0.7008246586453968
python,azure,2025-04-01,81,585,569,2880,0.13846153846153847,0.7008246586453968
python,databricks,2025-04-01,87,585,670,2880,0.14871794871794872,0.6392652123995407
python,dbt,2025-04-01,186,585,425,2880,0.31794871794871793,2.1545701357466065
python,docker,2025-04-01,80,585,555,2880,0.13675213675213677,0.7096327096327096
python,gcp,2025-04-01,80,585,555,2880,0.13675213675213677,0.7096327096327096
python,hadoop,2025-04-01,34,585,290,2880,0.05811965811965812,0.5771883289124669
python,hive,2025-04-01,82,585,573,2880,0.14017094017094017,0.7045240971942542
python,java,2025-04-01,53,585,361,2880,0.0905982905982906,0.7227786064351162
python,kafka,2025-04-01,82,585,584,2880,0.14017094017094017,0.6912539515279241
python,kubernetes,2025-04-01,77,585,510,2880,0.13162393162393163,0.7432880844645551
python,powerbi,2025-04-01,53,585,361,2880,0.0905982905982906,0.7227786064351162
python,scala,2025-04-01,51,585,341,2880,0.08717948717948718,0.7362959621024138
python,snowflake,2025-04-01,338,585,850,2880,0.5777777777777777,1.9576470588235295
python,spark,2025-04-01,82,585,585,2880,0.14017094017094017,0.6900723208415516
python,sql,2025-04-01,82,585,585,2880,0.14017094017094017,0.6900723208415516
python,tableau,2025-04-01,55,585,398,2880,0.09401709401709402,0.680324700425203
python,terraform,2025-04-01,582,585,2828,2880,0.9948717948717949,1.0131650527690133
scala,airflow,2025-04-01,51,341,585,2880,0.1495601173020528,0.7362959621024138
scala,aws,2025-04-01,50,341,569,2880,0.1466275659824047,0.7421571002272856
scala,azure,2025-04-01,50,341,569,2880,0.1466275659824047,0.7421571002272856
scala,databricks,2025-04-01,87,341,670,2880,0.25513196480938416,1.0966866547030245
scala,dbt,2025-04-01,77,341,425,2880,0.22580645161290322,1.530170777988615
scala,docker,2025-04-01,50,341,555,2880,0.1466275659824047,0.7608781802330189
scala,gcp,2025-04-01,50,341,555,2880,0.1466275659824047,0.7608781802330189
scala,hadoop,2025-04-01,33,341,290,2880,0.0967741935483871,0.9610678531701891
scala,hive,2025-04-01,50,341,573,2880,0.1466275659824047,0.7369762478696781
scala,java,2025-04-01,24,341,361,2880,0.07038123167155426,0.5614901584877459
scala,kafka,2025-04-01,51,341,584,2880,0.1495601173020528,0.7375567428594384
scala,kubernetes,2025-04-01,43,341,510,2880,0.12609970674486803,0.7120924616180783
scala,powerbi,2025-04-01,24,341,361,2880,0.07038123167155426,0.5614901584877459
scala,python,2025-04-01,51,341,585,2880,0.1495601173020528,0.7362959621024138
scala,snowflake,2025-04-01,105,341,850,2880,0.30791788856304986,1.04329825771951
scala,spark,2025-04-01,51,341,585,2880,0.1495601173020528,0.7362959621024138
scala,sql,2025-04-01,51,341,585,2880,0.1495601173020528,0.7362959621024138
scala,tableau,2025-04-01,33,341,398,2880,0.0967741935483871,0.7002755714054142
scala,terraform,2025-04-01,331,341,2828,2880,0.9706744868035191,0.988522815415182
snowflake,airflow,2025-04-01,122,850,585,2880,0.14352941176470588,0.7066063348416289
snowflake,aws,2025-04-01,98,850,569,2880,0.11529411764705882,0.583562493538716
snowflake,azure,2025-04-01,98,850,569,2880,0.11529411764705882,0.583562493538716
snowflake,dbt,2025-04-01,425,850,425,2880,0.5,3.388235294117647
snowflake,docker,2025-04-01,99,850,555,2880,0.11647058823529412,0.6043879173290938
snowflake,gcp,2025-04-01,99,850,555,2880,0.11647058823529412,0.6043879173290938
snowflake,hive,2025-04-01,98,850,573,2880,0.11529411764705882,0.579488758854327
snowflake,java,2025-04-01,113,850,361,2880,0.13294117647058823,1.0605833469121722
snowflake,kafka,2025-04-01,98,850,584,2880,0.11529411764705882,0.5685737308622079
snowflake,kubernetes,2025-04-01,150,850,510,2880,0.17647058823529413,0.9965397923875432
snowflake,powerbi,2025-04-01,113,850,361,2880,0.13294117647058823,1.0605833469121722
snowflake,python,2025-04-01,338,850,585,2880,0.3976470588235294,1.9576470588235295
snowflake,scala,2025-04-01,105,850,341,2880,0.12352941176470589,1.04329825771951
snowflake,spark,2025-04-01,323,850,585,2880,0.38,1.8707692307692307
snowflake,sql,2025-04-01,332,850,585,2880,0.3905882352941176,1.92289592760181
snowflake,tableau,2025-04-01,150,850,398,2880,0.17647058823529413,1.2769731007981082
snowflake,terraform,2025-04-01,798,850,2828,2880,0.9388235294117647,0.9560861968549796
spark,airflow,2025-04-01,82,585,585,2880,0.14017094017094017,0.6900723208415516
spark,aws,2025-04-01,81,585,569,2880,0.13846153846153847,0.7008246586453968
spark,azure,2025-04-01,81,585,569,2880,0.13846153846153847,0.7008246586453968
spark,databricks,2025-04-01,87,585,670,2880,0.14871794871794872,0.6392652123995407
spark,dbt,2025-04-01,179,585,425,2880,0.305982905982906,2.0734841628959275
spark,docker,2025-04-01,80,585,555,2880,0.13675213675213677,0.7096327096327096
spark,gcp,2025-04-01,80,585,555,2880,0.13675213675213677,0.7096327096327096
spark,hadoop,2025-04-01,33,585,290,2880,0.05641025641025641,0.560212201591512
spark,hive,2025-04-01,82,585,573,2880,0.14017094017094017,0.7045240971942542
spark,java,2025-04-01,53,585,361,2880,0.0905982905982906,0.7227786064351162
spark,kafka,2025-04-01,82,585,584,2880,0.14017094017094017,0.6912539515279241
spark,kubernetes,2025-04-01,77,585,510,2880,0.13162393162393163,0.7432880844645551
spark,powerbi,2025-04-01,53,585,361,2880,0.0905982905982906,0.7227786064351162
spark,python,2025-04-01,82,585,585,2880,0.14017094017094017,0.6900723208415516
spark,scala,2025-04-01,51,585,341,2880,0.08717948717948718,0.7362959621024138
spark,snowflake,2025-04-01,323,585,850,2880,0.5521367521367522,1.8707692307692307
spark,sql,2025-04-01,82,585,585,2880,0.14017094017094017,0.6900723208415516
spark,tableau,2025-04-01,55,585,398,2880,0.09401709401709402,0.680324700425203
spark,terraform,2025-04-01,582,585,2828,2880,0.9948717948717949,1.0131650527690133
sql,airflow,2025-04-01,82,585,585,2880,0.14017094017094017,0.6900723208415516
sql,aws,2025-04-01,81,585,569,2880,0.13846153846153847,0.7008246586453968
sql,azure,2025-04-01,81,585,569,2880,0.13846153846153847,0.7008246586453968
sql,databricks,2025-04-01,87,585,670,2880,0.14871794871794872,0.6392652123995407
sql,dbt,2025-04-01,149,585,425,2880,0.2547008547008547,1.725972850678733
sql,docker,2025-04-01,80,585,555,2880,0.13675213675213677,0.7096327096327096
sql,gcp,2025-04-01,80,585,555,2880,0.13675213675213677,0.7096327096327096
sql,hadoop,2025-04-01,34,585,290,2880,0.05811965811965812,0.5771883289124669
sql,hive,2025-04-01,82,585,573,2880,0.14017094017094017,0.7045240971942542
sql,java,2025-04-01,53,585,361,2880,0.0905982905982906,0.7227786064351162
sql,kafka,2025-04-01,82,585,584,2880,0.14017094017094017,0.6912539515279241
sql,kubernetes,2025-04-01,77,585,510,2880,0.13162393162393163,0.7432880844645551
sql,powerbi,2025-04-01,53,585,361,2880,0.0905982905982906,0.7227786064351162
sql,python,2025-04-01,82,585,585,2880,0.14017094017094017,0.6900723208415516
sql,scala,2025-04-01,51,585,341,2880,0.08717948717948718,0.7362959621024138
sql,snowflake,2025-04-01,332,585,850,2880,0.5675213675213675,1.92289592760181
sql,spark,2025-04-01,82,585,585,2880,0.14017094017094017,0.6900723208415516
sql,tableau,2025-04-01,55,585,398,2880,0.09401709401709402,0.680324700425203
sql,terraform,2025-04-01,582,585,2828,2880,0.9948717948717949,1.0131650527690133
tableau,airflow,2025-04-01,55,398,585,2880,0.13819095477386933,0.680324700425203
tableau,aws,2025-04-01,54,398,569,2880,0.135678391959799,0.686737730833429
tableau,azure,2025-04-01,54,398,569,2880,0.135678391959799,0.686737730833429
tableau,databricks,2025-04-01,86,398,670,2880,0.21608040201005024,0.9288232205805145
tableau,dbt,2025-04-01,52,398,425,2880,0.1306532663316583,0.8853680165533551
tableau,docker,2025-04-01,54,398,555,2880,0.135678391959799,0.7040608447643624
tableau,gcp,2025-04-01,54,398,555,2880,0.135678391959799,0.7040608447643624
tableau,hadoop,2025-04-01,35,398,290,2880,0.08793969849246232,0.8733321781320396
tableau,hive,2025-04-01,54,398,573,2880,0.135678391959799,0.6819437501644348
tableau,java,2025-04-01,41,398,361,2880,0.10301507537688442,0.8218377204582469
tableau,kafka,2025-04-01,55,398,584,2880,0.13819095477386933,0.6814896399807255
tableau,kubernetes,2025-04-01,100,398,510,2880,0.25125628140703515,1.418859000886787
tableau,powerbi,2025-04-01,41,398,361,2880,0.10301507537688442,0.8218377204582469
tableau,python,2025-04-01,55,398,585,2880,0.13819095477386933,0.680324700425203
tableau,scala,2025-04-01,33,398,341,2880,0.0829145728643216,0.7002755714054142
tableau,snowflake,2025-04-01,150,398,850,2880,0.3768844221105528,1.2769731007981082
tableau,spark,2025-04-01,55,398,585,2880,0.13819095477386933,0.680324700425203
tableau,sql,2025-04-01,55,398,585,2880,0.13819095477386933,0.680324700425203
tableau,terraform,2025-04-01,346,398,2828,2880,0.8693467336683417,0.8853318928447045
terraform,airflow,2025-04-01,582,2828,585,2880,0.2057991513437058,1.0131650527690133
terraform,aws,2025-04-01,566,2828,569,2880,0.20014144271570014,1.0130181986313118
terraform,azure,2025-04-01,566,2828,569,2880,0.20014144271570014,1.0130181986313118
terraform,databricks,2025-04-01,670,2828,670,2880,0.2369165487977369,1.0183875530410185
terraform,dbt,2025-04-01,397,2828,425,2880,0.14038189533239037,0.951293784840669
terraform,docker,2025-04-01,551,2828,555,2880,0.19483734087694485,1.011047822929011
terraform,gcp,2025-04-01,551,2828,555,2880,0.19483734087694485,1.011047822929011
terraform,hadoop,2025-04-01,290,2828,290,2880,0.10254596888260255,1.0183875530410185
terraform,hive,2025-04-01,570,2828,573,2880,0.20155586987270155,1.013055681035568
terraform,java,2025-04-01,343,2828,361,2880,0.12128712871287128,0.9676092262965909
terraform,kafka,2025-04-01,581,2828,584,2880,0.20544554455445543,1.0131561101315611
terraform,kubernetes,2025-04-01,458,2828,510,2880,0.16195190947666196,0.9145519593976205
terraform,powerbi,2025-04-01,343,2828,361,2880,0.12128712871287128,0.9676092262965909
terraform,python,2025-04-01,582,2828,585,2880,0.2057991513437058,1.0131650527690133
terraform,scala,2025-04-01,331,2828,341,2880,0.11704384724186705,0.988522815415182
terraform,snowflake,2025-04-01,798,2828,850,2880,0.28217821782178215,0.9560861968549796
terraform,spark,2025-04-01,582,2828,585,2880,0.2057991513437058,1.0131650527690133
terraform,sql,2025-04-01,582,2828,585,2880,0.2057991513437058,1.0131650527690133
terraform,tableau,2025-04-01,346,2828,398,2880,0.12234794908062235,0.8853318928447045
airflow,aws,2025-05-01,58,562,458,2880,0.10320284697508897,0.6489611338171534
airflow,azure,2025-05-01,60,562,383,2880,0.10676156583629894,0.8028023749570259
airflow,databricks,2025-05-01,73,562,688,2880,0.1298932384341637,0.5437391376313829
airflow,dbt,2025-05-01,24,562,436,2880,0.042704626334519574,0.2820856051454504
airflow,docker,2025-05-01,51,562,360,2880,0.09074733096085409,0.7259786476868327
airflow,gcp,2025-05-01,50,562,356,2880,0.08896797153024912,0.7197408932784197
airflow,hadoop,2025-05-01,139,562,252,2880,0.24733096085409254,2.8266395526182
airflow,hive,2025-05-01,79,562,556,2880,0.14056939501779359,0.7281292403799381
airflow,java,2025-05-01,80,562,584,2880,0.1423487544483986,0.7019938575537464
airflow,kafka,2025-05-01,79,562,556,2880,0.14056939501779359,0.7281292403799381
airflow,kubernetes,2025-05-01,51,562,360,2880,0.09074733096085409,0.7259786476868327
airflow,powerbi,2025-05-01,80,562,584,2880,0.1423487544483986,0.7019938575537464
airflow,python,2025-05-01,81,562,581,2880,0.14412811387900357,0.7144388433244927
airflow,scala,2025-05-01,468,562,2100,2880,0.8327402135231317,1.142043721403152
airflow,snowflake,2025-05-01,100,562,872,2880,0.17793594306049823,0.5876783440530217
airflow,spark,2025-05-01,80,562,570,2880,0.1423487544483986,0.7192358119498033
airflow,sql,2025-05-01,80,562,570,2880,0.1423487544483986,0.7192358119498033
airflow,tableau,2025-05-01,80,562,584,2880,0.1423487544483986,0.7019938575537464
airflow,terraform,2025-05-01,174,562,1365,2880,0.3096085409252669,0.653239998435728
aws,airflow,2025-05-01,58,458,562,2880,0.12663755458515283,0.6489611338171534
aws,azure,2025-05-01,33,458,383,2880,0.07205240174672489,0.5418039609153203
aws,databricks,2025-05-01,81,458,688,2880,0.17685589519650655,0.7403270031481669
aws,dbt,2025-05-01,76,458,436,2880,0.16593886462882096,1.0961099314931293
aws,docker,2025-05-01,45,458,360,2880,0.0982532751091703,0.7860262008733624
aws,gcp,2025-05-01,41,458,356,2880,0.08951965065502183,0.7242039154114126
aws,hadoop,2025-05-01,30,458,252,2880,0.06550218340611354,0.7485963817841547
aws,hive,2025-05-01,58,458,556,2880,0.12663755458515283,0.6559643115202162
aws,java,2025-05-01,73,458,584,2880,0.15938864628820962,0.7860262008733624
aws,kafka,2025-05-01,58,458,556,2880,0.12663755458515283,0.6559643115202162
aws,kubernetes,2025-05-01,45,458,360,2880,0.0982532751091703,0.7860262008733624
aws,powerbi,2025-05-01,73,458,584,2880,0.15938864628820962,0.7860262008733624
aws,python,2025-05-01,69,458,581,2880,0.15065502183406113,0.7467925350810604
aws,scala,2025-05-01,364,458,2100,2880,0.7947598253275109,1.0899563318777292
aws,snowflake,2025-05-01,100,458,872,2880,0.2183406113537118,0.7211249549296903
aws,spark,2025-05-01,58,458,570,2880,0.12663755458515283,0.6398529073776144
aws,sql,2025-05-01,58,458,570,2880,0.12663755458515283,0.6398529073776144
aws,tableau,2025-05-01,73,458,584,2880,0.15938864628820962,0.7860262008733624
aws,terraform,2025-05-01,168,458,1365,2880,0.36681222707423583,0.7739334900906953
azure,airflow,2025-05-01,60,383,562,2880,0.1566579634464752,0.8028023749570259
azure,aws,2025-05-01,33,383,458,2880,0.08616187989556136,0.5418039609153203
azure,databricks,2025-05-01,88,383,688,2880,0.2297650130548303,0.9618070313923128
azure,dbt,2025-05-01,24,383,436,2880,0.06266318537859007,0.41392195846408125
azure,docker,2025-05-01,25,383,360,2880,0.06527415143603134,0.5221932114882507
azure,gcp,2025-05-01,25,383,356,2880,0.06527415143603134,0.5280605509431748
azure,hadoop,2025-05-01,30,383,252,2880,0.0783289817232376,0.8951883625512869
azure,hive,2025-05-01,53,383,556,2880,0.13838120104438642,0.7167947104457426
azure,java,2025-05-01,54,383,584,2880,0.1409921671018277,0.6953038377624379
azure,kafka,2025-05-01,53,383,556,2880,0.13838120104438642,0.7167947104457426
azure,kubernetes,2025-05-01,25,383,360,2880,0.06527415143603134,0.5221932114882507
azure,powerbi,2025-05-01,54,383,584,2880,0.1409921671018277,0.6953038377624379
azure,python,2025-05-01,69,383,581,2880,0.1801566579634465,0.893031282159597
azure,scala,2025-05-01,289,383,2100,2880,0.7545691906005222,1.0348377471092876
azure,snowflake,2025-05-01,100,383,872,2880,0.26109660574412535,0.8623374134668359
azure,spark,2025-05-01,68,383,570,2880,0.17754569190600522,0.8970729696303422
azure,sql,2025-05-01,68,383,570,2880,0.17754569190600522,0.8970729696303422
azure,tableau,2025-05-01,54,383,584,2880,0.1409921671018277,0.6953038377624379
azure,terraform,2025-05-01,148,383,1365,2880,0.38642297650130547,0.8153100163544028
databricks,airflow,2025-05-01,73,688,562,2880,0.10610465116279069,0.5437391376313829
databricks,aws,2025-05-01,81,688,458,2880,0.11773255813953488,0.7403270031481669
databricks,azure,2025-05-01,88,688,383,2880,0.12790697674418605,0.9618070313923128
databricks,docker,2025-05-01,88,688,360,2880,0.12790697674418605,1.0232558139534884
databricks,gcp,2025-05-01,88,688,356,2880,0.12790697674418605,1.0347530702900445
databricks,hive,2025-05-01,73,688,556,2880,0.10610465116279069,0.5496068261669734
databricks,java,2025-05-01,88,688,584,2880,0.12790697674418605,0.6307741318891367
databricks,kafka,2025-05-01,73,688,556,2880,0.10610465116279069,0.5496068261669734
databricks,kubernetes,2025-05-01,88,688,360,2880,0.12790697674418605,1.0232558139534884
databricks,powerbi,2025-05-01,88,688,584,2880,0.12790697674418605,0.6307741318891367
databricks,python,2025-05-01,313,688,581,2880,0.45494186046511625,2.255133490773726
databricks,scala,2025-05-01,561,688,2100,2880,0.815406976744186,1.1182724252491694
databricks,spark,2025-05-01,95,688,570,2880,0.1380813953488372,0.6976744186046512
databricks,sql,2025-05-01,305,688,570,2880,0.4433139534883721,2.2399020807833536
databricks,tableau,2025-05-01,215,688,584,2880,0.3125,1.5410958904109588
databricks,terraform,2025-05-01,215,688,1365,2880,0.3125,0.6593406593406593
dbt,airflow,2025-05-01,24,436,562,2880,0.05504587155963303,0.2820856051454504
dbt,aws,2025-05-01,76,436,458,2880,0.1743119266055046,1.0961099314931293
dbt,azure,2025-05-01,24,436,383,2880,0.05504587155963303,0.41392195846408125
dbt,docker,2025-05-01,32,436,360,2880,0.07339449541284404,0.5871559633027523
dbt,gcp,2025-05-01,82,436,356,2880,0.18807339449541285,1.5214926296258118
dbt,hive,2025-05-01,24,436,556,2880,0.05504587155963303,0.28512969440960995
dbt,java,2025-05-01,152,436,584,2880,0.3486238532110092,1.7192409199447027
dbt,kafka,2025-05-01,76,436,556,2880,0.1743119266055046,0.9029106989637647
dbt,kubernetes,2025-05-01,82,436,360,2880,0.18807339449541285,1.5045871559633028
dbt,powerbi,2025-05-01,177,436,584,2880,0.4059633027522936,2.0020108080935026
dbt,python,2025-05-01,76,436,581,2880,0.1743119266055046,0.864059119834515
dbt,scala,2025-05-01,187,436,2100,2880,0.4288990825688073,0.5882044560943643
dbt,snowflake,2025-05-01,436,436,872,2880,1.0,3.302752293577982
dbt,spark,2025-05-01,76,436,570,2880,0.1743119266055046,0.8807339449541285
dbt,sql,2025-05-01,24,436,570,2880,0.05504587155963303,0.27812650893288265
dbt,tableau,2025-05-01,24,436,584,2880,0.05504587155963303,0.2714590926228478
dbt,terraform,2025-05-01,436,436,1365,2880,1.0,2.10989010989011
docker,airflow,2025-05-01,51,360,562,2880,0.14166666666666666,0.7259786476868327
docker,aws,2025-05-01,45,360,458,2880,0.125,0.7860262008733624
docker,azure,2025-05-01,25,360,383,2880,0.06944444444444445,0.5221932114882507
docker,databricks,2025-05-01,88,360,688,2880,0.24444444444444444,1.0232558139534884
docker,dbt,2025-05-01,32,360,436,2880,0.08888888888888889,0.5871559633027523
docker,gcp,2025-05-01,24,360,356,2880,0.06666666666666667,0.5393258426966292
docker,hadoop,2025-05-01,31,360,252,2880,0.08611111111111111,0.9841269841269841
docker,hive,2025-05-01,51,360,556,2880,0.14166666666666666,0.7338129496402878
docker,java,2025-05-01,53,360,584,2880,0.14722222222222223,0.726027397260274
docker,kafka,2025-05-01,51,360,556,2880,0.14166666666666666,0.7338129496402878
docker,kubernetes,2025-05-01,24,360,360,2880,0.06666666666666667,0.5333333333333333
docker,powerbi,2025-05-01,53,360,584,2880,0.14722222222222223,0.726027397260274
docker,python,2025-05-01,53,360,581,2880,0.14722222222222223,0.729776247848537
docker,scala,2025-05-01,252,360,2100,2880,0.7,0.96
docker,snowflake,2025-05-01,114,360,872,2880,0.31666666666666665,1.0458715596330275
docker,spark,2025-05-01,52,360,570,2880,0.14444444444444443,0.7298245614035088
docker,sql,2025-05-01,52,360,570,2880,0.14444444444444443,0.7298245614035088
docker,tableau,2025-05-01,53,360,584,2880,0.14722222222222223,0.726027397260274
docker,terraform,2025-05-01,161,360,1365,2880,0.44722222222222224,0.9435897435897436
gcp,airflow,2025-05-01,50,356,562,2880,0.1404494382022472,0.7197408932784197
gcp,aws,2025-05-01,41,356,458,2880,0.1151685393258427,0.7242039154114126
gcp,azure,2025-05-01,25,356,383,2880,0.0702247191011236,0.5280605509431748
gcp,databricks,2025-05-01,88,356,688,2880,0.24719101123595505,1.0347530702900445
gcp,dbt,2025-05-01,82,356,436,2880,0.2303370786516854,1.5214926296258118
gcp,docker,2025-05-01,24,356,360,2880,0.06741573033707865,0.5393258426966292
gcp,hadoop,2025-05-01,27,356,252,2880,0.07584269662921349,0.8667736757624398
gcp,hive,2025-05-01,51,356,556,2880,0.14325842696629212,0.7420580389620888
gcp,java,2025-05-01,53,356,584,2880,0.14887640449438203,0.7341850084654455
gcp,kafka,2025-05-01,51,356,556,2880,0.14325842696629212,0.7420580389620888
gcp,kubernetes,2025-05-01,24,356,360,2880,0.06741573033707865,0.5393258426966292
gcp,powerbi,2025-05-01,53,356,584,2880,0.14887640449438203,0.7341850084654455
gcp,python,2025-05-01,52,356,581,2880,0.14606741573033707,0.724051905857781
gcp,scala,2025-05-01,248,356,2100,2880,0.6966292134831461,0.9553772070626003
gcp,snowflake,2025-05-01,114,356,872,2880,0.3202247191011236,1.057622925471601
gcp,spark,2025-05-01,51,356,570,2880,0.14325842696629212,0.7238320520402128
gcp,sql,2025-05-01,51,356,570,2880,0.14325842696629212,0.7238320520402128
gcp,tableau,2025-05-01,53,356,584,2880,0.14887640449438203,0.7341850084654455
gcp,terraform,2025-05-01,161,356,1365,2880,0.45224719101123595,0.9541918755401901
hadoop,airflow,2025-05-01,139,252,562,2880,0.5515873015873016,2.8266395526182
hadoop,aws,2025-05-01,30,252,458,2880,0.11904761904761904,0.7485963817841547
hadoop,azure,2025-05-01,30,252,383,2880,0.11904761904761904,0.8951883625512869
hadoop,docker,2025-05-01,31,252,360,2880,0.12301587301587301,0.9841269841269841
hadoop,gcp,2025-05-01,27,252,356,2880,0.10714285714285714,0.8667736757624398
hadoop,hive,2025-05-01,30,252,556,2880,0.11904761904761904,0.6166495375128469
hadoop,java,2025-05-01,31,252,584,2880,0.12301587301587301,0.6066536203522505
hadoop,kafka,2025-05-01,30,252,556,2880,0.11904761904761904,0.6166495375128469
hadoop,kubernetes,2025-05-01,31,252,360,2880,0.12301587301587301,0.9841269841269841
hadoop,powerbi,2025-05-01,31,252,584,2880,0.12301587301587301,0.6066536203522505
hadoop,python,2025-05-01,31,252,581,2880,0.12301587301587301,0.609786083107942
hadoop,scala,2025-05-01,252,252,2100,2880,1.0,1.3714285714285714
hadoop,spark,2025-05-01,144,252,570,2880,0.5714285714285714,2.887218045112782
hadoop,sql,2025-05-01,31,252,570,2880,0.12301587301587301,0.6215538847117794
hadoop,tableau,2025-05-01,31,252,584,2880,0.12301587301587301,0.6066536203522505
hadoop,terraform,2025-05-01,31,252,1365,2880,0.12301587301587301,0.2595499738356881
hive,airflow,2025-05-01,79,556,562,2880,0.1420863309352518,0.7281292403799381
hive,aws,2025-05-01,58,556,458,2880,0.10431654676258993,0.6559643115202162
hive,azure,2025-05-01,53,556,383,2880,0.09532374100719425,0.7167947104457426
hive,databricks,2025-05-01,73,556,688,2880,0.13129496402877697,0.5496068261669734
hive,dbt,2025-05-01,24,556,436,2880,0.04316546762589928,0.28512969440960995
hive,docker,2025-05-01,51,556,360,2880,0.09172661870503597,0.7338129496402878
hive,gcp,2025-05-01,51,556,356,2880,0.09172661870503597,0.7420580389620888
hive,hadoop,2025-05-01,30,556,252,2880,0.0539568345323741,0.6166495375128469
hive,java,2025-05-01,80,556,584,2880,0.14388489208633093,0.7095693308367005
hive,kafka,2025-05-01,78,556,556,2880,0.14028776978417265,0.726670462191398
hive,kubernetes,2025-05-01,51,556,360,2880,0.09172661870503597,0.7338129496402878
hive,powerbi,2025-05-01,80,556,584,2880,0.14388489208633093,0.7095693308367005
hive,python,2025-05-01,80,556,581,2880,0.14388489208633093,0.713233200014859
hive,scala,2025-05-01,462,556,2100,2880,0.8309352517985612,1.139568345323741
hive,snowflake,2025-05-01,100,556,872,2880,0.17985611510791366,0.5940201966866874
hive,spark,2025-05-01,79,556,570,2880,0.1420863309352518,0.7179098826202196
hive,sql,2025-05-01,79,556,570,2880,0.1420863309352518,0.7179098826202196
hive,tableau,2025-05-01,80,556,584,2880,0.14388489208633093,0.7095693308367005
hive,terraform,2025-05-01,174,556,1365,2880,0.3129496402877698,0.6602893509368329
java,airflow,2025-05-01,80,584,562,2880,0.136986301369863,0.7019938575537464
java,aws,2025-05-01,73,584,458,2880,0.125,0.7860262008733624
java,azure,2025-05-01,54,584,383,2880,0.09246575342465753,0.6953038377624379
java,databricks,2025-05-01,88,584,688,2880,0.1506849315068493,0.6307741318891367
java,dbt,2025-05-01,152,584,436,2880,0.2602739726027397,1.7192409199447027
java,docker,2025-05-01,53,584,360,2880,0.09075342465753425,0.726027397260274
java,gcp,2025-05-01,53,584,356,2880,0.09075342465753425,0.7341850084654455
java,hadoop,2025-05-01,31,584,252,2880,0.053082191780821915,0.6066536203522505
java,hive,2025-05-01,80,584,556,2880,0.136986301369863,0.7095693308367005
java,kafka,2025-05-01,80,584,556,2880,0.136986301369863,0.7095693308367005
java,kubernetes,2025-05-01,53,584,360,2880,0.09075342465753425,0.726027397260274
java,powerbi,2025-05-01,82,584,584,2880,0.1404109589041096,0.6924376055545131
java,python,2025-05-01,81,584,581,2880,0.1386986301369863,0.6875250512814467
java,scala,2025-05-01,280,584,2100,2880,0.4794520547945205,0.6575342465753424
java,snowflake,2025-05-01,339,584,872,2880,0.5804794520547946,1.9171798416488626
java,spark,2025-05-01,81,584,570,2880,0.1386986301369863,0.7007930785868781
java,sql,2025-05-01,81,584,570,2880,0.1386986301369863,0.7007930785868781
java,tableau,2025-05-01,82,584,584,2880,0.1404109589041096,0.6924376055545131
java,terraform,2025-05-01,386,584,1365,2880,0.660958904109589,1.3945506548246274
kafka,airflow,2025-05-01,79,556,562,2880,0.1420863309352518,0.7281292403799381
kafka,aws,2025-05-01,58,556,458,2880,0.10431654676258993,0.6559643115202162
kafka,azure,2025-05-01,53,556,383,2880,0.09532374100719425,0.7167947104457426
kafka,databricks,2025-05-01,73,556,688,2880,0.13129496402877697,0.5496068261669734
kafka,dbt,2025-05-01,76,556,436,2880,0.1366906474820144,0.9029106989637647
kafka,docker,2025-05-01,51,556,360,2880,0.09172661870503597,0.7338129496402878
kafka,gcp,2025-05-01,51,556,356,2880,0.09172661870503597,0.7420580389620888
kafka,hadoop,2025-05-01,30,556,252,2880,0.0539568345323741,0.6166495375128469
kafka,hive,2025-05-01,78,556,556,2880,0.14028776978417265,0.726670462191398
kafka,java,2025-05-01,80,556,584,2880,0.14388489208633093,0.7095693308367005
kafka,kubernetes,2025-05-01,51,556,360,2880,0.09172661870503597,0.7338129496402878
kafka,powerbi,2025-05-01,80,556,584,2880,0.14388489208633093,0.7095693308367005
kafka,python,2025-05-01,80,556,581,2880,0.14388489208633093,0.713233200014859
kafka,scala,2025-05-01,462,556,2100,2880,0.8309352517985612,1.139568345323741
kafka,snowflake,2025-05-01,100,556,872,2880,0.17985611510791366,0.5940201966866874
kafka,spark,2025-05-01,79,556,570,2880,0.1420863309352518,0.7179098826202196
kafka,sql,2025-05-01,79,556,570,2880,0.1420863309352518,0.7179098826202196
kafka,tableau,2025-05-01,80,556,584,2880,0.14388489208633093,0.7095693308367005
kafka,terraform,2025-05-01,174,556,1365,2880,0.3129496402877698,0.6602893509368329
kubernetes,airflow,2025-05-01,51,360,562,2880,0.14166666666666666,0.7259786476868327
kubernetes,aws,2025-05-01,45,360,458,2880,0.125,0.7860262008733624
kubernetes,azure,2025-05-01,25,360,383,2880,0.06944444444444445,0.5221932114882507
kubernetes,databricks,2025-05-01,88,360,688,2880,0.24444444444444444,1.0232558139534884
kubernetes,dbt,2025-05-01,82,360,436,2880,0.22777777777777777,1.5045871559633028
kubernetes,docker,2025-05-01,24,360,360,2880,0.06666666666666667,0.5333333333333333
kubernetes,gcp,2025-05-01,24,360,356,2880,0.06666666666666667,0.5393258426966292
kubernetes,hadoop,2025-05-01,31,360,252,2880,0.08611111111111111,0.9841269841269841
kubernetes,hive,2025-05-01,51,360,556,2880,0.14166666666666666,0.7338129496402878
kubernetes,java,2025-05-01,53,360,584,2880,0.14722222222222223,0.726027397260274
kubernetes,kafka,2025-05-01,51,360,556,2880,0.14166666666666666,0.7338129496402878
kubernetes,powerbi,2025-05-01,53,360,584,2880,0.14722222222222223,0.726027397260274
kubernetes,python,2025-05-01,53,360,581,2880,0.14722222222222223,0.729776247848537
kubernetes,scala,2025-05-01,252,360,2100,2880,0.7,0.96
kubernetes,snowflake,2025-05-01,114,360,872,2880,0.31666666666666665,1.0458715596330275
kubernetes,spark,2025-05-01,52,360,570,2880,0.14444444444444443,0.7298245614035088
kubernetes,sql,2025-05-01,52,360,570,2880,0.14444444444444443,0.7298245614035088
kubernetes,tableau,2025-05-01,53,360,584,2880,0.14722222222222223,0.726027397260274
kubernetes,terraform,2025-05-01,161,360,1365,2880,0.44722222222222224,0.9435897435897436
powerbi,airflow,2025-05-01,80,584,562,2880,0.136986301369863,0.7019938575537464
powerbi,aws,2025-05-01,73,584,458,2880,0.125,0.7860262008733624
powerbi,azure,2025-05-01,54,584,383,2880,0.09246575342465753,0.6953038377624379
powerbi,databricks,2025-05-01,88,584,688,2880,0.1506849315068493,0.6307741318891367
powerbi,dbt,2025-05-01,177,584,436,2880,0.3030821917808219,2.0020108080935026
powerbi,docker,2025-05-01,53,584,360,2880,0.09075342465753425,0.726027397260274
powerbi,gcp,2025-05-01,53,584,356,2880,0.09075342465753425,0.7341850084654455
powerbi,hadoop,2025-05-01,31,584,252,2880,0.053082191780821915,0.6066536203522505
powerbi,hive,2025-05-01,80,584,556,2880,0.136986301369863,0.7095693308367005
powerbi,java,2025-05-01,82,584,584,2880,0.1404109589041096,0.6924376055545131
powerbi,kafka,2025-05-01,80,584,556,2880,0.136986301369863,0.7095693308367005
powerbi,kubernetes,2025-05-01,53,584,360,2880,0.09075342465753425,0.726027397260274
powerbi,python,2025-05-01,81,584,581,2880,0.1386986301369863,0.6875250512814467
powerbi,scala,2025-05-01,280,584,2100,2880,0.4794520547945205,0.6575342465753424
powerbi,snowflake,2025-05-01,317,584,872,2880,0.5428082191780822,1.7927610908633906
powerbi,spark,2025-05-01,81,584,570,2880,0.1386986301369863,0.7007930785868781
powerbi,sql,2025-05-01,81,584,570,2880,0.1386986301369863,0.7007930785868781
powerbi,tableau,2025-05-01,82,584,584,2880,0.1404109589041096,0.6924376055545131
powerbi,terraform,2025-05-01,386,584,1365,2880,0.660958904109589,1.3945506548246274
python,airflow,2025-05-01,81,581,562,2880,0.13941480206540446,0.7144388433244927
python,aws,2025-05-01,69,581,458,2880,0.11876075731497418,0.7467925350810604
python,azure,2025-05-01,69,581,383,2880,0.11876075731497418,0.893031282159597
python,databricks,2025-05-01,313,581,688,2880,0.5387263339070568,2.255133490773726
python,dbt,2025-05-01,76,581,436,2880,0.13080895008605853,0.864059119834515
python,docker,2025-05-01,53,581,360,2880,0.09122203098106713,0.729776247848537
python,gcp,2025-05-01,52,581,356,2880,0.08950086058519793,0.724051905857781
python,hadoop,2025-05-01,31,581,252,2880,0.05335628227194492,0.609786083107942
python,hive,2025-05-01,80,581,556,2880,0.13769363166953527,0.713233200014859
python,java,2025-05-01,81,581,584,2880,0.13941480206540446,0.6875250512814467
python,kafka,2025-05-01,80,581,556,2880,0.13769363166953527,0.713233200014859
python,kubernetes,2025-05-01,53,581,360,2880,0.09122203098106713,0.729776247848537
python,powerbi,2025-05-01,81,581,584,2880,0.13941480206540446,0.6875250512814467
python,scala,2025-05-01,487,581,2100,2880,0.8382099827882961,1.1495451192525203
python,snowflake,2025-05-01,100,581,872,2880,0.1721170395869191,0.5684599472595493
python,spark,2025-05-01,81,581,570,2880,0.13941480206540446,0.7044116314883595
python,sql,2025-05-01,81,581,570,2880,0.13941480206540446,0.7044116314883595
python,tableau,2025-05-01,81,581,584,2880,0.13941480206540446,0.6875250512814467
python,terraform,2025-05-01,176,581,1365,2880,0.3029259896729776,0.639140549639689
scala,airflow,2025-05-01,468,2100,562,2880,0.22285714285714286,1.142043721403152
scala,aws,2025-05-01,364,2100,458,2880,0.17333333333333334,1.0899563318777292
scala,azure,2025-05-01,289,2100,383,2880,0.1376190476190476,1.0348377471092876
scala,databricks,2025-05-01,561,2100,688,2880,0.2671428571428571,1.1182724252491694
scala,dbt,2025-05-01,187,2100,436,2880,0.08904761904761904,0.5882044560943643
scala,docker,2025-05-01,252,2100,360,2880,0.12,0.96
scala,gcp,2025-05-01,248,2100,356,2880,0.1180952380952381,0.9553772070626003
scala,hadoop,2025-05-01,252,2100,252,2880,0.12,1.3714285714285714
scala,hive,2025-05-01,462,2100,556,2880,0.22,1.139568345323741
scala,java,2025-05-01,280,2100,584,2880,0.13333333333333333,0.6575342465753424
scala,kafka,2025-05-01,462,2100,556,2880,0.22,1.139568345323741
scala,kubernetes,2025-05-01,252,2100,360,2880,0.12,0.96
scala,powerbi,2025-05-01,280,2100,584,2880,0.13333333333333333,0.6575342465753424
scala,python,2025-05-01,487,2100,581,2880,0.2319047619047619,1.1495451192525203
scala,snowflake,2025-05-01,339,2100,872,2880,0.16142857142857142,0.5331585845347313
scala,spark,2025-05-01,476,2100,570,2880,0.22666666666666666,1.1452631578947368
scala,sql,2025-05-01,476,2100,570,2880,0.22666666666666666,1.1452631578947368
scala,tableau,2025-05-01,280,2100,584,2880,0.13333333333333333,0.6575342465753424
scala,terraform,2025-05-01,585,2100,1365,2880,0.2785714285714286,0.5877551020408164
snowflake,airflow,2025-05-01,100,872,562,2880,0.11467889908256881,0.5876783440530217
snowflake,aws,2025-05-01,100,872,458,2880,0.11467889908256881,0.7211249549296903
snowflake,azure,2025-05-01,100,872,383,2880,0.11467889908256881,0.8623374134668359
snowflake,dbt,2025-05-01,436,872,436,2880,0.5,3.302752293577982
snowflake,docker,2025-05-01,114,872,360,2880,0.13073394495412843,1.0458715596330275
snowflake,gcp,2025-05-01,114,872,356,2880,0.13073394495412843,1.057622925471601
snowflake,hive,2025-05-01,100,872,556,2880,0.11467889908256881,0.5940201966866874
snowflake,java,2025-05-01,339,872,584,2880,0.38876146788990823,1.9171798416488626
snowflake,kafka,2025-05-01,100,872,556,2880,0.11467889908256881,0.5940201966866874
snowflake,kubernetes,2025-05-01,114,872,360,2880,0.13073394495412843,1.0458715596330275
snowflake,powerbi,2025-05-01,317,872,584,2880,0.36353211009174313,1.7927610908633906
snowflake,python,2025-05-01,100,872,581,2880,0.11467889908256881,0.5684599472595493
snowflake,scala,2025-05-01,339,872,2100,2880,0.38876146788990823,0.5331585845347313
snowflake,spark,2025-05-01,100,872,570,2880,0.11467889908256881,0.5794302269435055
snowflake,sql,2025-05-01,100,872,570,2880,0.11467889908256881,0.5794302269435055
snowflake,tableau,2025-05-01,99,872,584,2880,0.11353211009174312,0.5598843785346236
snowflake,terraform,2025-05-01,872,872,1365,2880,1.0,2.10989010989011
spark,airflow,2025-05-01,80,570,562,2880,0.14035087719298245,0.7192358119498033
spark,aws,2025-05-01,58,570,458,2880,0.10175438596491228,0.6398529073776144
spark,azure,2025-05-01,68,570,383,2880,0.11929824561403508,0.8970729696303422
spark,databricks,2025-05-01,95,570,688,2880,0.16666666666666666,0.6976744186046512
spark,dbt,2025-05-01,76,570,436,2880,0.13333333333333333,0.8807339449541285
spark,docker,2025-05-01,52,570,360,2880,0.0912280701754386,0.7298245614035088
spark,gcp,2025-05-01,51,570,356,2880,0.08947368421052632,0.7238320520402128
spark,hadoop,2025-05-01,144,570,252,2880,0.25263157894736843,2.887218045112782
spark,hive,2025-05-01,79,570,556,2880,0.13859649122807016,0.7179098826202196
spark,java,2025-05-01,81,570,584,2880,0.14210526315789473,0.7007930785868781
spark,kafka,2025-05-01,79,570,556,2880,0.13859649122807016,0.7179098826202196
spark,kubernetes,2025-05-01,52,570,360,2880,0.0912280701754386,0.7298245614035088
spark,powerbi,2025-05-01,81,570,584,2880,0.14210526315789473,0.7007930785868781
spark,python,2025-05-01,81,570,581,2880,0.14210526315789473,0.7044116314883595
spark,scala,2025-05-01,476,570,2100,2880,0.8350877192982457,1.1452631578947368
spark,snowflake,2025-05-01,100,570,872,2880,0.17543859649122806,0.5794302269435055
spark,sql,2025-05-01,80,570,570,2880,0.14035087719298245,0.7091412742382271
spark,tableau,2025-05-01,81,570,584,2880,0.14210526315789473,0.7007930785868781
spark,terraform,2025-05-01,175,570,1365,2880,0.30701754385964913,0.6477732793522267
sql,airflow,2025-05-01,80,570,562,2880,0.14035087719298245,0.7192358119498033
sql,aws,2025-05-01,58,570,458,2880,0.10175438596491228,0.6398529073776144
sql,azure,2025-05-01,68,570,383,2880,0.11929824561403508,0.8970729696303422
sql,databricks,2025-05-01,305,570,688,2880,0.5350877192982456,2.2399020807833536
sql,dbt,2025-05-01,24,570,436,2880,0.042105263157894736,0.27812650893288265
sql,docker,2025-05-01,52,570,360,2880,0.0912280701754386,0.7298245614035088
sql,gcp,2025-05-01,51,570,356,2880,0.08947368421052632,0.7238320520402128
sql,hadoop,2025-05-01,31,570,252,2880,0.054385964912280704,0.6215538847117794
sql,hive,2025-05-01,79,570,556,2880,0.13859649122807016,0.7179098826202196
sql,java,2025-05-01,81,570,584,2880,0.14210526315789473,0.7007930785868781
sql,kafka,2025-05-01,79,570,556,2880,0.13859649122807016,0.7179098826202196
sql,kubernetes,2025-05-01,52,570,360,2880,0.0912280701754386,0.7298245614035088
sql,powerbi,2025-05-01,81,570,584,2880,0.14210526315789473,0.7007930785868781
sql,python,2025-05-01,81,570,581,2880,0.14210526315789473,0.7044116314883595
sql,scala,2025-05-01,476,570,2100,2880,0.8350877192982457,1.1452631578947368
sql,snowflake,2025-05-01,100,570,872,2880,0.17543859649122806,0.5794302269435055
sql,spark,2025-05-01,80,570,570,2880,0.14035087719298245,0.7091412742382271
sql,tableau,2025-05-01,81,570,584,2880,0.14210526315789473,0.7007930785868781
sql,terraform,2025-05-01,175,570,1365,2880,0.30701754385964913,0.6477732793522267
tableau,airflow,2025-05-01,80,584,562,2880,0.136986301369863,0.7019938575537464
tableau,aws,2025-05-01,73,584,458,2880,0.125,0.7860262008733624
tableau,azure,2025-05-01,54,584,383,2880,0.09246575342465753,0.6953038377624379
tableau,databricks,2025-05-01,215,584,688,2880,0.3681506849315068,1.5410958904109588
tableau,dbt,2025-05-01,24,584,436,2880,0.0410958904109589,0.2714590926228478
tableau,docker,2025-05-01,53,584,360,2880,0.09075342465753425,0.726027397260274
tableau,gcp,2025-05-01,53,584,356,2880,0.09075342465753425,0.7341850084654455
tableau,hadoop,2025-05-01,31,584,252,2880,0.053082191780821915,0.6066536203522505
tableau,hive,2025-05-01,80,584,556,2880,0.136986301369863,0.7095693308367005
tableau,java,2025-05-01,82,584,584,2880,0.1404109589041096,0.6924376055545131
tableau,kafka,2025-05-01,80,584,556,2880,0.136986301369863,0.7095693308367005
tableau,kubernetes,2025-05-01,53,584,360,2880,0.09075342465753425,0.726027397260274
tableau,powerbi,2025-05-01,82,584,584,2880,0.1404109589041096,0.6924376055545131
tableau,python,2025-05-01,81,584,581,2880,0.1386986301369863,0.6875250512814467
tableau,scala,2025-05-01,280,584,2100,2880,0.4794520547945205,0.6575342465753424
tableau,snowflake,2025-05-01,99,584,872,2880,0.1695205479452055,0.5598843785346236
tableau,spark,2025-05-01,81,584,570,2880,0.1386986301369863,0.7007930785868781
tableau,sql,2025-05-01,81,584,570,2880,0.1386986301369863,0.7007930785868781
tableau,terraform,2025-05-01,386,584,1365,2880,0.660958904109589,1.3945506548246274
terraform,airflow,2025-05-01,174,1365,562,2880,0.12747252747252746,0.653239998435728
terraform,aws,2025-05-01,168,1365,458,2880,0.12307692307692308,0.7739334900906953
terraform,azure,2025-05-01,148,1365,383,2880,0.10842490842490843,0.8153100163544028
terraform,databricks,2025-05-01,215,1365,688,2880,0.1575091575091575,0.6593406593406593
terraform,dbt,2025-05-01,436,1365,436,2880,0.3194139194139194,2.10989010989011
terraform,docker,2025-05-01,161,1365,360,2880,0.11794871794871795,0.9435897435897436
terraform,gcp,2025-05-01,161,1365,356,2880,0.11794871794871795,0.9541918755401901
terraform,hadoop,2025-05-01,31,1365,252,2880,0.02271062271062271,0.2595499738356881
terraform,hive,2025-05-01,174,1365,556,2880,0.12747252747252746,0.6602893509368329
terraform,java,2025-05-01,386,1365,584,2880,0.2827838827838828,1.3945506548246274
terraform,kafka,2025-05-01,174,1365,556,2880,0.12747252747252746,0.6602893509368329
terraform,kubernetes,2025-05-01,161,1365,360,2880,0.11794871794871795,0.9435897435897436
terraform,powerbi,2025-05-01,386,1365,584,2880,0.2827838827838828,1.3945506548246274
terraform,python,2025-05-01,176,1365,581,2880,0.12893772893772895,0.639140549639689
terraform,scala,2025-05-01,585,1365,2100,2880,0.42857142857142855,0.5877551020408164
terraform,snowflake,2025-05-01,872,1365,872,2880,0.6388278388278388,2.10989010989011
terraform,spark,2025-05-01,175,1365,570,2880,0.1282051282051282,0.6477732793522267
terraform,sql,2025-05-01,175,1365,570,2880,0.1282051282051282,0.6477732793522267
terraform,tableau,2025-05-01,386,1365,584,2880,0.2827838827838828,1.3945506548246274
airflow,aws,2025-06-01,22,342,359,2880,0.06432748538011696,0.5160533646092949
airflow,azure,2025-06-01,41,342,532,2880,0.11988304093567251,0.6489908982983775
airflow,databricks,2025-06-01,89,342,706,2880,0.260233918128655,1.0615774563888474
airflow,dbt,2025-06-01,28,342,447,2880,0.08187134502923976,0.5274932297185918
airflow,docker,2025-06-01,52,342,585,2880,0.15204678362573099,0.7485380116959064
airflow,gcp,2025-06-01,52,342,585,2880,0.15204678362573099,0.7485380116959064
airflow,hadoop,2025-06-01,14,342,214,2880,0.04093567251461988,0.5509099852434826
airflow,hive,2025-06-01,22,342,359,2880,0.06432748538011696,0.5160533646092949
airflow,java,2025-06-01,121,342,1133,2880,0.3538011695906433,0.8993357179356157
airflow,kafka,2025-06-01,22,342,359,2880,0.06432748538011696,0.5160533646092949
airflow,kubernetes,2025-06-01,52,342,585,2880,0.15204678362573099,0.7485380116959064
airflow,powerbi,2025-06-01,52,342,571,2880,0.15204678362573099,0.7668909576919531
airflow,python,2025-06-01,49,342,555,2880,0.14327485380116958,0.7434803224276908
airflow,scala,2025-06-01,274,342,2322,2880,0.8011695906432749,0.99369871707693
airflow,snowflake,2025-06-01,109,342,894,2880,0.31871345029239767,1.0267278935594017
airflow,spark,2025-06-01,35,342,499,2880,0.1023391812865497,0.5906549941989242
airflow,sql,2025-06-01,46,342,498,2880,0.13450292397660818,0.777848235045445
airflow,tableau,2025-06-01,51,342,556,2880,0.14912280701754385,0.7724346838318819
airflow,terraform,2025-06-01,52,342,585,2880,0.15204678362573099,0.7485380116959064
aws,airflow,2025-06-01,22,359,342,2880,0.06128133704735376,0.5160533646092949
aws,azure,2025-06-01,49,359,532,2880,0.13649025069637882,0.7388945902360358
aws,databricks,2025-06-01,89,359,706,2880,0.2479108635097493,1.0113077718244732
aws,dbt,2025-06-01,83,359,447,2880,0.23119777158774374,1.489596380699557
aws,docker,2025-06-01,53,359,585,2880,0.14763231197771587,0.7268052281979859
aws,gcp,2025-06-01,53,359,585,2880,0.14763231197771587,0.7268052281979859
aws,hadoop,2025-06-01,28,359,214,2880,0.07799442896935933,1.0496446515502564
aws,hive,2025-06-01,24,359,359,2880,0.06685236768802229,0.5363086878593432
aws,java,2025-06-01,131,359,1133,2880,0.3649025069637883,0.9275544748947134
aws,kafka,2025-06-01,24,359,359,2880,0.06685236768802229,0.5363086878593432
aws,kubernetes,2025-06-01,53,359,585,2880,0.14763231197771587,0.7268052281979859
aws,powerbi,2025-06-01,52,359,571,2880,0.14484679665738162,0.7305757869934484
aws,python,2025-06-01,51,359,555,2880,0.14206128133704735,0.7371828653165701
aws,scala,2025-06-01,280,359,2322,2880,0.7799442896935933,0.9673727624106584
aws,snowflake,2025-06-01,115,359,894,2880,0.3203342618384401,1.0319492998822233
aws,spark,2025-06-01,47,359,499,2880,0.1309192200557103,0.7556059193596106
aws,sql,2025-06-01,47,359,498,2880,0.1309192200557103,0.7571232003221801
aws,tableau,2025-06-01,51,359,556,2880,0.14206128133704735,0.7358569968537705
aws,terraform,2025-06-01,53,359,585,2880,0.14763231197771587,0.7268052281979859
azure,airflow,2025-06-01,41,532,342,2880,0.07706766917293233,0.6489908982983775
azure,aws,2025-06-01,49,532,359,2880,0.09210526315789473,0.7388945902360358
azure,databricks,2025-06-01,89,532,706,2880,0.16729323308270677,0.6824426505356876
azure,dbt,2025-06-01,124,532,447,2880,0.23308270676691728,1.5017409295049704
azure,docker,2025-06-01,79,532,585,2880,0.14849624060150377,0.7310584152689416
azure,gcp,2025-06-01,79,532,585,2880,0.14849624060150377,0.7310584152689416
azure,hadoop,2025-06-01,28,532,214,2880,0.05263157894736842,0.7083128381701919
azure,hive,2025-06-01,49,532,359,2880,0.09210526315789473,0.7388945902360358
azure,java,2025-06-01,157,532,1133,2880,0.2951127819548872,0.7501542912886806
azure,kafka,2025-06-01,49,532,359,2880,0.09210526315789473,0.7388945902360358
azure,kubernetes,2025-06-01,79,532,585,2880,0.14849624060150377,0.7310584152689416
azure,powerbi,2025-06-01,78,532,571,2880,0.14661654135338345,0.7395019949172406
azure,python,2025-06-01,62,532,555,2880,0.11654135338345864,0.6047551310709205
azure,scala,2025-06-01,453,532,2322,2880,0.8515037593984962,1.0561286938275922
azure,snowflake,2025-06-01,288,532,894,2880,0.5413533834586466,1.743957208457385
azure,spark,2025-06-01,58,532,499,2880,0.10902255639097744,0.6292283815751805
azure,sql,2025-06-01,58,532,498,2880,0.10902255639097744,0.6304918923815563
azure,tableau,2025-06-01,77,532,556,2880,0.14473684210526316,0.7497160166603559
azure,terraform,2025-06-01,79,532,585,2880,0.14849624060150377,0.7310584152689416
databricks,airflow,2025-06-01,89,706,342,2880,0.12606232294617564,1.0615774563888474
databricks,aws,2025-06-01,89,706,359,2880,0.12606232294617564,1.0113077718244732
databricks,azure,2025-06-01,89,706,532,2880,0.12606232294617564,0.6824426505356876
databricks,docker,2025-06-01,89,706,585,2880,0.12606232294617564,0.6206145129657877
databricks,gcp,2025-06-01,89,706,585,2880,0.12606232294617564,0.6206145129657877
databricks,hive,2025-06-01,89,706,359,2880,0.12606232294617564,1.0113077718244732
databricks,java,2025-06-01,286,706,1133,2880,0.40509915014164305,1.0297312907395693
databricks,kafka,2025-06-01,89,706,359,2880,0.12606232294617564,1.0113077718244732
databricks,kubernetes,2025-06-01,89,706,585,2880,0.12606232294617564,0.6206145129657877
databricks,powerbi,2025-06-01,76,706,571,2880,0.10764872521246459,0.5429567926653205
databricks,python,2025-06-01,75,706,555,2880,0.10623229461756374,0.5512594747722227
databricks,scala,2025-06-01,706,706,2322,2880,1.0,1.2403100775193798
databricks,spark,2025-06-01,89,706,499,2880,0.12606232294617564,0.7275741284268253
databricks,sql,2025-06-01,75,706,498,2880,0.10623229461756374,0.6143554387521758
databricks,tableau,2025-06-01,74,706,556,2880,0.1048158640226629,0.5429310942181099
databricks,terraform,2025-06-01,284,706,585,2880,0.40226628895184136,1.9803878840706035
dbt,airflow,2025-06-01,28,447,342,2880,0.06263982102908278,0.5274932297185918
dbt,aws,2025-06-01,83,447,359,2880,0.18568232662192394,1.489596380699557
dbt,azure,2025-06-01,124,447,532,2880,0.27740492170022374,1.5017409295049704
dbt,docker,2025-06-01,152,447,585,2880,0.3400447427293065,1.674066425744278
dbt,gcp,2025-06-01,189,447,585,2880,0.4228187919463087,2.081569437274135
dbt,hive,2025-06-01,32,447,359,2880,0.07158836689038031,0.5743022190648894
dbt,java,2025-06-01,24,447,1133,2880,0.053691275167785234,0.13647914605756528
dbt,kafka,2025-06-01,84,447,359,2880,0.18791946308724833,1.5075433250453347
dbt,kubernetes,2025-06-01,157,447,585,2880,0.3512304250559284,1.72913440027534
dbt,powerbi,2025-06-01,77,447,571,2880,0.17225950782997762,0.868839549124931
dbt,python,2025-06-01,77,447,555,2880,0.17225950782997762,0.8938871757663704
dbt,scala,2025-06-01,447,447,2322,2880,1.0,1.2403100775193798
dbt,snowflake,2025-06-01,447,447,894,2880,1.0,3.221476510067114
dbt,spark,2025-06-01,77,447,499,2880,0.17225950782997762,0.9942031714435583
dbt,sql,2025-06-01,24,447,498,2880,0.053691275167785234,0.31050376000646884
dbt,tableau,2025-06-01,24,447,556,2880,0.053691275167785234,0.27811308000579404
dbt,terraform,2025-06-01,27,447,585,2880,0.06040268456375839,0.2973670624677336
docker,airflow,2025-06-01,52,585,342,2880,0.08888888888888889,0.7485380116959064
docker,aws,2025-06-01,53,585,359,2880,0.0905982905982906,0.7268052281979859
docker,azure,2025-06-01,79,585,532,2880,0.13504273504273503,0.7310584152689416
docker,databricks,2025-06-01,89,585,706,2880,0.15213675213675212,0.6206145129657877
docker,dbt,2025-06-01,152,585,447,2880,0.25982905982905985,1.674066425744278
docker,gcp,2025-06-01,82,585,585,2880,0.14017094017094017,0.6900723208415516
docker,hadoop,2025-06-01,28,585,214,2880,0.04786324786324787,0.6441409058231489
docker,hive,2025-06-01,53,585,359,2880,0.0905982905982906,0.7268052281979859
docker,java,2025-06-01,160,585,1133,2880,0.27350427350427353,0.6952271029940933
docker,kafka,2025-06-01,53,585,359,2880,0.0905982905982906,0.7268052281979859
docker,kubernetes,2025-06-01,82,585,585,2880,0.14017094017094017,0.6900723208415516
docker,powerbi,2025-06-01,81,585,571,2880,0.13846153846153847,0.6983699312946248
docker,python,2025-06-01,80,585,555,2880,0.13675213675213677,0.7096327096327096
docker,scala,2025-06-01,506,585,2322,2880,0.864957264957265,1.072815212350096
docker,snowflake,2025-06-01,341,585,894,2880,0.582905982905983,1.8778179315092067
docker,spark,2025-06-01,76,585,499,2880,0.12991452991452992,0.7498073069215354
docker,sql,2025-06-01,76,585,498,2880,0.12991452991452992,0.7513129440840284
docker,tableau,2025-06-01,80,585,556,2880,0.13675213675213677,0.7083563918096292
docker,terraform,2025-06-01,82,585,585,2880,0.14017094017094017,0.6900723208415516
gcp,airflow,2025-06-01,52,585,342,2880,0.08888888888888889,0.7485380116959064
gcp,aws,2025-06-01,53,585,359,2880,0.0905982905982906,0.7268052281979859
gcp,azure,2025-06-01,79,585,532,2880,0.13504273504273503,0.7310584152689416
gcp,databricks,2025-06-01,89,585,706,2880,0.15213675213675212,0.6206145129657877
gcp,dbt,2025-06-01,189,585,447,2880,0.3230769230769231,2.081569437274135
gcp,docker,2025-06-01,82,585,585,2880,0.14017094017094017,0.6900723208415516
gcp,hadoop,2025-06-01,28,585,214,2880,0.04786324786324787,0.6441409058231489
gcp,hive,2025-06-01,53,585,359,2880,0.0905982905982906,0.7268052281979859
gcp,java,2025-06-01,160,585,1133,2880,0.27350427350427353,0.6952271029940933
gcp,kafka,2025-06-01,53,585,359,2880,0.0905982905982906,0.7268052281979859
gcp,kubernetes,2025-06-01,82,585,585,2880,0.14017094017094017,0.6900723208415516
gcp,powerbi,2025-06-01,81,585,571,2880,0.13846153846153847,0.6983699312946248
gcp,python,2025-06-01,80,585,555,2880,0.13675213675213677,0.7096327096327096
gcp,scala,2025-06-01,506,585,2322,2880,0.864957264957265,1.072815212350096
gcp,snowflake,2025-06-01,341,585,894,2880,0.582905982905983,1.8778179315092067
gcp,spark,2025-06-01,76,585,499,2880,0.12991452991452992,0.7498073069215354
gcp,sql,2025-06-01,76,585,498,2880,0.12991452991452992,0.7513129440840284
gcp,tableau,2025-06-01,80,585,556,2880,0.13675213675213677,0.7083563918096292
gcp,terraform,2025-06-01,82,585,585,2880,0.14017094017094017,0.6900723208415516
hadoop,airflow,2025-06-01,14,214,342,2880,0.06542056074766354,0.5509099852434826
hadoop,aws,2025-06-01,28,214,359,2880,0.1308411214953271,1.0496446515502564
hadoop,azure,2025-06-01,28,214,532,2880,0.1308411214953271,0.7083128381701919
hadoop,docker,2025-06-01,28,214,585,2880,0.1308411214953271,0.6441409058231489
hadoop,gcp,2025-06-01,28,214,585,2880,0.1308411214953271,0.6441409058231489
hadoop,hive,2025-06-01,29,214,359,2880,0.13551401869158877,1.0871319605341943
hadoop,java,2025-06-01,28,214,1133,2880,0.1308411214953271,0.3325881993879453
hadoop,kafka,2025-06-01,29,214,359,2880,0.13551401869158877,1.0871319605341943
hadoop,kubernetes,2025-06-01,28,214,585,2880,0.1308411214953271,0.6441409058231489
hadoop,powerbi,2025-06-01,193,214,571,2880,0.9018691588785047,4.5488321848863285
hadoop,python,2025-06-01,29,214,555,2880,0.13551401869158877,0.7032078807779742
hadoop,scala,2025-06-01,214,214,2322,2880,1.0,1.2403100775193798
hadoop,spark,2025-06-01,14,214,499,2880,0.06542056074766354,0.3775775850766954
hadoop,sql,2025-06-01,19,214,498,2880,0.08878504672897196,0.5134556919265848
hadoop,tableau,2025-06-01,49,214,556,2880,0.22897196261682243,1.1860418207490082
hadoop,terraform,2025-06-01,28,214,585,2880,0.1308411214953271,0.6441409058231489
hive,airflow,2025-06-01,22,359,342,2880,0.06128133704735376,0.5160533646092949
hive,aws,2025-06-01,24,359,359,2880,0.06685236768802229,0.5363086878593432
hive,azure,2025-06-01,49,359,532,2880,0.13649025069637882,0.7388945902360358
hive,databricks,2025-06-01,89,359,706,2880,0.2479108635097493,1.0113077718244732
hive,dbt,2025-06-01,32,359,447,2880,0.08913649025069638,0.5743022190648894
hive,docker,2025-06-01,53,359,585,2880,0.14763231197771587,0.7268052281979859
hive,gcp,2025-06-01,53,359,585,2880,0.14763231197771587,0.7268052281979859
hive,hadoop,2025-06-01,29,359,214,2880,0.0807799442896936,1.0871319605341943
hive,java,2025-06-01,131,359,1133,2880,0.3649025069637883,0.9275544748947134
hive,kafka,2025-06-01,24,359,359,2880,0.06685236768802229,0.5363086878593432
hive,kubernetes,2025-06-01,53,359,585,2880,0.14763231197771587,0.7268052281979859
hive,powerbi,2025-06-01,52,359,571,2880,0.14484679665738162,0.7305757869934484
hive,python,2025-06-01,51,359,555,2880,0.14206128133704735,0.7371828653165701
hive,scala,2025-06-01,280,359,2322,2880,0.7799442896935933,0.9673727624106584
hive,snowflake,2025-06-01,116,359,894,2880,0.3231197771587744,1.040922772055112
hive,spark,2025-06-01,47,359,499,2880,0.1309192200557103,0.7556059193596106
hive,sql,2025-06-01,47,359,498,2880,0.1309192200557103,0.7571232003221801
hive,tableau,2025-06-01,51,359,556,2880,0.14206128133704735,0.7358569968537705
hive,terraform,2025-06-01,53,359,585,2880,0.14763231197771587,0.7268052281979859
java,airflow,2025-06-01,121,1133,342,2880,0.10679611650485436,0.8993357179356157
java,aws,2025-06-01,131,1133,359,2880,0.11562224183583407,0.9275544748947134
java,azure,2025-06-01,157,1133,532,2880,0.13857016769638128,0.7501542912886806
java,databricks,2025-06-01,286,1133,706,2880,0.2524271844660194,1.0297312907395693
java,dbt,2025-06-01,24,1133,447,2880,0.02118270079435128,0.13647914605756528
java,docker,2025-06-01,160,1133,585,2880,0.1412180052956752,0.6952271029940933
java,gcp,2025-06-01,160,1133,585,2880,0.1412180052956752,0.6952271029940933
java,hadoop,2025-06-01,28,1133,214,2880,0.02471315092674316,0.3325881993879453
java,hive,2025-06-01,131,1133,359,2880,0.11562224183583407,0.9275544748947134
java,kafka,2025-06-01,131,1133,359,2880,0.11562224183583407,0.9275544748947134
java,kubernetes,2025-06-01,160,1133,585,2880,0.1412180052956752,0.6952271029940933
java,powerbi,2025-06-01,146,1133,571,2880,0.12886142983230361,0.6499490681559272
java,python,2025-06-01,341,1133,555,2880,0.30097087378640774,1.561794804513251
java,scala,2025-06-01,575,1133,2322,2880,0.5075022065313327,0.6294601011241336
java,snowflake,2025-06-01,101,1133,894,2880,0.08914386584289496,0.2871748698294603
java,spark,2025-06-01,285,1133,499,2880,0.25154457193292146,1.4518003350036348
java,sql,2025-06-01,284,1133,498,2880,0.2506619593998235,1.4496113314688586
java,tableau,2025-06-01,131,1133,556,2880,0.11562224183583407,0.5989065764158311
java,terraform,2025-06-01,160,1133,585,2880,0.1412180052956752,0.6952271029940933
kafka,airflow,2025-06-01,22,359,342,2880,0.06128133704735376,0.5160533646092949
kafka,aws,2025-06-01,24,359,359,2880,0.06685236768802229,0.5363086878593432
kafka,azure,2025-06-01,49,359,532,2880,0.13649025069637882,0.7388945902360358
kafka,databricks,2025-06-01,89,359,706,2880,0.2479108635097493,1.0113077718244732
kafka,dbt,2025-06-01,84,359,447,2880,0.233983286908078,1.5075433250453347
kafka,docker,2025-06-01,53,359,585,2880,0.14763231197771587,0.7268052281979859
kafka,gcp,2025-06-01,53,359,585,2880,0.14763231197771587,0.7268052281979859
kafka,hadoop,2025-06-01,29,359,214,2880,0.0807799442896936,1.0871319605341943
kafka,hive,2025-06-01,24,359,359,2880,0.06685236768802229,0.5363086878593432
kafka,java,2025-06-01,131,359,1133,2880,0.3649025069637883,0.9275544748947134
kafka,kubernetes,2025-06-01,53,359,585,2880,0.14763231197771587,0.7268052281979859
kafka,powerbi,2025-06-01,52,359,571,2880,0.14484679665738162,0.7305757869934484
kafka,python,2025-06-01,51,359,555,2880,0.14206128133704735,0.7371828653165701
kafka,scala,2025-06-01,280,359,2322,2880,0.7799442896935933,0.9673727624106584
kafka,snowflake,2025-06-01,116,359,894,2880,0.3231197771587744,1.040922772055112
kafka,spark,2025-06-01,47,359,499,2880,0.1309192200557103,0.7556059193596106
kafka,sql,2025-06-01,47,359,498,2880,0.1309192200557103,0.7571232003221801
kafka,tableau,2025-06-01,51,359,556,2880,0.14206128133704735,0.7358569968537705
kafka,terraform,2025-06-01,53,359,585,2880,0.14763231197771587,0.7268052281979859
kubernetes,airflow,2025-06-01,52,585,342,2880,0.08888888888888889,0.7485380116959064
kubernetes,aws,2025-06-01,53,585,359,2880,0.0905982905982906,0.7268052281979859
kubernetes,azure,2025-06-01,79,585,532,2880,0.13504273504273503,0.7310584152689416
kubernetes,databricks,2025-06-01,89,585,706,2880,0.15213675213675212,0.6206145129657877
kubernetes,dbt,2025-06-01,157,585,447,2880,0.26837606837606837,1.72913440027534
kubernetes,docker,2025-06-01,82,585,585,2880,0.14017094017094017,0.6900723208415516
kubernetes,gcp,2025-06-01,82,585,585,2880,0.14017094017094017,0.6900723208415516
kubernetes,hadoop,2025-06-01,28,585,214,2880,0.04786324786324787,0.6441409058231489
kubernetes,hive,2025-06-01,53,585,359,2880,0.0905982905982906,0.7268052281979859
kubernetes,java,2025-06-01,160,585,1133,2880,0.27350427350427353,0.6952271029940933
kubernetes,kafka,2025-06-01,53,585,359,2880,0.0905982905982906,0.7268052281979859
kubernetes,powerbi,2025-06-01,81,585,571,2880,0.13846153846153847,0.6983699312946248
kubernetes,python,2025-06-01,80,585,555,2880,0.13675213675213677,0.7096327096327096
kubernetes,scala,2025-06-01,506,585,2322,2880,0.864957264957265,1.072815212350096
kubernetes,snowflake,2025-06-01,272,585,894,2880,0.46495726495726497,1.4978489072448804
kubernetes,spark,2025-06-01,76,585,499,2880,0.12991452991452992,0.7498073069215354
kubernetes,sql,2025-06-01,76,585,498,2880,0.12991452991452992,0.7513129440840284
kubernetes,tableau,2025-06-01,80,585,556,2880,0.13675213675213677,0.7083563918096292
kubernetes,terraform,2025-06-01,82,585,585,2880,0.14017094017094017,0.6900723208415516
powerbi,airflow,2025-06-01,52,571,342,2880,0.09106830122591944,0.7668909576919531
powerbi,aws,2025-06-01,52,571,359,2880,0.09106830122591944,0.7305757869934484
powerbi,azure,2025-06-01,78,571,532,2880,0.13660245183887915,0.7395019949172406
powerbi,databricks,2025-06-01,76,571,706,2880,0.1330998248686515,0.5429567926653205
powerbi,dbt,2025-06-01,77,571,447,2880,0.13485113835376533,0.868839549124931
powerbi,docker,2025-06-01,81,571,585,2880,0.14185639229422067,0.6983699312946248
powerbi,gcp,2025-06-01,81,571,585,2880,0.14185639229422067,0.6983699312946248
powerbi,hadoop,2025-06-01,193,571,214,2880,0.3380035026269702,4.5488321848863285
powerbi,hive,2025-06-01,52,571,359,2880,0.09106830122591944,0.7305757869934484
powerbi,java,2025-06-01,146,571,1133,2880,0.25569176882662,0.6499490681559272
powerbi,kafka,2025-06-01,52,571,359,2880,0.09106830122591944,0.7305757869934484
powerbi,kubernetes,2025-06-01,81,571,585,2880,0.14185639229422067,0.6983699312946248
powerbi,python,2025-06-01,79,571,555,2880,0.138353765323993,0.7179438633028825
powerbi,scala,2025-06-01,505,571,2322,2880,0.8844133099824869,1.0969467410635496
powerbi,snowflake,2025-06-01,101,571,894,2880,0.17688266199649738,0.5698233406598573
powerbi,spark,2025-06-01,76,571,499,2880,0.1330998248686515,0.7681913739914155
powerbi,sql,2025-06-01,61,571,498,2880,0.10683012259194395,0.6178127571582301
powerbi,tableau,2025-06-01,79,571,556,2880,0.138353765323993,0.7166525973616903
powerbi,terraform,2025-06-01,81,571,585,2880,0.14185639229422067,0.6983699312946248
python,airflow,2025-06-01,49,555,342,2880,0.08828828828828829,0.7434803224276908
python,aws,2025-06-01,51,555,359,2880,0.0918918918918919,0.7371828653165701
python,azure,2025-06-01,62,555,532,2880,0.11171171171171171,0.6047551310709205
python,databricks,2025-06-01,75,555,706,2880,0.13513513513513514,0.5512594747722227
python,dbt,2025-06-01,77,555,447,2880,0.13873873873873874,0.8938871757663704
python,docker,2025-06-01,80,555,585,2880,0.14414414414414414,0.7096327096327096
python,gcp,2025-06-01,80,555,585,2880,0.14414414414414414,0.7096327096327096
python,hadoop,2025-06-01,29,555,214,2880,0.05225225225225225,0.7032078807779742
python,hive,2025-06-01,51,555,359,2880,0.0918918918918919,0.7371828653165701
python,java,2025-06-01,341,555,1133,2880,0.6144144144144145,1.561794804513251
python,kafka,2025-06-01,51,555,359,2880,0.0918918918918919,0.7371828653165701
python,kubernetes,2025-06-01,80,555,585,2880,0.14414414414414414,0.7096327096327096
python,powerbi,2025-06-01,79,555,571,2880,0.14234234234234233,0.7179438633028825
python,scala,2025-06-01,294,555,2322,2880,0.5297297297297298,0.6570291221454012
python,snowflake,2025-06-01,101,555,894,2880,0.18198198198198198,0.5862506802104117
python,spark,2025-06-01,60,555,499,2880,0.10810810810810811,0.6239506039105237
python,sql,2025-06-01,75,555,498,2880,0.13513513513513514,0.7815043959622273
python,tableau,2025-06-01,78,555,556,2880,0.14054054054054055,0.7279797783394906
python,terraform,2025-06-01,80,555,585,2880,0.14414414414414414,0.7096327096327096
scala,airflow,2025-06-01,274,2322,342,2880,0.11800172265288544,0.99369871707693
scala,aws,2025-06-01,280,2322,359,2880,0.12058570198105081,0.9673727624106584
scala,azure,2025-06-01,453,2322,532,2880,0.19509043927648578,1.0561286938275922
scala,databricks,2025-06-01,706,2322,706,2880,0.3040482342807924,1.2403100775193798
scala,dbt,2025-06-01,447,2322,447,2880,0.1925064599483204,1.2403100775193798
scala,docker,2025-06-01,506,2322,585,2880,0.21791559000861327,1.072815212350096
scala,gcp,2025-06-01,506,2322,585,2880,0.21791559000861327,1.072815212350096
scala,hadoop,2025-06-01,214,2322,214,2880,0.0921619293712317,1.2403100775193798
scala,hive,2025-06-01,280,2322,359,2880,0.12058570198105081,0.9673727624106584
scala,java,2025-06-01,575,2322,1133,2880,0.24763135228251507,0.6294601011241336
scala,kafka,2025-06-01,280,2322,359,2880,0.12058570198105081,0.9673727624106584
scala,kubernetes,2025-06-01,506,2322,585,2880,0.21791559000861327,1.072815212350096
scala,powerbi,2025-06-01,505,2322,571,2880,0.21748492678725237,1.0969467410635496
scala,python,2025-06-01,294,2322,555,2880,0.12661498708010335,0.6570291221454012
scala,snowflake,2025-06-01,894,2322,894,2880,0.3850129198966408,1.2403100775193798
scala,spark,2025-06-01,291,2322,499,2880,0.12532299741602068,0.7233070792748287
scala,sql,2025-06-01,279,2322,498,2880,0.12015503875968993,0.6948725133090502
scala,tableau,2025-06-01,504,2322,556,2880,0.21705426356589147,1.1243098544420278
scala,terraform,2025-06-01,506,2322,585,2880,0.21791559000861327,1.072815212350096
snowflake,airflow,2025-06-01,109,894,342,2880,0.12192393736017897,1.0267278935594017
snowflake,aws,2025-06-01,115,894,359,2880,0.12863534675615212,1.0319492998822233
snowflake,azure,2025-06-01,288,894,532,2880,0.3221476510067114,1.743957208457385
snowflake,dbt,2025-06-01,447,894,447,2880,0.5,3.221476510067114
snowflake,docker,2025-06-01,341,894,585,2880,0.3814317673378076,1.8778179315092067
snowflake,gcp,2025-06-01,341,894,585,2880,0.3814317673378076,1.8778179315092067
snowflake,hive,2025-06-01,116,894,359,2880,0.1297539149888143,1.040922772055112
snowflake,java,2025-06-01,101,894,1133,2880,0.11297539149888143,0.2871748698294603
snowflake,kafka,2025-06-01,116,894,359,2880,0.1297539149888143,1.040922772055112
snowflake,kubernetes,2025-06-01,272,894,585,2880,0.3042505592841163,1.4978489072448804
snowflake,powerbi,2025-06-01,101,894,571,2880,0.11297539149888143,0.5698233406598573
snowflake,python,2025-06-01,101,894,555,2880,0.11297539149888143,0.5862506802104117
snowflake,scala,2025-06-01,894,894,2322,2880,1.0,1.2403100775193798
snowflake,spark,2025-06-01,101,894,499,2880,0.11297539149888143,0.652042339712983
snowflake,sql,2025-06-01,101,894,498,2880,0.11297539149888143,0.6533516616802781
snowflake,tableau,2025-06-01,101,894,556,2880,0.11297539149888143,0.5851962725121916
snowflake,terraform,2025-06-01,107,894,585,2880,0.11968680089485459,0.5892273274823611
spark,airflow,2025-06-01,35,499,342,2880,0.07014028056112225,0.5906549941989242
spark,aws,2025-06-01,47,499,359,2880,0.09418837675350701,0.7556059193596106
spark,azure,2025-06-01,58,499,532,2880,0.11623246492985972,0.6292283815751805
spark,databricks,2025-06-01,89,499,706,2880,0.17835671342685372,0.7275741284268253
spark,dbt,2025-06-01,77,499,447,2880,0.15430861723446893,0.9942031714435583
spark,docker,2025-06-01,76,499,585,2880,0.1523046092184369,0.7498073069215354
spark,gcp,2025-06-01,76,499,585,2880,0.1523046092184369,0.7498073069215354
spark,hadoop,2025-06-01,14,499,214,2880,0.028056112224448898,0.3775775850766954
spark,hive,2025-06-01,47,499,359,2880,0.09418837675350701,0.7556059193596106
spark,java,2025-06-01,285,499,1133,2880,0.5711422845691383,1.4518003350036348
spark,kafka,2025-06-01,47,499,359,2880,0.09418837675350701,0.7556059193596106
spark,kubernetes,2025-06-01,76,499,585,2880,0.1523046092184369,0.7498073069215354
spark,powerbi,2025-06-01,76,499,571,2880,0.1523046092184369,0.7681913739914155
spark,python,2025-06-01,60,499,555,2880,0.12024048096192384,0.6239506039105237
spark,scala,2025-06-01,291,499,2322,2880,0.5831663326653307,0.7233070792748287
spark,snowflake,2025-06-01,101,499,894,2880,0.20240480961923848,0.652042339712983
spark,sql,2025-06-01,57,499,498,2880,0.11422845691382766,0.6605983050438226
spark,tableau,2025-06-01,61,499,556,2880,0.12224448897795591,0.6332088637707068
spark,terraform,2025-06-01,76,499,585,2880,0.1523046092184369,0.7498073069215354
sql,airflow,2025-06-01,46,498,342,2880,0.09236947791164658,0.777848235045445
sql,aws,2025-06-01,47,498,359,2880,0.09437751004016064,0.7571232003221801
sql,azure,2025-06-01,58,498,532,2880,0.11646586345381527,0.6304918923815563
sql,databricks,2025-06-01,75,498,706,2880,0.15060240963855423,0.6143554387521758
sql,dbt,2025-06-01,24,498,447,2880,0.04819277108433735,0.31050376000646884
sql,docker,2025-06-01,76,498,585,2880,0.15261044176706828,0.7513129440840284
sql,gcp,2025-06-01,76,498,585,2880,0.15261044176706828,0.7513129440840284
sql,hadoop,2025-06-01,19,498,214,2880,0.03815261044176707,0.5134556919265848
sql,hive,2025-06-01,47,498,359,2880,0.09437751004016064,0.7571232003221801
sql,java,2025-06-01,284,498,1133,2880,0.570281124497992,1.4496113314688586
sql,kafka,2025-06-01,47,498,359,2880,0.09437751004016064,0.7571232003221801
sql,kubernetes,2025-06-01,76,498,585,2880,0.15261044176706828,0.7513129440840284
sql,powerbi,2025-06-01,61,498,571,2880,0.12248995983935743,0.6178127571582301
sql,python,2025-06-01,75,498,555,2880,0.15060240963855423,0.7815043959622273
sql,scala,2025-06-01,279,498,2322,2880,0.5602409638554217,0.6948725133090502
sql,snowflake,2025-06-01,101,498,894,2880,0.20281124497991967,0.6533516616802781
sql,spark,2025-06-01,57,498,499,2880,0.1144578313253012,0.6605983050438226
sql,tableau,2025-06-01,60,498,556,2880,0.12048192771084337,0.6240790500130017
sql,terraform,2025-06-01,76,498,585,2880,0.15261044176706828,0.7513129440840284
tableau,airflow,2025-06-01,51,556,342,2880,0.09172661870503597,0.7724346838318819
tableau,aws,2025-06-01,51,556,359,2880,0.09172661870503597,0.7358569968537705
tableau,azure,2025-06-01,77,556,532,2880,0.13848920863309352,0.7497160166603559
tableau,databricks,2025-06-01,74,556,706,2880,0.13309352517985612,0.5429310942181099
tableau,dbt,2025-06-01,24,556,447,2880,0.04316546762589928,0.27811308000579404
tableau,docker,2025-06-01,80,556,585,2880,0.14388489208633093,0.7083563918096292
tableau,gcp,2025-06-01,80,556,585,2880,0.14388489208633093,0.7083563918096292
tableau,hadoop,2025-06-01,49,556,214,2880,0.08812949640287769,1.1860418207490082
tableau,hive,2025-06-01,51,556,359,2880,0.09172661870503597,0.7358569968537705
tableau,java,2025-06-01,131,556,1133,2880,0.2356115107913669,0.5989065764158311
tableau,kafka,2025-06-01,51,556,359,2880,0.09172661870503597,0.7358569968537705
tableau,kubernetes,2025-06-01,80,556,585,2880,0.14388489208633093,0.7083563918096292
tableau,powerbi,2025-06-01,79,556,571,2880,0.1420863309352518,0.7166525973616903
tableau,python,2025-06-01,78,556,555,2880,0.14028776978417265,0.7279797783394906
tableau,scala,2025-06-01,504,556,2322,2880,0.9064748201438849,1.1243098544420278
tableau,snowflake,2025-06-01,101,556,894,2880,0.18165467625899281,0.5851962725121916
tableau,spark,2025-06-01,61,556,499,2880,0.10971223021582734,0.6332088637707068
tableau,sql,2025-06-01,60,556,498,2880,0.1079136690647482,0.6240790500130017
tableau,terraform,2025-06-01,80,556,585,2880,0.14388489208633093,0.7083563918096292
terraform,airflow,2025-06-01,52,585,342,2880,0.08888888888888889,0.7485380116959064
terraform,aws,2025-06-01,53,585,359,2880,0.0905982905982906,0.7268052281979859
terraform,azure,2025-06-01,79,585,532,2880,0.13504273504273503,0.7310584152689416
terraform,databricks,2025-06-01,284,585,706,2880,0.48547008547008547,1.9803878840706035
terraform,dbt,2025-06-01,27,585,447,2880,0.046153846153846156,0.2973670624677336
terraform,docker,2025-06-01,82,585,585,2880,0.14017094017094017,0.6900723208415516
terraform,gcp,2025-06-01,82,585,585,2880,0.14017094017094017,0.6900723208415516
terraform,hadoop,2025-06-01,28,585,214,2880,0.04786324786324787,0.6441409058231489
terraform,hive,2025-06-01,53,585,359,2880,0.0905982905982906,0.7268052281979859
terraform,java,2025-06-01,160,585,1133,2880,0.27350427350427353,0.6952271029940933
terraform,kafka,2025-06-01,53,585,359,2880,0.0905982905982906,0.7268052281979859
terraform,kubernetes,2025-06-01,82,585,585,2880,0.14017094017094017,0.6900723208415516
terraform,powerbi,2025-06-01,81,585,571,2880,0.13846153846153847,0.6983699312946248
terraform,python,2025-06-01,80,585,555,2880,0.13675213675213677,0.7096327096327096
terraform,scala,2025-06-01,506,585,2322,2880,0.864957264957265,1.072815212350096
terraform,snowflake,2025-06-01,107,585,894,2880,0.1829059829059829,0.5892273274823611
terraform,spark,2025-06-01,76,585,499,2880,0.12991452991452992,0.7498073069215354
terraform,sql,2025-06-01,76,585,498,2880,0.12991452991452992,0.7513129440840284
terraform,tableau,2025-06-01,80,585,556,2880,0.13675213675213677,0.7083563918096292
